object_id,ra,dec,flux_HST_F435W,flux_HST_F606W,flux_HST_F814W,flux_HST_F125W,flux_HST_F160W,flux_Spitzer_I1_3.6,flux_Spitzer_I2_4.5,flux_Spitzer_M1_24,flux_Spitzer_M2_70,flux_DES_g,flux_DES_r,flux_DES_i,flux_DES_z,flux_DES_Y
16d23m44pt22264049s-24d38m43pt58535203s,16.39561740013605,-24.64544037556473,-999.0,,-999.0,-999.0,-999.0,0.11546588866041389,0.16118918133123902,-999.0,-999.0,-999.0,-999.0,-999.0,-999.0,-999.0
16d22m38pt21034632s-24d38m27pt78536621s,16.37728065175652,-24.64105149061377,-999.0,,-999.0,-999.0,-999.0,0.13119803923076867,-0.03033617977040001,-999.0,-999.0,-999.0,-999.0,-999.0,-999.0,-999.0
16d23m19pt35750823s-24d38m39pt98629732s,16.388710418951817,-24.644440638143095,-999.0,,-999.0,-999.0,-999.0,5.151131548645184,5.5655260416265655,-999.0,-999.0,-999.0,-999.0,-999.0,-999.0,-999.0
16d23m11pt21592155s-24d39m07pt58635986s,16.386448867097652,-24.65210732218444,-999.0,,-999.0,-999.0,-999.0,2.4391569594899307,2.1272915402048347,-999.0,-999.0,-999.0,-999.0,-999.0,-999.0,-999.0
16d23m34pt54069919s-24d38m44pt18585516s,16.39292797199671,-24.645607181989103,-999.0,,-999.0,-999.0,-999.0,0.1990390808822903,0.19645561049093824,-999.0,-999.0,-999.0,-999.0,-999.0,-999.0,-999.0
16d23m25pt29930915s-24d39m00pt18617469s,16.39036091920871,-24.65005171519112,-999.0,,-999.0,-999.0,-999.0,0.558267557327891,0.712271113794076,-999.0,-999.0,-999.0,-999.0,-999.0,-999.0,-999.0
16d22m51pt19268571s-24d38m24pt38599595s,16.380886857140663,-24.640107221096084,-999.0,,-999.0,-999.0,-999.0,1.723920120838622,1.2337276001019553,-999.0,-999.0,-999.0,-999.0,-999.0,-999.0,-999.0
16d23m41pt80164201s-24d38m36pt18549406s,16.39494490055822,-24.64338485946044,-999.0,,-999.0,-999.0,-999.0,0.9797567426508822,1.2516230116412654,-999.0,-999.0,-999.0,-999.0,-999.0,-999.0,-999.0
16d23m22pt87887854s-24d39m05pt98623242s,16.389688577373406,-24.651662842339334,-999.0,,-999.0,-999.0,-999.0,-0.08183519278839543,0.2002221571539002,-999.0,-999.0,-999.0,-999.0,-999.0,-999.0,-999.0
16d23m13pt19641962s-24d39m05pt18635586s,16.38699900544912,-24.65144065440608,-999.0,,-999.0,-999.0,-999.0,0.08704611904348102,0.23803515847816753,-999.0,-999.0,-999.0,-999.0,-999.0,-999.0,-999.0
16d23m11pt43597948s-24d39m09pt38635975s,16.386509994298763,-24.65260732215406,-999.0,27.59542258626529,-999.0,-999.0,-999.0,2.8872768330747656,2.4270945870073684,-999.0,-999.0,-999.0,-999.0,-999.0,-999.0,-999.0
16d23m07pt47497254s-24d39m05pt98634781s,16.385409714594214,-24.65166287439066,-999.0,,-999.0,-999.0,-999.0,-0.06255171240812524,-0.01186244788730405,-999.0,-999.0,-999.0,-999.0,-999.0,-999.0,-999.0
16d23m11pt21592114s-24d39m05pt98635988s,16.38644886698423,-24.65166287774384,-999.0,,-999.0,-999.0,-999.0,0.9764930722511604,0.796118964942911,-999.0,-999.0,-999.0,-999.0,-999.0,-999.0,-999.0
16d22m47pt01172308s-24d38m29pt78582689s,16.379725478634004,-24.641607174134943,-999.0,,-999.0,-999.0,-999.0,0.7717133193128594,0.599952285088957,-999.0,-999.0,-999.0,-999.0,-999.0,-999.0,-999.0
22d58m24pt2009025s-13d37m11pt13269827s,22.97338913958469,-13.619759082851653,3.5370769391463837,2.0864357974940826,2.55509705286774,-999.0,-999.0,0.18423134994180518,0.4076727889370009,-999.0,-999.0,-999.0,-999.0,-999.0,-999.0,-999.0
22d58m00pt12367413s-13d36m18pt73309771s,22.966701020591856,-13.605203638253256,0.6137623500781482,-0.5432228975480511,-0.4884748902116757,-999.0,-999.0,-0.1682594738134315,-0.4233291991935161,-999.0,-999.0,-999.0,-999.0,-999.0,-999.0,-999.0
22d58m06pt50286053s-13d36m36pt13305433s,22.968473016813828,-13.61003695953594,10.883465580627279,39.14003152070735,72.97721679641893,-999.0,-999.0,8.51862283589169,9.283270583724152,-999.0,-999.0,-999.0,-999.0,-999.0,-999.0,-999.0
0d47m35pt7414972s-6d05m45pt46070142s,0.7932615269987924,-6.0959613059510875,-999.0,-1.0651747193455838,-1.6426623667041345,-999.0,-999.0,0.2537239654712248,0.11435331886498258,-999.0,-999.0,-999.0,-999.0,-999.0,-999.0,-999.0
0d47m48pt01092374s-6d05m28pt46077468s,0.796669701037554,-6.091239104079102,-999.0,5.7488815637447885,13.859048354164466,-999.0,-999.0,2.327996599056209,2.684543431007448,-999.0,-999.0,-999.0,-999.0,-999.0,-999.0,-999.0
0d48m10pt33722465s-6d05m57pt46071002s,0.8028714512914789,-6.099294641672274,-999.0,14.506761801661057,30.993382221917134,-999.0,-999.0,3.7804706968118906,3.2494612448981726,-999.0,-999.0,-999.0,-999.0,-999.0,-999.0,-999.0
10d32m29pt62604642s-28d32m14pt41093398s,10.541562790672964,-28.537336370549756,-999.0,-999.0,-999.0,-999.0,-999.0,-999.0,-999.0,-999.0,-999.0,-999.0,-999.0,-999.0,-999.0,-999.0
10d51m12pt20802915s-20d36m51pt92323091s,10.853391119208055,-20.6144231196972,45.45619821249287,239.82483221602914,626.0782920777139,,,27.274480565176024,19.279999496158943,-999.0,-999.0,-999.0,-999.0,-999.0,-999.0,-999.0
36d28m16pt31991583s-41d54m50pt94375995s,36.47119997661891,-41.91415104443093,-999.0,-999.0,-999.0,-999.0,-999.0,28.08744768913004,27.76267387146831,-999.0,-999.0,-999.0,-999.0,-999.0,-999.0,-999.0
2d56m01pt6186889s-15d22m59pt00637594s,2.93378296913935,-15.38305732664892,-999.0,3.240984554398471,8.398307755211956,-999.0,-999.0,0.5993818643012104,0.5338935438874006,-999.0,-999.0,-999.0,-999.0,-999.0,-999.0,-999.0
2d55m43pt77956828s-15d22m53pt40661766s,2.9288276578549586,-15.381501838238446,-999.0,3.850793627800186,5.296199658617763,-999.0,-999.0,0.2640578596645484,-0.015234191247137596,-999.0,-999.0,-999.0,-999.0,-999.0,-999.0,-999.0
4d45m34pt18986889s-40d51m43pt60755318s,4.759497185801797,-40.86211320921588,-999.0,9.767490200154079,-999.0,-999.0,-999.0,1.8354505057044161,1.6318853046432884,-999.0,-999.0,-999.0,-999.0,-999.0,-999.0,-999.0
4d45m39pt2142948s-40d51m33pt60754707s,4.760892859665771,-40.85933542974102,-999.0,2.142981647503442,-999.0,-999.0,-999.0,-0.21871497488491032,-0.11939747422343044,-999.0,-999.0,-999.0,-999.0,-999.0,-999.0,-999.0
4d45m51pt11481506s-40d51m45pt80729101s,4.764198559739286,-40.862724247501895,-999.0,8.80199498275616,-999.0,-999.0,-999.0,0.9698107647052707,1.0424928674467207,-999.0,-999.0,-999.0,-999.0,-999.0,-999.0,-999.0
4d45m49pt52797661s-40d51m43pt60734478s,4.763757771280492,-40.86211315132832,-999.0,11.493668405495283,-999.0,-999.0,-999.0,1.3833382134776995,1.3366327381343261,-999.0,-999.0,-999.0,-999.0,-999.0,-999.0,-999.0
6d51m29pt34954568s26d06m43pt24716465s,6.8581526515791404,26.11201310129174,-999.0,,-999.0,-999.0,-999.0,0.3390633513211569,0.11064770539714903,-999.0,-999.0,-999.0,-999.0,-999.0,-999.0,-999.0
6d51m53pt18242635s26d07m25pt44751243s,6.864772896208636,26.12373542011841,-999.0,,-999.0,-999.0,-999.0,0.06482846011135465,-0.18441179757560874,-999.0,-999.0,-999.0,-999.0,-999.0,-999.0,-999.0
6d55m59pt84380653s26d16m16pt59913458s,6.933289946256946,26.271277537384236,-999.0,-1.5750909652450782,-999.0,-999.0,-999.0,-0.6169068973023732,-1.0735432039999473,-999.0,-999.0,-999.0,-999.0,-999.0,-999.0,-999.0
6d56m17pt01762799s26d16m09pt99921007s,6.938060452220176,26.26944422501862,-999.0,2.10710255008165,-999.0,-999.0,-999.0,0.5876018291771331,0.5002071076262474,-999.0,-999.0,-999.0,-999.0,-999.0,-999.0,-999.0
7d01m34pt1974354s-75d38m08pt43216435s,7.026165954278846,-75.63567560120777,-999.0,97.62864298165033,202.74341778949946,-999.0,-999.0,44.553448372085384,49.61962692497639,-999.0,-999.0,-999.0,-999.0,-999.0,-999.0,-999.0
8d02m47pt09655564s18d08m51pt60579824s,8.046415709899861,18.147668277288183,-0.05080368520626238,-0.2898741377473216,-0.6451248442355989,-999.0,-999.0,0.11146303072194634,0.4514367830643072,-999.0,-999.0,-999.0,-999.0,-999.0,-999.0,-999.0
8d02m35pt52050175s18d08m58pt20551832s,8.043200139374601,18.149501532867337,-0.04226912124272179,-0.18222672460675962,-0.37110687733373166,-999.0,-999.0,-0.377827031637635,-0.10931515255361153,-999.0,-999.0,-999.0,-999.0,-999.0,-999.0,-999.0
8d03m05pt19704876s18d09m02pt80585028s,8.051443624655189,18.15077940285534,2.601674887552641,6.937542218026473,13.712027070068517,-999.0,-999.0,1.8756326714565712,2.3685404728451136,-999.0,-999.0,-999.0,-999.0,-999.0,-999.0,-999.0
8d28m12pt32957902s-7d52m32pt20133609s,8.47009154972909,-7.875611482247887,-999.0,-999.0,-0.242477956956782,-999.0,-999.0,-0.27698999296565435,26.247518033809722,-999.0,-999.0,-999.0,-999.0,-999.0,-999.0,-999.0
8d27m50pt12046461s-7d52m03pt00122377s,8.46392235128097,-7.867500339937108,-999.0,-999.0,2.054680840948238,-999.0,-999.0,0.7790798723762811,0.2172857887159369,-999.0,-999.0,-999.0,-999.0,-999.0,-999.0,-999.0
8d28m41pt604992s-7d51m59pt20098902s,8.478223608888783,-7.866444719172139,-999.0,-999.0,7.237572501200556,-999.0,-999.0,6.310413374556658,1.7248483319242696,-999.0,-999.0,-999.0,-999.0,-999.0,-999.0,-999.0
8d28m23pt63602941s-7d52m12pt40126884s,8.47323223039076,-7.870111463567701,-999.0,-999.0,8.475534896902497,-999.0,-999.0,1.8396010421870232,0.741371511272698,-999.0,-999.0,-999.0,-999.0,-999.0,-999.0,-999.0
8d37m19pt76273492s2d25m00pt32498946s,8.622156315256571,2.416756941516139,-999.0,,1.2818102299428664,-999.0,-999.0,6.521746274510589,1.1084141102698115,-999.0,-999.0,-999.0,-999.0,-999.0,-999.0,-999.0
8d36m52pt73873908s2d25m14pt32514144s,8.614649649744297,2.4206458726225755,-999.0,,-2.144358494019431,-999.0,-999.0,0.19586673490691853,-0.4420962340466936,-999.0,-999.0,-999.0,-999.0,-999.0,-999.0,-999.0
8d36m53pt7396396s2d25m16pt72513846s,8.614927677665994,2.4213125384601866,-999.0,,18.869992070477736,-999.0,-999.0,2.246312960538733,1.7464830441164125,-999.0,-999.0,-999.0,-999.0,-999.0,-999.0,-999.0
8d37m24pt36688605s2d25m06pt32494849s,8.62343524612455,2.4184235968031413,-999.0,,7.161496563275118,-999.0,-999.0,0.7503755132321985,0.8249589564647531,-999.0,-999.0,-999.0,-999.0,-999.0,-999.0,-999.0
8d37m10pt15434495s2d25m24pt52506028s,8.619487318043038,2.423479183410281,-999.0,,19.00000191861214,-999.0,-999.0,3.074909437277824,2.7188573307798345,-999.0,-999.0,-999.0,-999.0,-999.0,-999.0,-999.0
8d44m29pt97104791s2d34m00pt39179231s,8.741658624419124,2.5667754978644983,-999.0,5.157573913885725,,-999.0,-999.0,1.4286782368638637,1.3426282521881199,-999.0,-999.0,-999.0,-999.0,-999.0,-999.0,-999.0
8d44m08pt54961201s2d33m49pt19173596s,8.735708225557154,2.563664371100013,-999.0,2.0475039980792875,,-999.0,-999.0,1.3830537724325662,1.1096034137567574,-999.0,-999.0,-999.0,-999.0,-999.0,-999.0,-999.0
8d43m55pt93713655s2d33m29pt99165659s,8.732204760152287,2.5583310157194243,-999.0,8.552034658925919,,-999.0,-999.0,0.6375998349133798,10.126377161790723,-999.0,-999.0,-999.0,-999.0,-999.0,-999.0,-999.0
8d43m58pt33951374s2d33m32pt39167439s,8.73287208715128,2.5589976873294926,-999.0,7.8900997797384695,,-999.0,-999.0,0.7473104902080953,0.2748605589753753,-999.0,-999.0,-999.0,-999.0,-999.0,-999.0,-999.0
12d54m12pt50705881s27d19m41pt07114923s,12.903474183002112,27.32807531923052,-999.0,-999.0,-999.0,-999.0,-999.0,-0.6723794205417045,,-999.0,-999.0,-999.0,-999.0,-999.0,-999.0,-999.0
12d54m57pt08270016s27d19m55pt67132128s,12.915856305599698,27.33213092257833,-999.0,-999.0,-999.0,-999.0,-999.0,0.5603054218280332,,-999.0,-999.0,-999.0,-999.0,-999.0,-999.0,-999.0
12d54m34pt1191408s27d19m39pt47172348s,12.9094775391105,27.32763103430021,-999.0,-999.0,-999.0,-999.0,-999.0,0.4414940569463642,,-999.0,-999.0,-999.0,-999.0,-999.0,-999.0,-999.0
17d52m26pt11573256s8d55m40pt5527223s,17.873921036823326,8.927931311749049,-999.0,-999.0,-999.0,-999.0,-999.0,-0.21952470605463925,2.6617127256485853,-999.0,-999.0,-999.0,-999.0,-999.0,-999.0,-999.0
17d53m07pt61874487s8d56m05pt75307645s,17.885449651352566,8.934931410123806,-999.0,-999.0,-999.0,-999.0,-999.0,0.5594248643065918,0.45425469880332237,-999.0,-999.0,-999.0,-999.0,-999.0,-999.0,-999.0
24d30m55pt80557939s-21d55m31pt49246619s,24.51550154983111,-21.925414573940937,-999.0,-999.0,-999.0,-999.0,-999.0,40.563483739703294,37.76362248291358,-999.0,-999.0,-999.0,-999.0,-999.0,-999.0,-999.0
24d30m59pt90139654s-21d55m09pt49240601s,24.51663927681674,-21.919303446115237,-999.0,-999.0,-999.0,-999.0,-999.0,0.5370967495621941,1.0121220165984008,-999.0,-999.0,-999.0,-999.0,-999.0,-999.0,-999.0
24d31m02pt27310359s-21d55m20pt2923582s,24.51729808432936,-21.922303432833232,-999.0,-999.0,-999.0,-999.0,-999.0,2.116234669764493,2.8484618232357373,-999.0,-999.0,-999.0,-999.0,-999.0,-999.0,-999.0
24d30m35pt75502313s-21d55m44pt49235452s,24.50993195086999,-21.929025654033342,-999.0,-999.0,-999.0,-999.0,-999.0,12.697534146792188,14.372655803433675,-999.0,-999.0,-999.0,-999.0,-999.0,-999.0,-999.0
24d30m37pt04859018s-21d55m45pt69238209s,24.51029127504925,-21.929358995024447,-999.0,-999.0,-999.0,-999.0,-999.0,8.652275702812762,8.205570685157282,-999.0,-999.0,-999.0,-999.0,-999.0,-999.0,-999.0
24d30m57pt53061573s-21d55m48pt89244417s,24.5159807265927,-21.93024790115726,-999.0,-999.0,-999.0,-999.0,-999.0,72.43022985309364,97.36267337130141,-999.0,-999.0,-999.0,-999.0,-999.0,-999.0,-999.0
24d31m00pt33295145s-21d55m27pt09239796s,24.51675915317996,-21.924192332766825,-999.0,-999.0,-999.0,-999.0,-999.0,9.127672554371673,8.96522913953871,-999.0,-999.0,-999.0,-999.0,-999.0,-999.0,-999.0
24d30m58pt17739765s-21d55m47pt69243466s,24.516160388235388,-21.929914565184216,-999.0,-999.0,-999.0,-999.0,-999.0,49.57789896331026,78.11942580807627,-999.0,-999.0,-999.0,-999.0,-999.0,-999.0,-999.0
24d30m53pt43392294s-21d55m16pt69248821s,24.514842756371863,-21.92130346894596,-999.0,-999.0,-999.0,-999.0,-999.0,-0.8732878950930655,-1.0120217659668571,-999.0,-999.0,-999.0,-999.0,-999.0,-999.0,-999.0
25d00m17pt15509315s-5d55m07pt39686965s,25.004765303652032,-5.918721352679324,-999.0,10.592390054941841,18.767926492294105,-999.0,-999.0,2.1233023152040915,1.9458224669137745,-999.0,-999.0,-999.0,-999.0,-999.0,-999.0,-999.0
25d01m39pt35696146s-34d10m31pt20016587s,25.02759915596234,-34.175333379408116,-999.0,-0.23799891494535885,-999.0,-999.0,-999.0,-999.0,-999.0,-999.0,-999.0,-999.0,-999.0,-999.0,-999.0,-999.0
25d01m36pt45600265s-34d10m26pt6001902s,25.026793334068856,-34.17405560838989,-999.0,-0.19139864810240842,-999.0,-999.0,-999.0,-999.0,-999.0,-999.0,-999.0,-999.0,-999.0,-999.0,-999.0,-999.0
28d07m52pt64210062s-28d53m03pt97154321s,28.13128947239406,-28.884436539781305,-999.0,-0.05593539733946411,-0.007010139748353109,-999.0,-999.0,,,-999.0,-999.0,-999.0,-999.0,-999.0,-999.0,-999.0
28d07m06pt27061441s-28d53m28pt16925471s,28.11840850400225,-28.891158126309534,-999.0,1.5142566422192358,2.4298381413463317,-999.0,-999.0,,,-999.0,-999.0,-999.0,-999.0,-999.0,-999.0,-999.0
28d07m28pt65921543s-28d52m52pt17091043s,28.124627559841763,-28.881158586229237,-999.0,0.06560411203800096,0.2912112022488175,-999.0,-999.0,,,-999.0,-999.0,-999.0,-999.0,-999.0,-999.0,-999.0
29d46m00pt19654s-34d13m31pt49453773s,29.76672126111145,-34.225415149368395,-999.0,-999.0,-999.0,-999.0,-999.0,0.2995381730634301,0.31688981647153197,-999.0,-999.0,-999.0,-999.0,-999.0,-999.0,-999.0
34d19m31pt98968793s-52d45m42pt50028208s,34.32555269109046,-52.761805633911635,-999.0,-999.0,-999.0,-999.0,-999.0,2.1207227785355185,1.8304758941728076,-999.0,-999.0,-999.0,-999.0,-999.0,-999.0,-999.0
34d18m39pt1087464s-52d45m32pt50304245s,34.310863540665665,-52.75902862290355,-999.0,-999.0,-999.0,-999.0,-999.0,2.0508581232971372,1.9311601185927902,-999.0,-999.0,-999.0,-999.0,-999.0,-999.0,-999.0
34d18m15pt97052766s-52d45m56pt5021961s,34.3044362576841,-52.76569505447286,-999.0,-999.0,-999.0,-999.0,-999.0,9.67869073858342,10.98408194939619,-999.0,-999.0,-999.0,-999.0,-999.0,-999.0,-999.0
34d34m55pt73093721s-31d41m56pt42873486s,34.58214748255707,-31.699007981905503,-999.0,-999.0,-999.0,-999.0,-999.0,2.1704137891614885,0.1289977728008435,-999.0,-999.0,-999.0,-999.0,-999.0,-999.0,-999.0
34d34m31pt75522611s-31d41m36pt42835792s,34.57548756280794,-31.69345232164579,-999.0,-999.0,-999.0,-999.0,-999.0,8.567318551097975,4.480656419711908,-999.0,-999.0,-999.0,-999.0,-999.0,-999.0,-999.0
34d34m43pt74198831s-31d42m20pt22870196s,34.578817218975026,-31.705619083879014,-999.0,-999.0,-999.0,-999.0,-999.0,0.24924254616673994,-0.15109065487562653,-999.0,-999.0,-999.0,-999.0,-999.0,-999.0,-999.0
38d04m43pt56908128s-44d20m30pt25594442s,38.07876918924535,-44.34173776233986,0.7778011353008838,2.5722433123508766,6.211880841020574,7.388719426682122,9.511899382216265,4.8617798384740345,0.23235813236364194,-999.0,-999.0,-999.0,-999.0,-999.0,-999.0,-999.0
38d04m51pt11588217s-44d21m05pt45641969s,38.08086552282515,-44.35151567213619,0.29915091949900224,0.06071874298623967,-0.4211851226496165,-2.1327012615341685,-0.06805544655957552,0.1592218035932458,-0.09268503635226354,-999.0,-999.0,-999.0,-999.0,-999.0,-999.0,-999.0
38d04m52pt23490236s-44d21m03pt05647846s,38.08117636176589,-44.350849021793245,0.1430798199872082,-0.010681172834895666,-0.4322406100986502,-0.8493196273005267,-0.817952888215359,0.10227727942060409,0.11643598671143122,-999.0,-999.0,-999.0,-999.0,-999.0,-999.0,-999.0
38d04m38pt81394627s-44d20m37pt055574s,38.077448318407335,-44.34362654833203,0.0927231538410339,0.06920204991282247,-0.20928131711638848,0.07825953785962347,2.145178491423433,0.20995365073692632,0.208863851970229,-999.0,-999.0,-999.0,-999.0,-999.0,-999.0,-999.0
38d04m57pt55184527s-44d20m25pt65671619s,38.08265329035348,-44.34046019894167,7.367540168817586,14.119956965625683,19.831070844650167,23.902096406358826,27.86970215932162,1.1214950359068043,1.2763947892890732,-999.0,-999.0,-999.0,-999.0,-999.0,-999.0,-999.0
38d04m12pt5165831s-44d21m10pt25253581s,38.07014349530422,-44.35284792661314,1.7336036660304723,2.976528569181042,3.5322565947863267,2.8691878489016465,3.4808879524632954,0.14846846228881797,0.3183128686473187,-999.0,-999.0,-999.0,-999.0,-999.0,-999.0,-999.0
38d04m36pt85454668s-44d20m47pt45540542s,38.076904040744495,-44.34651539039307,14.388633323664527,84.42889154218284,197.22404620286835,412.1225237459575,528.3134740511958,30.356899299302675,27.524599796118974,-999.0,-999.0,-999.0,-999.0,-999.0,-999.0,-999.0
4d46m56pt37672986s-20d26m43pt35221169s,4.782326869404984,-20.44537561435892,-999.0,-1.305967615038237,-2.5942271846329734,-999.0,-999.0,-1.7577389435969126,-2.697551289730326,-999.0,-999.0,-999.0,-999.0,-999.0,-999.0,-999.0
4d47m15pt15971359s-20d26m34pt5520152s,4.787544364885602,-20.442931115334577,-999.0,-0.6006986781373285,-0.16103357393599932,-999.0,-999.0,0.38083725997990664,-0.9741014236180012,-999.0,-999.0,-999.0,-999.0,-999.0,-999.0,-999.0
4d46m59pt15152699s-20d26m28pt35221793s,4.78309764638728,-20.441208949424723,-999.0,80.28723989271671,187.76467150931927,-999.0,-999.0,30.57428148808793,28.23573889590311,-999.0,-999.0,-999.0,-999.0,-999.0,-999.0,-999.0
224d52m11pt15052862s-18d11m12pt00763245s,224.8697640357269,-18.18666878679031,-999.0,-999.0,0.8788308215936951,-999.0,-999.0,0.926396390728148,0.6765528623507819,-999.0,-999.0,-999.0,-999.0,-999.0,-999.0,-999.0
224d52m15pt36113317s-18d10m25pt20766811s,224.8709336481024,-18.173668796698543,-999.0,-999.0,-0.16380880904062256,-999.0,-999.0,-0.08580070511281024,-0.24148649793304863,-999.0,-999.0,-999.0,-999.0,-999.0,-999.0,-999.0
224d52m14pt93999625s-18d10m45pt80766572s,224.870816665625,-18.1793910182554,-999.0,-999.0,99.78369330994803,-999.0,-999.0,17.529453567094944,12.900885784612733,-999.0,-999.0,-999.0,-999.0,-999.0,-999.0,-999.0
224d52m16pt41356234s-18d10m42pt80767292s,224.87122598953792,-18.178557686921437,-999.0,-999.0,99.78659617599874,-999.0,-999.0,17.313902497861765,17.274704340368167,-999.0,-999.0,-999.0,-999.0,-999.0,-999.0,-999.0
224d52m28pt20175298s-18d10m30pt40761811s,224.8745004869401,-18.17511322725368,-999.0,-999.0,9.914112585895316,-999.0,-999.0,0.6877922247964696,0.37323550397106486,-999.0,-999.0,-999.0,-999.0,-999.0,-999.0,-999.0
57d56m48pt79154107s-73d58m48pt60684687s,57.94688653918589,-73.98016856857441,-999.0,-999.0,-999.0,-999.0,-999.0,-0.11674290242558281,-0.1528478391083034,-999.0,-999.0,-999.0,-999.0,-999.0,-999.0,-999.0
57d57m19pt18502289s-73d58m03pt20516538s,57.955329173023635,-73.96755699038196,-999.0,-999.0,-999.0,-999.0,-999.0,-0.11832552318604911,-10.912311739993058,-999.0,-999.0,-999.0,-999.0,-999.0,-999.0,-999.0
57d56m58pt90723155s-73d58m01pt20641911s,57.949696453207565,-73.96700178308524,-999.0,-999.0,-999.0,-999.0,-999.0,-1.6309010469302607,-8.042879868269507,-999.0,-999.0,-999.0,-999.0,-999.0,-999.0,-999.0
57d56m53pt83982568s-73d58m04pt00664979s,57.94828884046664,-73.96777962494207,-999.0,-999.0,-999.0,-999.0,-999.0,-3.2659988726464806,32.78961233978534,-999.0,-999.0,-999.0,-999.0,-999.0,-999.0,-999.0
77d34m26pt41964476s-45d19m21pt89816852s,77.574005456878,-45.32274949125679,-999.0,36.295224613660295,63.36271735286758,-999.0,-999.0,8.118480212270002,8.500942166859852,-999.0,-999.0,-999.0,-999.0,-999.0,-999.0,-999.0
77d33m52pt28579072s-45d19m21pt29705831s,77.56452383075523,-45.32258251619784,-999.0,5.823955004469422,12.16023247239672,-999.0,-999.0,3.019466919059135,3.3801973890633152,-999.0,-999.0,-999.0,-999.0,-999.0,-999.0,-999.0
77d34m16pt46489436s-45d18m50pt09813663s,77.57124024843284,-45.313916149064454,-999.0,5.00756292847872,9.147816165462624,-999.0,-999.0,1.5245864394979638,1.604268871364142,-999.0,-999.0,-999.0,-999.0,-999.0,-999.0,-999.0
86d54m02pt06828667s-31d52m21pt54405832s,86.90057452407386,-31.8726511273119,-999.0,3.0888556724732426,-999.0,-999.0,-999.0,0.13029684817504958,-17.763845249009588,-999.0,-999.0,-999.0,-999.0,-999.0,-999.0,-999.0
91d28m01pt55559375s-35d18m25pt74619137s,91.46709877604256,-35.30715171982486,-999.0,-999.0,-999.0,-999.0,-999.0,0.3806079050789781,-0.1721750533706912,-999.0,-999.0,-999.0,-999.0,-999.0,-999.0,-999.0
91d28m58pt16999931s-35d17m42pt95100288s,91.4828249998071,-35.29526416746644,-999.0,-999.0,-999.0,-999.0,-999.0,0.1661447563646531,0.1894298778601068,-999.0,-999.0,-999.0,-999.0,-999.0,-999.0,-999.0
91d28m53pt02331169s-35d17m59pt55086774s,91.48139536435896,-35.299875241038585,-999.0,-999.0,-999.0,-999.0,-999.0,-0.09287287724519444,-0.30860410099624563,-999.0,-999.0,-999.0,-999.0,-999.0,-999.0,-999.0
91d28m44pt69130426s-35d18m00pt75052166s,91.47908091784922,-35.30020847823766,-999.0,-999.0,-999.0,-999.0,-999.0,5.769966595723507,4.637609347674549,-999.0,-999.0,-999.0,-999.0,-999.0,-999.0,-999.0
91d28m43pt71113891s-35d17m59pt95047053s,91.47880864969667,-35.29998624181484,-999.0,-999.0,-999.0,-999.0,-999.0,6.3638627021971494,5.0671514621963425,-999.0,-999.0,-999.0,-999.0,-999.0,-999.0,-999.0
91d28m43pt71105887s-35d18m00pt9504705s,91.47880862746408,-35.30026401958398,-999.0,-999.0,-999.0,-999.0,-999.0,5.588106137959816,4.227027903852041,-999.0,-999.0,-999.0,-999.0,-999.0,-999.0,-999.0
91d28m32pt43779589s-35d18m06pt14972423s,91.47567716552496,-35.301708256729235,-999.0,-999.0,-999.0,-999.0,-999.0,37.431594941157975,31.19695937084429,-999.0,-999.0,-999.0,-999.0,-999.0,-999.0,-999.0
91d28m04pt50211571s-35d17m59pt74662321s,91.4679172543646,-35.29992961755859,-999.0,-999.0,-999.0,-999.0,-999.0,0.01696990036208862,0.2588137302594666,-999.0,-999.0,-999.0,-999.0,-999.0,-999.0,-999.0
91d28m28pt02579828s-35d18m12pt74935296s,91.47445161063362,-35.3035414869335,-999.0,-999.0,-999.0,-999.0,-999.0,6.83838928465531,4.02546571004189,-999.0,-999.0,-999.0,-999.0,-999.0,-999.0,-999.0
91d28m26pt55567156s-35d18m10pt74921944s,91.47404324209928,-35.30298589428815,-999.0,-999.0,-999.0,-999.0,-999.0,11.397074540251472,9.601872527826949,-999.0,-999.0,-999.0,-999.0,-999.0,-999.0,-999.0
91d28m28pt76168372s-35d18m07pt54941805s,91.47465602325526,-35.302097060569714,-999.0,-999.0,-999.0,-999.0,-999.0,77.90257793995787,62.833777552848744,-999.0,-999.0,-999.0,-999.0,-999.0,-999.0,-999.0
99d19m52pt384047s-48d28m52pt49613389s,99.33121779083456,-48.48124892608089,-999.0,-999.0,-999.0,-999.0,-999.0,0.09123947674358487,0.09782245056070628,-999.0,-999.0,-999.0,-999.0,-999.0,-999.0,-999.0
42d00m25pt11764436s-3d32m09pt88493573s,42.006977123434105,-3.5360791488145193,3.1121678572002702,5.298467235613562,7.914542676105256,-999.0,30.134026215829643,0.7146342164885678,-0.049437578890127044,-999.0,-999.0,-999.0,-999.0,-999.0,-999.0,-999.0
42d01m09pt00113333s-3d31m54pt88505542s,42.01916698148192,-3.5319125153940685,4.055988391241857,10.890484558030662,18.670170138810256,-999.0,28.12096607804865,2.095312542081682,1.5902851623688117,-999.0,-999.0,-999.0,-999.0,-999.0,-999.0,-999.0
73d33m13pt45421257s2d57m13pt64663919s,73.55373728126835,2.9537907331076263,-0.1652336670102413,-0.18667338108225517,-0.21693079187071776,,,0.09371275610717571,-0.07615927440763257,-999.0,-999.0,-999.0,-999.0,-999.0,-999.0,-999.0
38d39m53pt86576804s-58d31m03pt44572608s,38.66496271334575,-58.51762381279874,-999.0,-0.005878765624968883,-0.0998773201501115,-999.0,-999.0,0.08058081362689166,-0.1424979760611412,-999.0,-999.0,-999.0,-999.0,-999.0,-999.0,-999.0
38d39m44pt64316779s-58d31m52pt44420975s,38.66240087994077,-58.531234502708934,-999.0,3.3001421906698183,5.251025385577229,-999.0,-999.0,0.5303006593211774,0.05318377387808076,-999.0,-999.0,-999.0,-999.0,-999.0,-999.0,-999.0
38d41m16pt20401233s-58d31m03pt85113782s,38.68783444786991,-58.517736427171705,-999.0,24.250775192681328,41.33204369285066,-999.0,-999.0,5.240477591596214,14.354656484949526,-999.0,-999.0,-999.0,-999.0,-999.0,-999.0,-999.0
38d39m56pt52055987s-58d31m51pt04612994s,38.665700155519254,-58.53084614720596,-999.0,8.589853292850574,14.385515462711572,-999.0,-999.0,2.205150690523539,2.3086098612951083,-999.0,-999.0,-999.0,-999.0,-999.0,-999.0,-999.0
40d38m59pt87142409s-21d32m25pt96496864s,40.64996428446892,-21.54054582462238,-999.0,135.6792599545856,-999.0,-999.0,-999.0,38.64952832385808,38.954022182981994,-999.0,-999.0,-999.0,-999.0,-999.0,-999.0,-999.0
40d38m58pt36630444s-21d32m23pt56496996s,40.64954619567878,-21.53987915832184,-999.0,52.12719774461227,-999.0,-999.0,-999.0,25.231923594442655,30.047074901877135,-999.0,-999.0,-999.0,-999.0,-999.0,-999.0,-999.0
40d38m55pt57108047s-21d32m25pt76496246s,40.64876974457417,-21.540490267348623,-999.0,38.56100128423981,-999.0,-999.0,-999.0,21.498342935876362,20.72675167995974,-999.0,-999.0,-999.0,-999.0,-999.0,-999.0,-999.0
44d16m49pt4645361s-23d26m27pt69314013s,44.2804068155829,-23.441025872258383,0.806469690221987,-999.0,2.9717828716426866,-999.0,-999.0,0.7475137993753834,0.6482783258749163,-999.0,-999.0,-999.0,-999.0,-999.0,-999.0,-999.0
47d13m45pt18308447s26d45m29pt90595372s,47.22921752346435,26.7583072093658,0.10167448971199147,-0.012085917160661173,-0.3147785543995593,-999.0,-999.0,-0.2586079256474726,-0.5601520053439888,-999.0,-999.0,-999.0,-999.0,-999.0,-999.0,-999.0
51d42m11pt67972359s-0d44m11pt90717545s,51.70324436766274,-0.7366408820690522,-999.0,16.86349362514026,-999.0,-999.0,-999.0,3.909553823476311,5.180235634255961,-999.0,-999.0,-999.0,-999.0,-999.0,-999.0,-999.0
59d42m42pt61298438s-29d55m42pt69872441s,59.71183694010491,-29.928527423446457,1.1146861660457363,1.4023594591528683,1.8919602627008556,-999.0,-999.0,-0.0992119781816743,1.4016111068711201,-999.0,-999.0,-999.0,-999.0,-999.0,-999.0,-999.0
61d04m16pt35854086s-27d02m41pt28837823s,61.071210705793774,-27.044802327285677,-999.0,-999.0,-999.0,-999.0,-999.0,1.3123291047626677,1.730762488840539,-999.0,-999.0,-999.0,-999.0,-999.0,-999.0,-999.0
61d04m18pt82674285s-27d03m14pt28849662s,61.07189631745776,-27.05396902683838,-999.0,-999.0,-999.0,-999.0,-999.0,0.036483027818737884,-0.2502862639600167,-999.0,-999.0,-999.0,-999.0,-999.0,-999.0,-999.0
61d04m21pt74797642s-27d02m38pt88862205s,61.072707771228536,-27.044135728346195,-999.0,-999.0,-999.0,-999.0,-999.0,1.537854202700431,1.094835024529191,-999.0,-999.0,-999.0,-999.0,-999.0,-999.0,-999.0
61d05m07pt33321354s-27d02m53pt08840245s,61.08537033709344,-27.048080111791975,-999.0,-999.0,-999.0,-999.0,-999.0,3.043202555221584,1.348184728126478,-999.0,-999.0,-999.0,-999.0,-999.0,-999.0,-999.0
61d08m20pt40057355s11d08m22pt22578941s,61.1390001593194,11.139507163725204,-999.0,-999.0,24.497226875137734,-999.0,-999.0,1.3369010405250474,,-999.0,-999.0,-999.0,-999.0,-999.0,-999.0,-999.0
61d08m12pt85847736s11d08m18pt02581718s,61.13690513260126,11.138340504772234,-999.0,-999.0,57.396996669347054,-999.0,-999.0,11.515575422232205,,-999.0,-999.0,-999.0,-999.0,-999.0,-999.0,-999.0
61d08m01pt44341502s11d08m22pt22575939s,61.133734281950744,11.139507155386976,-999.0,-999.0,0.34494346644707563,-999.0,-999.0,0.022836694308176194,,-999.0,-999.0,-999.0,-999.0,-999.0,-999.0,-999.0
61d29m15pt98421158s-49d16m19pt74235927s,61.48777339210681,-49.27215065535313,-999.0,1.551440405164975,-999.0,-999.0,-999.0,1.5090889061349642,1.5702963327702129,-999.0,-999.0,-999.0,-999.0,-999.0,-999.0,-999.0
72d20m32pt54167568s-28d49m36pt65181981s,72.3423726876891,-28.82684772772523,-999.0,-0.013043318513006049,-999.0,-999.0,-999.0,0.13314190385244262,0.30183675186960485,-999.0,-999.0,-999.0,-999.0,-999.0,-999.0,-999.0
72d20m18pt38846883s-28d49m09pt05173514s,72.33844124134221,-28.819181037538637,-999.0,14.184070948146235,-999.0,-999.0,-999.0,5.79876373636922,5.374488644221499,-999.0,-999.0,-999.0,-999.0,-999.0,-999.0,-999.0
72d20m10pt1706933s-28d49m08pt25149738s,72.33615852591643,-28.81895874927227,-999.0,36.59316217141402,-999.0,-999.0,-999.0,16.710932436127464,16.315052536246565,-999.0,-999.0,-999.0,-999.0,-999.0,-999.0,-999.0
72d19m49pt17085008s-28d48m56pt85026178s,72.33032523613272,-28.81579173938281,-999.0,0.5818103535878583,-999.0,-999.0,-999.0,11.231612894476356,-0.33082501375960394,-999.0,-999.0,-999.0,-999.0,-999.0,-999.0,-999.0
72d20m20pt67173166s-28d48m43pt05177671s,72.33907548101662,-28.811958826863776,-999.0,2.235741973010189,-999.0,-999.0,-999.0,0.30468698604343375,0.06592281184380555,-999.0,-999.0,-999.0,-999.0,-999.0,-999.0,-999.0
73d49m33pt22917319s6d57m52pt30004305s,73.82589699255209,6.96452778973635,-999.0,19.610345590541332,41.601291982203755,-999.0,-999.0,8.722084137250913,9.130873325746057,-999.0,-999.0,-999.0,-999.0,-999.0,-999.0,-999.0
82d26m16pt12654003s-31d44m51pt16420157s,82.4378129277858,-31.7475456115466,-999.0,-999.0,-999.0,-999.0,-999.0,0.28538427797584365,1.1590959640001395,-999.0,-999.0,-999.0,-999.0,-999.0,-999.0,-999.0
82d26m49pt05349642s-31d44m54pt96351295s,82.44695930456052,-31.748600975820526,-999.0,-999.0,-999.0,-999.0,-999.0,16.981075039746752,18.4302311540379,-999.0,-999.0,-999.0,-999.0,-999.0,-999.0,-999.0
82d26m49pt75914006s-31d44m55pt76347245s,82.44715531668409,-31.74882318679089,-999.0,-999.0,-999.0,-999.0,-999.0,16.13404735522861,18.026995606960295,-999.0,-999.0,-999.0,-999.0,-999.0,-999.0,-999.0
82d26m13pt77483403s-31d44m43pt96416086s,82.43715967611888,-31.745545600239403,-999.0,-999.0,-999.0,-999.0,-999.0,3.8914134411731856,3.4441777684903983,-999.0,-999.0,-999.0,-999.0,-999.0,-999.0,-999.0
82d26m16pt83227649s-31d44m42pt16421161s,82.43800896569063,-31.74504561433614,-999.0,-999.0,-999.0,-999.0,-999.0,6.310514699664994,5.888141922399851,-999.0,-999.0,-999.0,-999.0,-999.0,-999.0,-999.0
82d26m15pt89151056s-31d44m43pt56419814s,82.43774764182179,-31.745434499482755,-999.0,-999.0,-999.0,-999.0,-999.0,9.076902888140191,8.0620263526071,-999.0,-999.0,-999.0,-999.0,-999.0,-999.0,-999.0
82d26m12pt36229889s-31d45m28pt76413035s,82.43676730524597,-31.75799003620873,-999.0,-999.0,-999.0,-999.0,-999.0,0.6842795537642322,4.158236715086242,-999.0,-999.0,-999.0,-999.0,-999.0,-999.0,-999.0
86d45m43pt80905047s-39d04m29pt53186516s,86.76216918068606,-39.07486996254395,-999.0,-0.4341844996576181,-0.6129678004536294,-999.0,-999.0,-0.34210886272791746,-1.6030140473306496,-999.0,-999.0,-999.0,-999.0,-999.0,-999.0,-999.0
86d45m47pt4153666s-39d04m25pt13166807s,86.76317093516602,-39.07364768557408,-999.0,1.1280666541601465,2.8800581296523196,-999.0,-999.0,0.9011273443353913,0.9744899923724533,-999.0,-999.0,-999.0,-999.0,-999.0,-999.0,-999.0
86d46m00pt55633295s-39d04m40pt73068874s,86.76682120359628,-39.07798074687324,-999.0,-0.5532972514115583,0.1102923993696249,-999.0,-999.0,0.18226932472913399,0.12056866918239377,-999.0,-999.0,-999.0,-999.0,-999.0,-999.0,-999.0
86d46m01pt84293669s-39d04m30pt5305709s,86.76717859352586,-39.07514738080678,-999.0,-0.4467689675381722,-0.8069500168193524,-999.0,-999.0,-0.015817853500476917,-0.02352795568410395,-999.0,-999.0,-999.0,-999.0,-999.0,-999.0,-999.0
86d45m44pt32479652s-39d04m35pt33183885s,86.76231244347804,-39.07648106634725,-999.0,-0.6092661460723613,-1.115447428589995,-999.0,-999.0,0.05437909116365371,0.39106823016907816,-999.0,-999.0,-999.0,-999.0,-999.0,-999.0,-999.0
86d45m26pt03284796s-39d04m22pt53238582s,86.75723134665522,-39.0729256627271,-999.0,847.1101219658053,1279.7834824934437,-999.0,-999.0,26.55964903200122,15.05045394734006,-999.0,-999.0,-999.0,-999.0,-999.0,-999.0,-999.0
88d21m52pt47042617s-33d42m43pt39125989s,88.36457511838123,-33.71205312774827,0.06730089337208728,-0.023642513725161244,1.1582737558391736,-999.0,-999.0,5.096096161895355,5.784207448670725,-999.0,-999.0,-999.0,-999.0,-999.0,-999.0,-999.0
