object_id,ra,dec,WFC3_F502N,WFC3_F606W,WFC3_F625W,WFC3_F656N,WFC3_F775W
16d23m44pt22264049s-24d38m43pt58535203s,16.39561740013605,-24.64544037556473,0.0,0.0,0.0,0.0,0.0
16d22m38pt21034632s-24d38m27pt78536621s,16.37728065175652,-24.641051490613766,0.0,0.0,0.0,0.0,0.0
16d23m19pt35750823s-24d38m39pt98629732s,16.388710418951817,-24.644440638143095,0.0,0.0,0.0,0.0,0.0
16d23m11pt21592155s-24d39m07pt58635986s,16.386448867097652,-24.65210732218444,0.0,0.0,0.0,0.0,0.0
16d23m34pt54069919s-24d38m44pt18585516s,16.39292797199671,-24.645607181989106,0.0,0.0,0.0,0.0,0.0
16d23m25pt29930915s-24d39m00pt18617469s,16.39036091920871,-24.65005171519112,0.0,0.0,0.0,0.0,0.0
16d22m51pt19268571s-24d38m24pt38599595s,16.380886857140663,-24.640107221096084,0.0,0.0,0.0,0.0,0.0
16d23m41pt80164201s-24d38m36pt18549406s,16.39494490055822,-24.64338485946044,0.0,0.0,0.0,0.0,0.0
16d23m22pt87887854s-24d39m05pt98623242s,16.389688577373406,-24.651662842339338,0.0,0.0,0.0,0.0,0.0
16d23m13pt19641962s-24d39m05pt18635586s,16.38699900544912,-24.65144065440608,0.0,0.0,0.0,0.0,0.0
16d23m11pt43597948s-24d39m09pt38635975s,16.386509994298763,-24.65260732215406,0.0,0.0,0.0,0.0,0.0
16d23m07pt47497254s-24d39m05pt98634781s,16.385409714594214,-24.65166287439066,0.0,0.0,0.0,0.0,0.0
16d23m11pt21592114s-24d39m05pt98635988s,16.38644886698423,-24.65166287774384,0.0,0.0,0.0,0.0,0.0
16d22m47pt01172308s-24d38m29pt78582689s,16.379725478634004,-24.641607174134943,0.0,0.0,0.0,0.0,0.0
22d58m24pt2009025s-13d37m11pt13269827s,22.97338913958469,-13.619759082851651,0.0,0.0,0.0,0.0,0.0
22d58m00pt12367413s-13d36m18pt73309771s,22.966701020591856,-13.605203638253256,0.0,0.0,0.0,0.0,0.0
22d58m06pt50286053s-13d36m36pt13305433s,22.968473016813828,-13.61003695953594,0.0,0.0,0.0,0.0,0.0
0d47m35pt7414972s-6d05m45pt46070142s,0.7932615269987924,-6.0959613059510875,0.0,0.0,0.0,0.0,0.0
0d47m48pt01092374s-6d05m28pt46077468s,0.796669701037554,-6.091239104079102,0.0,0.0,0.0,0.0,0.0
0d48m10pt33722465s-6d05m57pt46071002s,0.8028714512914789,-6.099294641672274,0.0,0.0,0.0,0.0,0.0
10d32m29pt62604642s-28d32m14pt41093398s,10.541562790672964,-28.537336370549756,0.0,0.0,0.0,0.0,0.0
10d51m12pt20802915s-20d36m51pt92323091s,10.853391119208057,-20.6144231196972,0.0,0.0,0.0,0.0,0.0
36d28m16pt31991583s-41d54m50pt94375995s,36.47119997661891,-41.91415104443093,0.0,0.0,0.0,0.0,0.0
2d56m01pt6186889s-15d22m59pt00637594s,2.93378296913935,-15.383057326648919,0.0,0.0,0.0,0.0,0.0
2d55m43pt77956828s-15d22m53pt40661766s,2.9288276578549586,-15.381501838238446,0.0,0.0,0.0,0.0,0.0
4d45m34pt18986889s-40d51m43pt60755318s,4.759497185801797,-40.86211320921588,0.0,0.0,0.0,0.0,0.0
4d45m39pt2142948s-40d51m33pt60754707s,4.760892859665771,-40.85933542974102,0.0,0.0,0.0,0.0,0.0
4d45m51pt11481506s-40d51m45pt80729101s,4.764198559739286,-40.862724247501895,0.0,0.0,0.0,0.0,0.0
4d45m49pt52797661s-40d51m43pt60734478s,4.763757771280492,-40.862113151328316,0.0,0.0,0.0,0.0,0.0
6d51m29pt34954568s26d06m43pt24716465s,6.8581526515791404,26.11201310129174,0.0,0.0,0.0,0.0,0.0
6d51m53pt18242635s26d07m25pt44751243s,6.864772896208636,26.12373542011841,0.0,0.0,0.0,0.0,0.0
6d55m59pt84380653s26d16m16pt59913458s,6.933289946256946,26.271277537384236,0.0,0.0,0.0,0.0,0.0
6d56m17pt01762799s26d16m09pt99921007s,6.938060452220176,26.26944422501862,0.0,0.0,0.0,0.0,0.0
7d01m34pt1974354s-75d38m08pt43216435s,7.026165954278846,-75.63567560120777,0.0,0.0,0.0,0.0,0.0
8d02m47pt09655564s18d08m51pt60579824s,8.046415709899861,18.147668277288183,0.0,0.0,0.0,0.0,0.0
8d02m35pt52050175s18d08m58pt20551832s,8.043200139374601,18.149501532867337,0.0,0.0,0.0,0.0,0.0
8d03m05pt19704876s18d09m02pt80585028s,8.051443624655189,18.15077940285534,0.0,0.0,0.0,0.0,0.0
8d28m12pt32957902s-7d52m32pt20133609s,8.47009154972909,-7.875611482247887,0.0,0.0,0.0,0.0,0.0
8d27m50pt12046461s-7d52m03pt00122377s,8.46392235128097,-7.867500339937108,0.0,0.0,0.0,0.0,0.0
8d28m41pt604992s-7d51m59pt20098902s,8.478223608888783,-7.866444719172139,0.0,0.0,0.0,0.0,0.0
8d28m23pt63602941s-7d52m12pt40126884s,8.47323223039076,-7.870111463567701,0.0,0.0,0.0,0.0,0.0
8d37m19pt76273492s2d25m00pt32498946s,8.622156315256571,2.416756941516139,0.0,0.0,0.0,0.0,0.0
8d36m52pt73873908s2d25m14pt32514144s,8.614649649744297,2.4206458726225755,0.0,0.0,0.0,0.0,0.0
8d36m53pt7396396s2d25m16pt72513846s,8.614927677665994,2.4213125384601866,0.0,0.0,0.0,0.0,0.0
8d37m24pt36688605s2d25m06pt32494849s,8.62343524612455,2.4184235968031413,0.0,0.0,0.0,0.0,0.0
8d37m10pt15434495s2d25m24pt52506028s,8.619487318043038,2.423479183410281,0.0,0.0,0.0,0.0,0.0
8d44m29pt97104791s2d34m00pt39179231s,8.741658624419124,2.5667754978644983,0.0,0.0,0.0,0.0,0.0
8d44m08pt54961201s2d33m49pt19173596s,8.735708225557154,2.563664371100013,0.0,0.0,0.0,0.0,0.0
8d43m55pt93713655s2d33m29pt99165659s,8.732204760152287,2.5583310157194243,0.0,0.0,0.0,0.0,0.0
8d43m58pt33951374s2d33m32pt39167439s,8.73287208715128,2.5589976873294926,0.0,0.0,0.0,0.0,0.0
12d54m12pt50705881s27d19m41pt07114923s,12.903474183002112,27.328075319230518,0.0,0.0,0.0,0.0,0.0
12d54m57pt08270016s27d19m55pt67132128s,12.915856305599698,27.332130922578326,0.0,0.0,0.0,0.0,0.0
12d54m34pt1191408s27d19m39pt47172348s,12.909477539110501,27.32763103430021,0.0,0.0,0.0,0.0,0.0
17d52m26pt11573256s8d55m40pt5527223s,17.873921036823326,8.927931311749049,0.0,0.0,0.0,0.0,0.0
17d53m07pt61874487s8d56m05pt75307645s,17.885449651352566,8.934931410123806,0.0,0.0,0.0,0.0,0.0
24d30m55pt80557939s-21d55m31pt49246619s,24.515501549831114,-21.925414573940934,0.0,0.0,0.0,0.0,0.0
24d30m59pt90139654s-21d55m09pt49240601s,24.51663927681674,-21.919303446115237,0.0,0.0,0.0,0.0,0.0
24d31m02pt27310359s-21d55m20pt2923582s,24.517298084329358,-21.922303432833232,0.0,0.0,0.0,0.0,0.0
24d30m35pt75502313s-21d55m44pt49235452s,24.50993195086999,-21.929025654033342,0.0,0.0,0.0,0.0,0.0
24d30m37pt04859018s-21d55m45pt69238209s,24.51029127504925,-21.929358995024447,0.0,0.0,0.0,0.0,0.0
24d30m57pt53061573s-21d55m48pt89244417s,24.5159807265927,-21.93024790115726,0.0,0.0,0.0,0.0,0.0
24d31m00pt33295145s-21d55m27pt09239796s,24.516759153179958,-21.924192332766825,0.0,0.0,0.0,0.0,0.0
24d30m58pt17739765s-21d55m47pt69243466s,24.516160388235388,-21.929914565184216,0.0,0.0,0.0,0.0,0.0
24d30m53pt43392294s-21d55m16pt69248821s,24.514842756371863,-21.921303468945958,0.0,0.0,0.0,0.0,0.0
25d00m17pt15509315s-5d55m07pt39686965s,25.004765303652032,-5.918721352679324,0.0,0.0,0.0,0.0,0.0
25d01m39pt35696146s-34d10m31pt20016587s,25.02759915596234,-34.175333379408116,0.0,0.0,0.0,0.0,0.0
25d01m36pt45600265s-34d10m26pt6001902s,25.026793334068856,-34.17405560838989,0.0,0.0,0.0,0.0,0.0
28d07m52pt64210062s-28d53m03pt97154321s,28.13128947239406,-28.884436539781305,0.0,0.0,0.0,0.0,0.0
28d07m06pt27061441s-28d53m28pt16925471s,28.11840850400225,-28.891158126309538,0.0,0.0,0.0,0.0,0.0
28d07m28pt65921543s-28d52m52pt17091043s,28.124627559841763,-28.881158586229237,0.0,0.0,0.0,0.0,0.0
29d46m00pt19654s-34d13m31pt49453773s,29.766721261111446,-34.225415149368395,0.0,0.0,0.0,0.0,0.0
34d19m31pt98968793s-52d45m42pt50028208s,34.32555269109046,-52.761805633911635,0.0,0.0,0.0,0.0,0.0
34d18m39pt1087464s-52d45m32pt50304245s,34.310863540665665,-52.75902862290355,0.0,0.0,0.0,0.0,0.0
34d18m15pt97052766s-52d45m56pt5021961s,34.3044362576841,-52.76569505447286,0.0,0.0,0.0,0.0,0.0
34d34m55pt73093721s-31d41m56pt42873486s,34.58214748255707,-31.699007981905503,0.0,0.0,0.0,0.0,0.0
34d34m31pt75522611s-31d41m36pt42835792s,34.57548756280794,-31.69345232164579,0.0,0.0,0.0,0.0,0.0
34d34m43pt74198831s-31d42m20pt22870196s,34.578817218975026,-31.705619083879018,0.0,0.0,0.0,0.0,0.0
38d04m43pt56908128s-44d20m30pt25594442s,38.07876918924535,-44.34173776233986,0.0,0.0,0.0,0.0,0.0
38d04m51pt11588217s-44d21m05pt45641969s,38.08086552282515,-44.35151567213619,0.0,0.0,0.0,0.0,0.0
38d04m52pt23490236s-44d21m03pt05647846s,38.08117636176589,-44.350849021793245,0.0,0.0,0.0,0.0,0.0
38d04m38pt81394627s-44d20m37pt055574s,38.077448318407335,-44.34362654833203,0.0,0.0,0.0,0.0,0.0
38d04m57pt55184527s-44d20m25pt65671619s,38.08265329035348,-44.34046019894167,0.0,0.0,0.0,0.0,0.0
38d04m12pt5165831s-44d21m10pt25253581s,38.07014349530422,-44.35284792661314,0.0,0.0,0.0,0.0,0.0
38d04m36pt85454668s-44d20m47pt45540542s,38.076904040744495,-44.34651539039307,0.0,0.0,0.0,0.0,0.0
4d46m56pt37672986s-20d26m43pt35221169s,4.782326869404984,-20.44537561435892,0.0,0.0,0.0,0.0,0.0
4d47m15pt15971359s-20d26m34pt5520152s,4.787544364885602,-20.442931115334574,0.0,0.0,0.0,0.0,0.0
4d46m59pt15152699s-20d26m28pt35221793s,4.78309764638728,-20.441208949424723,0.0,0.0,0.0,0.0,0.0
224d52m11pt15052862s-18d11m12pt00763245s,224.8697640357269,-18.186668786790314,0.0,0.0,0.0,0.0,0.0
224d52m15pt36113317s-18d10m25pt20766811s,224.87093364810238,-18.173668796698543,0.0,0.0,0.0,0.0,0.0
224d52m14pt93999625s-18d10m45pt80766572s,224.870816665625,-18.179391018255398,0.0,0.0,0.0,0.0,0.0
224d52m16pt41356234s-18d10m42pt80767292s,224.87122598953792,-18.178557686921437,0.0,0.0,0.0,0.0,0.0
224d52m28pt20175298s-18d10m30pt40761811s,224.8745004869401,-18.175113227253682,0.0,0.0,0.0,0.0,0.0
57d56m48pt79154107s-73d58m48pt60684687s,57.94688653918589,-73.98016856857441,0.0,0.0,0.0,0.0,0.0
57d57m19pt18502289s-73d58m03pt20516538s,57.955329173023635,-73.96755699038196,0.0,0.0,0.0,0.0,0.0
57d56m58pt90723155s-73d58m01pt20641911s,57.949696453207565,-73.96700178308524,0.0,0.0,0.0,0.0,0.0
57d56m53pt83982568s-73d58m04pt00664979s,57.94828884046664,-73.96777962494207,0.0,0.0,0.0,0.0,0.0
77d34m26pt41964476s-45d19m21pt89816852s,77.574005456878,-45.32274949125679,0.0,0.0,0.0,0.0,0.0
77d33m52pt28579072s-45d19m21pt29705831s,77.56452383075523,-45.32258251619784,0.0,0.0,0.0,0.0,0.0
77d34m16pt46489436s-45d18m50pt09813663s,77.57124024843284,-45.313916149064454,0.0,0.0,0.0,0.0,0.0
86d54m02pt06828667s-31d52m21pt54405832s,86.90057452407386,-31.8726511273119,0.0,0.0,0.0,0.0,0.0
91d28m01pt55559375s-35d18m25pt74619137s,91.46709877604255,-35.30715171982486,0.0,0.0,0.0,0.0,0.0
91d28m58pt16999931s-35d17m42pt95100288s,91.4828249998071,-35.29526416746644,0.0,0.0,0.0,0.0,0.0
91d28m53pt02331169s-35d17m59pt55086774s,91.48139536435897,-35.299875241038585,0.0,0.0,0.0,0.0,0.0
91d28m44pt69130426s-35d18m00pt75052166s,91.47908091784922,-35.30020847823766,0.0,0.0,0.0,0.0,0.0
91d28m43pt71113891s-35d17m59pt95047053s,91.47880864969667,-35.29998624181484,0.0,0.0,0.0,0.0,0.0
91d28m43pt71105887s-35d18m00pt9504705s,91.47880862746408,-35.30026401958398,0.0,0.0,0.0,0.0,0.0
91d28m32pt43779589s-35d18m06pt14972423s,91.47567716552496,-35.301708256729235,0.0,0.0,0.0,0.0,0.0
91d28m04pt50211571s-35d17m59pt74662321s,91.46791725436461,-35.29992961755859,0.0,0.0,0.0,0.0,0.0
91d28m28pt02579828s-35d18m12pt74935296s,91.47445161063362,-35.3035414869335,0.0,0.0,0.0,0.0,0.0
91d28m26pt55567156s-35d18m10pt74921944s,91.47404324209927,-35.30298589428815,0.0,0.0,0.0,0.0,0.0
91d28m28pt76168372s-35d18m07pt54941805s,91.47465602325526,-35.302097060569714,0.0,0.0,0.0,0.0,0.0
99d19m52pt384047s-48d28m52pt49613389s,99.33121779083456,-48.48124892608089,0.0,0.0,0.0,0.0,0.0
42d00m25pt11764436s-3d32m09pt88493573s,42.006977123434105,-3.5360791488145193,0.0,0.0,0.0,0.0,0.0
42d01m09pt00113333s-3d31m54pt88505542s,42.019166981481916,-3.5319125153940685,0.0,0.0,0.0,0.0,0.0
73d33m13pt45421257s2d57m13pt64663919s,73.55373728126835,2.9537907331076263,0.0,0.0,0.0,0.0,0.0
38d39m53pt86576804s-58d31m03pt44572608s,38.66496271334575,-58.51762381279874,0.0,0.0,0.0,0.0,0.0
38d39m44pt64316779s-58d31m52pt44420975s,38.66240087994077,-58.531234502708934,0.0,0.0,0.0,0.0,0.0
38d41m16pt20401233s-58d31m03pt85113782s,38.68783444786991,-58.517736427171705,0.0,0.0,0.0,0.0,0.0
38d39m56pt52055987s-58d31m51pt04612994s,38.665700155519254,-58.53084614720596,0.0,0.0,0.0,0.0,0.0
40d38m59pt87142409s-21d32m25pt96496864s,40.64996428446892,-21.54054582462238,0.0,0.0,0.0,0.0,0.0
40d38m58pt36630444s-21d32m23pt56496996s,40.64954619567878,-21.539879158321842,0.0,0.0,0.0,0.0,0.0
40d38m55pt57108047s-21d32m25pt76496246s,40.64876974457417,-21.540490267348623,0.0,0.0,0.0,0.0,0.0
44d16m49pt4645361s-23d26m27pt69314013s,44.2804068155829,-23.441025872258386,0.0,0.0,0.0,0.0,0.0
47d13m45pt18308447s26d45m29pt90595372s,47.22921752346435,26.7583072093658,0.0,0.0,0.0,0.0,0.0
51d42m11pt67972359s-0d44m11pt90717545s,51.70324436766274,-0.7366408820690522,0.0,0.0,0.0,0.0,0.0
59d42m42pt61298438s-29d55m42pt69872441s,59.71183694010491,-29.928527423446457,0.0,0.0,0.0,0.0,0.0
61d04m16pt35854086s-27d02m41pt28837823s,61.071210705793774,-27.044802327285677,0.0,0.0,0.0,0.0,0.0
61d04m18pt82674285s-27d03m14pt28849662s,61.071896317457764,-27.05396902683838,0.0,0.0,0.0,0.0,0.0
61d04m21pt74797642s-27d02m38pt88862205s,61.072707771228536,-27.044135728346195,0.0,0.0,0.0,0.0,0.0
61d05m07pt33321354s-27d02m53pt08840245s,61.08537033709344,-27.048080111791975,0.0,0.0,0.0,0.0,0.0
61d08m20pt40057355s11d08m22pt22578941s,61.1390001593194,11.139507163725204,0.0,0.0,0.0,0.0,0.0
61d08m12pt85847736s11d08m18pt02581718s,61.13690513260126,11.138340504772234,0.0,0.0,0.0,0.0,0.0
61d08m01pt44341502s11d08m22pt22575939s,61.133734281950744,11.139507155386976,0.0,0.0,0.0,0.0,0.0
61d29m15pt98421158s-49d16m19pt74235927s,61.48777339210681,-49.27215065535313,0.0,0.0,0.0,0.0,0.0
72d20m32pt54167568s-28d49m36pt65181981s,72.3423726876891,-28.82684772772523,0.0,0.0,0.0,0.0,0.0
72d20m18pt38846883s-28d49m09pt05173514s,72.33844124134221,-28.819181037538637,0.0,0.0,0.0,0.0,0.0
72d20m10pt1706933s-28d49m08pt25149738s,72.33615852591643,-28.81895874927227,0.0,0.0,0.0,0.0,0.0
72d19m49pt17085008s-28d48m56pt85026178s,72.33032523613272,-28.81579173938281,0.0,0.0,0.0,0.0,0.0
72d20m20pt67173166s-28d48m43pt05177671s,72.33907548101662,-28.811958826863776,0.0,0.0,0.0,0.0,0.0
73d49m33pt22917319s6d57m52pt30004305s,73.82589699255209,6.96452778973635,0.0,0.0,0.0,0.0,0.0
82d26m16pt12654003s-31d44m51pt16420157s,82.4378129277858,-31.7475456115466,0.0,0.0,0.0,0.0,0.0
82d26m49pt05349642s-31d44m54pt96351295s,82.44695930456052,-31.748600975820526,0.0,0.0,0.0,0.0,0.0
82d26m49pt75914006s-31d44m55pt76347245s,82.44715531668409,-31.74882318679089,0.0,0.0,0.0,0.0,0.0
82d26m13pt77483403s-31d44m43pt96416086s,82.43715967611888,-31.745545600239403,0.0,0.0,0.0,0.0,0.0
82d26m16pt83227649s-31d44m42pt16421161s,82.43800896569063,-31.74504561433614,0.0,0.0,0.0,0.0,0.0
82d26m15pt89151056s-31d44m43pt56419814s,82.43774764182179,-31.745434499482755,0.0,0.0,0.0,0.0,0.0
82d26m12pt36229889s-31d45m28pt76413035s,82.43676730524597,-31.75799003620873,0.0,0.0,0.0,0.0,0.0
86d45m43pt80905047s-39d04m29pt53186516s,86.76216918068606,-39.07486996254395,0.0,0.0,0.0,0.0,0.0
86d45m47pt4153666s-39d04m25pt13166807s,86.76317093516602,-39.07364768557408,0.0,0.0,0.0,0.0,0.0
86d46m00pt55633295s-39d04m40pt73068874s,86.76682120359628,-39.07798074687324,0.0,0.0,0.0,0.0,0.0
86d46m01pt84293669s-39d04m30pt5305709s,86.76717859352586,-39.07514738080678,0.0,0.0,0.0,0.0,0.0
86d45m44pt32479652s-39d04m35pt33183885s,86.76231244347804,-39.07648106634725,0.0,0.0,0.0,0.0,0.0
86d45m26pt03284796s-39d04m22pt53238582s,86.75723134665522,-39.0729256627271,0.0,0.0,0.0,0.0,0.0
88d21m52pt47042617s-33d42m43pt39125989s,88.36457511838123,-33.71205312774827,0.0,0.0,0.0,0.0,0.0
88d21m08pt23096203s-33d42m11pt39349775s,88.35228637834102,-33.703164860484925,0.0,0.0,0.0,0.0,0.0
88d21m54pt38932442s-33d42m13pt19106439s,88.36510814567254,-33.70366418455411,0.0,0.0,0.0,0.0,0.0
88d20m09pt74633861s-33d42m54pt2999808s,88.33604064961483,-33.71508332800021,0.0,0.0,0.0,0.0,0.0
88d19m48pt8284935s-33d42m42pt89990813s,88.33023013708375,-33.71191664114773,0.0,0.0,0.0,0.0,0.0
88d19m51pt9540592s-33d42m44pt29998123s,88.33109834977691,-33.71230555034175,0.0,0.0,0.0,0.0,0.0
88d20m26pt81459385s-33d42m18pt69931468s,88.34078183162464,-33.705194254078826,0.0,0.0,0.0,0.0,0.0
90d02m09pt29683101s-20d08m25pt42075551s,90.03591578639167,-20.14039465430772,0.0,0.0,0.0,0.0,0.0
90d01m35pt85316203s-20d07m59pt41999829s,90.02662587834072,-20.133172221746328,0.0,0.0,0.0,0.0,0.0
92d56m40pt78433942s-30d37m20pt36208363s,92.94466231650597,-30.62232280100793,0.0,0.0,0.0,0.0,0.0
92d56m43pt10698141s-30d36m52pt76199783s,92.94530749483593,-30.614656110508314,0.0,0.0,0.0,0.0,0.0
92d56m24pt28316721s-30d36m47pt16236396s,92.9400786575596,-30.613100656654797,0.0,0.0,0.0,0.0,0.0
92d56m11pt9660189s-30d37m01pt76219597s,92.9366572274719,-30.617156165547545,0.0,0.0,0.0,0.0,0.0
92d55m59pt8825963s-30d36m43pt16171806s,92.93330072119318,-30.611989366128352,0.0,0.0,0.0,0.0,0.0
92d55m47pt79458085s-30d37m20pt36092911s,92.92994293912633,-30.622322480307687,0.0,0.0,0.0,0.0,0.0
110d51m11pt41361453s-73d27m34pt64474649s,110.85317044847947,-73.4596235406916,0.0,0.0,0.0,0.0,0.0
110d48m46pt69244396s-73d27m26pt86286416s,110.81297012332253,-73.45746190671217,0.0,0.0,0.0,0.0,0.0
110d50m13pt03741408s-73d26m56pt65538492s,110.83695483724578,-73.44907094025476,0.0,0.0,0.0,0.0,0.0
110d50m17pt95383063s-73d26m57pt65466219s,110.83832050850948,-73.44934851727518,0.0,0.0,0.0,0.0,0.0
82d13m07pt1333634s-39d27m50pt76770368s,82.21864815650078,-39.464102139910395,0.0,0.0,0.0,0.0,0.0
82d13m14pt38817517s-39d28m16pt76757612s,82.22066338199241,-39.47132432670034,0.0,0.0,0.0,0.0,0.0
48d13m47pt986321s8d22m22pt30596361s,48.22999620027693,8.372862767668968,0.0,0.0,0.0,0.0,0.0
52d46m16pt46385503s-21d00m22pt19638647s,52.77123995973191,-21.006165662909208,0.0,0.0,0.0,0.0,0.0
52d46m11pt32141615s-21d00m33pt79612557s,52.76981150448514,-21.00938781265717,0.0,0.0,0.0,0.0,0.0
69d17m28pt77928939s0d44m15pt0027323s,69.29132758038661,0.7375007589711621,0.0,0.0,0.0,0.0,0.0
69d17m05pt57736722s0d44m07pt40274998s,69.28488260200629,0.7353896527733936,0.0,0.0,0.0,0.0,0.0
69d17m43pt5804299s0d43m39pt4027042s,69.29543900830672,0.7276118622764877,0.0,0.0,0.0,0.0,0.0
69d45m33pt88085519s5d20m43pt64429647s,69.75941134866486,5.345456749020105,0.0,0.0,0.0,0.0,0.0
69d45m57pt18221633s5d20m24pt44445001s,69.7658839489792,5.340123458337105,0.0,0.0,0.0,0.0,0.0
69d45m31pt269462s5d20m46pt44426403s,69.75868596166585,5.3462345177849375,0.0,0.0,0.0,0.0,0.0
69d45m32pt27392228s5d20m39pt24427693s,69.75896497841198,5.344234521368426,0.0,0.0,0.0,0.0,0.0
69d45m32pt27386659s5d20m43pt64427689s,69.75896496294158,5.3454567435794,0.0,0.0,0.0,0.0,0.0
69d45m31pt06867267s5d20m40pt04426147s,69.75863018685399,5.344456739297194,0.0,0.0,0.0,0.0,0.0
69d45m35pt48783484s5d20m44pt44431489s,69.75985773190015,5.345678976358801,0.0,0.0,0.0,0.0,0.0
69d45m54pt77167291s5d20m57pt64444538s,69.76521435358696,5.3493456792715826,0.0,0.0,0.0,0.0,0.0
69d44m56pt90091447s7d16m02pt45142932s,69.7491391429077,7.267347619254366,0.0,0.0,0.0,0.0,0.0
69d44m56pt29614464s7d16m27pt05143154s,69.74897115128907,7.274180953204831,0.0,0.0,0.0,0.0,0.0
69d44m49pt03772029s7d16m33pt65144138s,69.74695492230272,7.276014289271198,0.0,0.0,0.0,0.0,0.0
69d44m47pt02148888s7d16m31pt65143843s,69.74639485802234,7.275458732897742,0.0,0.0,0.0,0.0,0.0
83d14m19pt60251085s-37d01m34pt11295918s,83.23877847523715,-37.026142488662046,0.0,0.0,0.0,0.0,0.0
83d13m31pt00166154s-37d01m45pt11213223s,83.22527823931703,-37.029197814509274,0.0,0.0,0.0,0.0,0.0
83d14m26pt36626535s-37d01m32pt91263786s,83.24065729593194,-37.02580906607291,0.0,0.0,0.0,0.0,0.0
83d14m11pt83589649s-37d01m13pt31319679s,83.23662108235935,-37.02036477688699,0.0,0.0,0.0,0.0,0.0
135d09m40pt25284006s20d53m21pt28761991s,135.16118134445998,20.889246561085816,0.0,0.0,0.0,0.0,0.0
135d09m15pt42063723s20d53m20pt48862625s,135.15428351034092,20.889024618402086,0.0,0.0,0.0,0.0,0.0
135d08m46pt52043451s20d53m44pt48854338s,135.14625567625336,20.895691262048757,0.0,0.0,0.0,0.0,0.0
135d08m57pt01028476s20d53m49pt88872938s,135.14916952354343,20.897191313717816,0.0,0.0,0.0,0.0,0.0
135d09m28pt05055642s20d53m15pt68823891s,135.15779182122898,20.887691177475688,0.0,0.0,0.0,0.0,0.0
135d09m06pt42994093s20d53m57pt68874487s,135.15178609470314,20.899357984685366,0.0,0.0,0.0,0.0,0.0
135d09m17pt56217319s20d53m50pt88857857s,135.1548783814411,20.897469049602154,0.0,0.0,0.0,0.0,0.0
135d09m01pt29197837s20d53m29pt0887543s,135.1503588828811,20.891413542860217,0.0,0.0,0.0,0.0,0.0
135d09m12pt63809763s20d53m40pt88867693s,135.15351058267362,20.89469129914648,0.0,0.0,0.0,0.0,0.0
135d08m54pt86939303s20d53m54pt88870579s,135.1485748313986,20.898580196052816,0.0,0.0,0.0,0.0,0.0
135d08m58pt72285054s20d54m01pt88874269s,135.14964523626062,20.900524650747624,0.0,0.0,0.0,0.0,0.0
135d09m16pt70598875s20d53m56pt48859839s,135.15464055243186,20.899024610664153,0.0,0.0,0.0,0.0,0.0
135d08m52pt94267089s20d53m53pt0886783s,135.1480396308023,20.898080188417477,0.0,0.0,0.0,0.0,0.0
135d08m53pt3707574s20d53m57pt68868486s,135.14815854372222,20.899357968017405,0.0,0.0,0.0,0.0,0.0
135d08m55pt0834287s20d53m58pt28870842s,135.14863428574972,20.899524641227718,0.0,0.0,0.0,0.0,0.0
135d08m57pt65244372s20d53m59pt08873487s,135.1493479010342,20.89974687079747,0.0,0.0,0.0,0.0,0.0
135d08m56pt79607738s20d54m01pt28872719s,135.14911002149546,20.9003579797741,0.0,0.0,0.0,0.0,0.0
135d09m10pt92541051s20d53m36pt88870194s,135.153034836252,20.893580194983375,0.0,0.0,0.0,0.0,0.0
135d09m14pt56487688s20d53m44pt28864312s,135.15404579913232,20.895635734199505,0.0,0.0,0.0,0.0,0.0
135d09m09pt85504789s20d53m38pt48871516s,135.1527375133014,20.894024643099215,0.0,0.0,0.0,0.0,0.0
