object_id,ra,dec,key,WFC3_F502N,WFC3_F606W,WFC3_F625W,WFC3_F656N,WFC3_F775W
16d23m44pt22264049s-24d38m43pt58535203s,16.39561740013605,-24.64544037556473,a141,-0.0033686542414222494,-0.00023762774997967216,-0.0004588373903141787,-0.06360112147048756,-0.0005982514187037949
16d22m38pt21034632s-24d38m27pt78536621s,16.37728065175652,-24.641051490613766,a141,0.014897143958419711,0.00012268792869825815,0.0001600001595837144,0.01796024749854681,0.0005876667435336296
16d23m19pt35750823s-24d38m39pt98629732s,16.388710418951817,-24.644440638143095,a141,0.699053557661688,0.024838428324448956,0.03947445536603213,3.4651165717562153,0.0500113578533097
16d23m11pt21592155s-24d39m07pt58635986s,16.386448867097652,-24.65210732218444,a141,0.29731597621361977,0.011544073867085133,0.018960442866515784,1.6302453732540918,0.024775949828310696
16d23m34pt54069919s-24d38m44pt18585516s,16.39292797199671,-24.645607181989106,a141,0.000988022849046493,8.001277012994366e-05,0.00013634148840605356,-0.03949400588408942,3.818387744346879e-06
16d23m25pt29930915s-24d39m00pt18617469s,16.39036091920871,-24.65005171519112,a141,0.08473962420872178,0.0029268081344969604,0.004683133650514971,0.3866812003233002,0.005396949168922272
16d22m51pt19268571s-24d38m24pt38599595s,16.380886857140663,-24.640107221096084,a141,0.1721932026310055,0.00676517348733481,0.011403942131494739,1.0486162638494816,0.015714662847281045
16d23m41pt80164201s-24d38m36pt18549406s,16.39494490055822,-24.64338485946044,a141,0.12738758378446155,0.0049205080490422265,0.008403856408000279,0.742727502809279,0.011267625697471783
16d23m22pt87887854s-24d39m05pt98623242s,16.389688577373406,-24.651662842339338,a141,0.02135861555139981,0.0007202728456892055,0.001133126381521502,0.06765722539753033,0.0009879586310522553
16d23m13pt19641962s-24d39m05pt18635586s,16.38699900544912,-24.65144065440608,a141,0.08952504009590755,0.0036076512223536666,0.005913499288202575,0.5025654468671006,0.00773212035520998
16d23m11pt43597948s-24d39m09pt38635975s,16.386509994298763,-24.65260732215406,a141,0.2382089740935345,0.009281002215337123,0.0153845964288089,1.3080251165051024,0.02033806458146532
16d23m07pt47497254s-24d39m05pt98634781s,16.385409714594214,-24.65166287439066,a141,0.02302675663148347,0.0008646501809019981,0.0014047015259084402,0.09456026391772378,0.001909436281660891
16d23m11pt21592114s-24d39m05pt98635988s,16.38644886698423,-24.65166287774384,a141,0.21254791138051168,0.008267845932194675,0.013550287018236908,1.1533399874547092,0.017850810758779388
16d22m47pt01172308s-24d38m29pt78582689s,16.379725478634004,-24.641607174134943,a141,0.017548202966075524,0.0007581082456480889,0.00129742161931528,0.10243548232375885,0.001754228973612865
22d58m24pt2009025s-13d37m11pt13269827s,22.97338913958469,-13.619759082851651,a209,0.00788066382715392,0.00037616357350544165,0.0005457733615354903,0.04413327755454788,0.0003906440369444053
22d58m00pt12367413s-13d36m18pt73309771s,22.966701020591856,-13.605203638253256,a209,-0.007379857826836075,-0.0003400018213800187,-0.0006724028550295578,0.0042583245244644605,-0.001206153515218459
22d58m06pt50286053s-13d36m36pt13305433s,22.968473016813828,-13.61003695953594,a209,0.38820721953999826,0.01932774392080541,0.03461125507493079,3.3718133092538998,0.05411397932806499
0d47m35pt7414972s-6d05m45pt46070142s,0.7932615269987924,-6.0959613059510875,a2697,0.007607900849023262,0.0003433877286712886,0.0006219170830839885,0.043631323697256856,0.0011786081190657024
0d47m48pt01092374s-6d05m28pt46077468s,0.796669701037554,-6.091239104079102,a2697,0.08378851701693361,0.004848150881187476,0.009228276571261894,0.8678955485022557,0.016219942169117797
0d48m10pt33722465s-6d05m57pt46071002s,0.8028714512914789,-6.099294641672274,a2697,0.0037630758692354022,0.00036811486510328556,0.0006941239915835602,0.04535829517614674,0.0014662362403731481
10d32m29pt62604642s-28d32m14pt41093398s,10.541562790672964,-28.537336370549756,a2811,0.10296372285385072,0.004465258947080299,0.007822305040548483,0.7531539766691984,0.012494476383972157
10d51m12pt20802915s-20d36m51pt92323091s,10.853391119208057,-20.6144231196972,a2813,1.4049495255342037,0.09981894469066102,0.19109655468973058,21.20950896696111,0.4009861792888248
36d28m16pt31991583s-41d54m50pt94375995s,36.47119997661891,-41.91415104443093,a3017,1.379168765170379,0.05540580170927824,0.09435874862965772,8.650844004775207,0.16087235117816961
2d56m01pt6186889s-15d22m59pt00637594s,2.93378296913935,-15.383057326648919,macs0011m15,0.016159012880144943,0.0006847048721525238,0.0013695313156947692,0.17178945046345398,0.0023956827178150735
2d55m43pt77956828s-15d22m53pt40661766s,2.9288276578549586,-15.381501838238446,macs0011m15,0.025694834802152212,0.0007527289119794309,0.0013199012700855419,0.10850891270410391,0.0017410176403956056
4d45m34pt18986889s-40d51m43pt60755318s,4.759497185801797,-40.86211320921588,macs0018m40,0.06973373750034155,0.0029937511009585646,0.00518331062521886,0.48828453449067827,0.008067669924614357
4d45m39pt2142948s-40d51m33pt60754707s,4.760892859665771,-40.85933542974102,macs0018m40,0.011888457973196258,0.0004863823730475461,0.0009166185206881508,0.1042409062630866,0.0007995578525622573
4d45m51pt11481506s-40d51m45pt80729101s,4.764198559739286,-40.862724247501895,macs0018m40,0.07528850319797195,0.003408154912542821,0.005902678149272519,0.5405638813623357,0.008090455311813538
4d45m49pt52797661s-40d51m43pt60734478s,4.763757771280492,-40.862113151328316,macs0018m40,0.07307748598729422,0.0033818701276880506,0.005841991604147353,0.5156984924691009,0.008070344315364176
6d51m29pt34954568s26d06m43pt24716465s,6.8581526515791404,26.11201310129174,macs0027p26a,0.016608873275191588,0.0006022245368325626,0.0009662435766369278,0.07207183037395852,0.0012177708264315443
6d51m53pt18242635s26d07m25pt44751243s,6.864772896208636,26.12373542011841,macs0027p26a,-0.0032955913573001427,-0.00014669998173744714,-0.0003405230589094771,0.029687888738264084,-0.0008679192555823345
6d55m59pt84380653s26d16m16pt59913458s,6.933289946256946,26.271277537384236,macs0027p26b,-0.0038785089657388484,-0.000268897260408084,-0.0005455564912034043,-0.057501084170365556,-0.0007976203246728579
6d56m17pt01762799s26d16m09pt99921007s,6.938060452220176,26.26944422501862,macs0027p26b,0.022010912025005654,0.0006909818247464974,0.001035086260456039,0.07795531397383379,0.0008239832526889427
7d01m34pt1974354s-75d38m08pt43216435s,7.026165954278846,-75.63567560120777,macs0028m75,0.6473461411008214,0.033530136834696835,0.060066033753981306,5.271180905154624,0.10445649240427088
8d02m47pt09655564s18d08m51pt60579824s,8.046415709899861,18.147668277288183,macs0032p18,-0.0033058803965667636,-0.00024174630186634302,-0.00043317689551851325,0.0021339897173600457,-0.0008586657136837372
8d02m35pt52050175s18d08m58pt20551832s,8.043200139374601,18.149501532867337,macs0032p18,-0.004865771911228495,-0.0002800111578170442,-0.000452649244387625,-0.0864289304248758,-0.0009758898494315218
8d03m05pt19704876s18d09m02pt80585028s,8.051443624655189,18.15077940285534,macs0032p18,0.05462607440868661,0.0026078457117302695,0.004685477246972391,0.4298259733606609,0.008040150664483913
8d28m12pt32957902s-7d52m32pt20133609s,8.47009154972909,-7.875611482247887,macs0033m07,-0.008731128486740479,-0.0002603444164387699,-0.00044637394366409675,-0.023228914358249735,-0.0007219018350319554
8d27m50pt12046461s-7d52m03pt00122377s,8.46392235128097,-7.867500339937108,macs0033m07,0.009654011788632667,0.0007424015314981263,0.0014244263691701121,0.28234287322774215,0.003240884235200685
8d28m41pt604992s-7d51m59pt20098902s,8.478223608888783,-7.866444719172139,macs0033m07,0.031150656063132973,0.0015289794112264775,0.0027288264959783896,0.2516687009050909,0.004255247602022954
8d28m23pt63602941s-7d52m12pt40126884s,8.47323223039076,-7.870111463567701,macs0033m07,0.02218348737984643,0.0017102384544758706,0.003357892005047775,0.34593973421149443,0.0059016074676526645
8d37m19pt76273492s2d25m00pt32498946s,8.622156315256571,2.416756941516139,macs0034p02a,-0.0071668596059375495,0.00017151214637026497,0.0005522855415272612,0.047968442957735884,0.0010861577203510587
8d36m52pt73873908s2d25m14pt32514144s,8.614649649744297,2.4206458726225755,macs0034p02a,-0.014896801620108225,-0.0005418436898742549,-0.0009442431663682658,-0.09020935057869173,-0.001817133866636601
8d36m53pt7396396s2d25m16pt72513846s,8.614927677665994,2.4213125384601866,macs0034p02a,0.06007388775592027,0.003823368197812896,0.007137928910092244,0.6730973538258582,0.012013604193873935
8d37m24pt36688605s2d25m06pt32494849s,8.62343524612455,2.4184235968031413,macs0034p02a,0.012272144174075702,0.0014259688421259728,0.002771824846368991,0.3182702018504744,0.0038737435391468077
8d37m10pt15434495s2d25m24pt52506028s,8.619487318043038,2.423479183410281,macs0034p02a,0.05173864887882384,0.003932254483353445,0.007431594561927668,0.7121954394264097,0.012110836942573415
8d44m29pt97104791s2d34m00pt39179231s,8.741658624419124,2.5667754978644983,macs0034p02b,0.003511154998155762,0.0012433822383241865,0.0026827357246276117,0.2547881566115652,0.005502919105321459
8d44m08pt54961201s2d33m49pt19173596s,8.735708225557154,2.563664371100013,macs0034p02b,0.006211918120596457,0.0007534397530468375,0.001502317497458384,0.13652580836266598,0.002818188034885442
8d43m55pt93713655s2d33m29pt99165659s,8.732204760152287,2.5583310157194243,macs0034p02b,0.05336148495381107,0.0026148957134026034,0.004365058311705414,0.36477128835140954,0.004077234612267057
8d43m58pt33951374s2d33m32pt39167439s,8.73287208715128,2.5589976873294926,macs0034p02b,0.056569462520994075,0.002783443091152983,0.004786215684929505,0.3586574554996101,0.004823120731170716
12d54m12pt50705881s27d19m41pt07114923s,12.903474183002112,27.328075319230518,macs0051p27,0.008203833285406742,-0.0003793667781324875,-0.0006320532324828257,-0.044793294801620476,-0.0011048280817400342
12d54m57pt08270016s27d19m55pt67132128s,12.915856305599698,27.332130922578326,macs0051p27,-0.024866635812712326,-0.0002949477750146335,-0.0002262281507205544,0.001291541742859927,0.00043060258551157904
12d54m34pt1191408s27d19m39pt47172348s,12.909477539110501,27.32763103430021,macs0051p27,-0.01077258322580216,-0.00033063975311399665,-0.0004633190697358662,-0.07789656036065515,-0.00036151850033694404
17d52m26pt11573256s8d55m40pt5527223s,17.873921036823326,8.927931311749049,macs0111p08,-0.009109290766651039,-0.00025941657389684,-0.00041088505138904064,-0.04615766567576939,-0.000771410782143241
17d53m07pt61874487s8d56m05pt75307645s,17.885449651352566,8.934931410123806,macs0111p08,-0.00978751918959347,5.029000535691166e-05,0.00030804564469572184,0.057608357854317456,0.0008320179167610156
24d30m55pt80557939s-21d55m31pt49246619s,24.515501549831114,-21.925414573940934,macs0138m21,1.2626123520452972,0.032381606535442906,0.06208122577122611,6.497520487428622,0.11817796001398326
24d30m59pt90139654s-21d55m09pt49240601s,24.51663927681674,-21.919303446115237,macs0138m21,0.00010588419235782996,-6.772108791715558e-06,9.781158477433625e-06,-0.02513581218962016,3.073123970711818e-05
24d31m02pt27310359s-21d55m20pt2923582s,24.517298084329358,-21.922303432833232,macs0138m21,0.12643408619260452,0.003684459434020781,0.005359525564218713,0.3885975854541055,0.005773573317520738
24d30m35pt75502313s-21d55m44pt49235452s,24.50993195086999,-21.929025654033342,macs0138m21,1.0082941576874522,0.04246751958862773,0.07038691651920469,5.884738555616332,0.07935210748329316
24d30m37pt04859018s-21d55m45pt69238209s,24.51029127504925,-21.929358995024447,macs0138m21,0.822640805872795,0.03655556793814532,0.061442816963394195,5.187930415971576,0.0709399246256145
24d30m57pt53061573s-21d55m48pt89244417s,24.5159807265927,-21.93024790115726,macs0138m21,0.051082638501065744,0.002332395976677187,0.004070733805652478,0.6937680175068862,0.006778839859187375
24d31m00pt33295145s-21d55m27pt09239796s,24.516759153179958,-21.924192332766825,macs0138m21,0.2212305837150178,0.011384825147995398,0.02050295483615665,1.9389217300723516,0.030398470168928875
24d30m58pt17739765s-21d55m47pt69243466s,24.516160388235388,-21.929914565184216,macs0138m21,0.03283730160017449,0.0016296533806069529,0.002863060529434169,0.5931651916710523,0.004236845081443946
24d30m53pt43392294s-21d55m16pt69248821s,24.514842756371863,-21.921303468945958,macs0138m21,-0.0047937343628917176,-0.00039961706235171256,-0.0007508879709563224,-0.07703723598674077,-0.0012890824266464295
25d00m17pt15509315s-5d55m07pt39686965s,25.004765303652032,-5.918721352679324,macs0140m05,0.07483640149308915,0.0037912889967043734,0.006779213779865521,0.6149362883085543,0.009656482826772212
25d01m39pt35696146s-34d10m31pt20016587s,25.02759915596234,-34.175333379408116,macs0140m34,-0.01362058584227952,-0.0004598705444179249,-0.0007530807529755857,-0.04739618205540325,-0.0008033039092775222
25d01m36pt45600265s-34d10m26pt6001902s,25.026793334068856,-34.17405560838989,macs0140m34,0.0002650317289931948,-0.0003526572259651386,-0.0006429810281336905,-0.05861786927568077,-0.0008680025175837554
28d07m52pt64210062s-28d53m03pt97154321s,28.13128947239406,-28.884436539781305,macs0152m28,-0.019503506190790658,-0.0008817865761410424,-0.0015182099387822856,-0.17260824477786452,-0.0024281894484693505
28d07m06pt27061441s-28d53m28pt16925471s,28.11840850400225,-28.891158126309538,macs0152m28,0.0017614918666435794,0.0002683229868155118,0.0004811713565841443,0.04003655220831284,0.0006049504853193319
28d07m28pt65921543s-28d52m52pt17091043s,28.124627559841763,-28.881158586229237,macs0152m28,-0.014949957961207483,-0.00034955902318209735,-0.0005497300619768533,-0.07319605244209537,-0.0012744417867508356
29d46m00pt19654s-34d13m31pt49453773s,29.766721261111446,-34.225415149368395,macs0159m34,-0.00023035521741884013,1.8897936638017287e-05,0.00020511407838686848,-0.006791843925095481,0.000463932529907164
34d19m31pt98968793s-52d45m42pt50028208s,34.32555269109046,-52.761805633911635,macs0217m52,0.05763565795824892,0.0016245133375213864,0.0023568858837093847,0.15327384442180736,0.003740887961073039
34d18m39pt1087464s-52d45m32pt50304245s,34.310863540665665,-52.75902862290355,macs0217m52,0.023983198223606655,0.001776756739730486,0.003630130889098822,0.3310714354762262,0.007566076823768655
34d18m15pt97052766s-52d45m56pt5021961s,34.3044362576841,-52.76569505447286,macs0217m52,0.1546063051991917,0.009500279147621419,0.017689777974186333,1.6040718559221807,0.027334380796951073
34d34m55pt73093721s-31d41m56pt42873486s,34.58214748255707,-31.699007981905503,rxj0218m31,0.005970706756839637,9.786980742583055e-05,9.14310790152559e-05,-0.029235251702911875,-0.00020355695763619083
34d34m31pt75522611s-31d41m36pt42835792s,34.57548756280794,-31.69345232164579,rxj0218m31,0.14217424961511385,0.011367936765712664,0.021704130782058864,1.869611264513269,0.03694846646320088
34d34m43pt74198831s-31d42m20pt22870196s,34.578817218975026,-31.705619083879018,rxj0218m31,0.01707632761107303,0.0006493543060139387,0.0010960927568344496,0.07394837039758148,0.0012120782006838796
38d04m43pt56908128s-44d20m30pt25594442s,38.07876918924535,-44.34173776233986,rxj0232m44,-0.043555848243893226,-0.00034257499324917643,7.371830924566446e-05,0.05993534271741925,0.0006852165600323635
38d04m51pt11588217s-44d21m05pt45641969s,38.08086552282515,-44.35151567213619,rxj0232m44,-0.008829288574481547,-0.0006034892924809025,-0.0009616931167746456,-0.04297829054386223,-0.001499545512998536
38d04m52pt23490236s-44d21m03pt05647846s,38.08117636176589,-44.350849021793245,rxj0232m44,-0.013624112538662915,-0.0006153014917854286,-0.0009407946063200834,-0.1532232020777624,-0.0014632426609825736
38d04m38pt81394627s-44d20m37pt055574s,38.077448318407335,-44.34362654833203,rxj0232m44,-0.007390454416350147,-0.00025194610854942066,-0.00046556027596713256,-0.03887791428115878,-0.0007556134606050728
38d04m57pt55184527s-44d20m25pt65671619s,38.08265329035348,-44.34046019894167,rxj0232m44,0.1366462155170436,0.004894207723484818,0.008006863249629367,0.6916992598723797,0.010070738557336215
38d04m12pt5165831s-44d21m10pt25253581s,38.07014349530422,-44.35284792661314,rxj0232m44,-0.007711625028431131,0.0003109506553364556,0.0005642461537847164,0.029772666858045534,9.088673500732764e-05
38d04m36pt85454668s-44d20m47pt45540542s,38.076904040744495,-44.34651539039307,rxj0232m44,0.3861015400948259,0.036051421632358104,0.07102946525626734,6.699208964321516,0.12930254403089175
4d46m56pt37672986s-20d26m43pt35221169s,4.782326869404984,-20.44537561435892,s26,0.004009865994103981,0.00010921879523649921,0.00017497905292108314,0.0076904633044468035,0.00041001202174796266
4d47m15pt15971359s-20d26m34pt5520152s,4.787544364885602,-20.442931115334574,s26,-0.006354402140080668,-0.000199251287616259,-0.0003568543639036722,-0.051373670379550325,-4.194840098895918e-05
4d46m59pt15152699s-20d26m28pt35221793s,4.78309764638728,-20.441208949424723,s26,0.2848338661587856,0.023699627724724514,0.045585473799957615,3.9203255430023582,0.08000053587096706
224d52m11pt15052862s-18d11m12pt00763245s,224.8697640357269,-18.186668786790314,s780,0.026124933433501616,-0.0006100516080738647,-0.001559648306455989,-0.25423940187570737,-0.0070901461041082085
224d52m15pt36113317s-18d10m25pt20766811s,224.87093364810238,-18.173668796698543,s780,-0.11917037156227282,-0.00320580666303845,-0.005287889405614624,-0.546089092481571,-0.008212649490438475
224d52m14pt93999625s-18d10m45pt80766572s,224.870816665625,-18.179391018255398,s780,4.066975972027622,0.1901006830496627,0.34152325894192026,32.775727633338825,0.6568015947753558
224d52m16pt41356234s-18d10m42pt80767292s,224.87122598953792,-18.178557686921437,s780,2.5912601118325003,0.1494446560138275,0.28183746037650503,27.80999151564573,0.5613456239847895
224d52m28pt20175298s-18d10m30pt40761811s,224.8745004869401,-18.175113227253682,s780,0.38211139767313873,0.015393807118454526,0.0259370173415907,1.9657841914773095,0.031801193991492505
57d56m48pt79154107s-73d58m48pt60684687s,57.94688653918589,-73.98016856857441,a3186,0.020705546875506256,0.0006190167497323701,0.0010237964293976865,0.07316669574817354,0.0011726907722527467
57d57m19pt18502289s-73d58m03pt20516538s,57.955329173023635,-73.96755699038196,a3186,0.18628002765381318,0.010399860910248821,0.01852899508343981,1.4502362804978284,0.029337363280193512
57d56m58pt90723155s-73d58m01pt20641911s,57.949696453207565,-73.96700178308524,a3186,0.1151965116994842,0.006141284626776625,0.010859384310050414,0.8669096216969696,0.016734240071171164
57d56m53pt83982568s-73d58m04pt00664979s,57.94828884046664,-73.96777962494207,a3186,0.058057167637793075,0.003041807155363216,0.005333961747325008,0.44041704730405573,0.007886586741649543
77d34m26pt41964476s-45d19m21pt89816852s,77.574005456878,-45.32274949125679,a3322,0.4661776123785018,0.023123892384218123,0.04126258225089445,3.8317645180667905,0.06251929296791928
77d33m52pt28579072s-45d19m21pt29705831s,77.56452383075523,-45.32258251619784,a3322,0.048177609196486705,0.002628199571831238,0.004810076883489559,0.4583053922313219,0.008004574196466323
77d34m16pt46489436s-45d18m50pt09813663s,77.57124024843284,-45.313916149064454,a3322,0.038341504710013616,0.001327013336745454,0.0022108869637450916,0.14279227625999943,0.0034090764875373456
86d54m02pt06828667s-31d52m21pt54405832s,86.90057452407386,-31.8726511273119,a3364,0.02930410793557059,0.0009969869917031793,0.0016219056257686959,0.08828585837737588,0.0017707811451504894
91d28m01pt55559375s-35d18m25pt74619137s,91.46709877604255,-35.30715171982486,a3378,-0.00530667810445531,-0.0003723040420700009,-0.0006930385712772799,-0.023988268054530058,-0.0008479049911570526
91d28m58pt16999931s-35d17m42pt95100288s,91.4828249998071,-35.29526416746644,a3378,-0.002734727369597565,-0.00033571651983719923,-0.000662369981309459,-0.02060981032574222,-0.001235589421549138
91d28m53pt02331169s-35d17m59pt55086774s,91.48139536435897,-35.299875241038585,a3378,-0.004215075376788903,-0.00014778360963371817,-0.0003074122759199296,-0.04734003060375805,-0.000930477550208461
91d28m44pt69130426s-35d18m00pt75052166s,91.47908091784922,-35.30020847823766,a3378,0.08874871971607658,0.004089728147955289,0.007090516611594812,0.6444903768054416,0.012023842932066769
91d28m43pt71113891s-35d17m59pt95047053s,91.47880864969667,-35.29998624181484,a3378,0.13990825779192514,0.006735848703712971,0.011824536271231059,1.1064291085041038,0.019403669089136006
91d28m43pt71105887s-35d18m00pt9504705s,91.47880862746408,-35.30026401958398,a3378,0.07722809452216499,0.0036580311639524813,0.0063288809163183045,0.563722115631261,0.010790307178881462
91d28m32pt43779589s-35d18m06pt14972423s,91.47567716552496,-35.301708256729235,a3378,1.4113686793434876,0.07777602042104353,0.14099418921968063,14.452656285251134,0.23463346309278946
91d28m04pt50211571s-35d17m59pt74662321s,91.46791725436461,-35.29992961755859,a3378,0.020371483491912524,0.0010820514100561287,0.0019300601418433283,0.12077334042252737,0.0028349777430384197
91d28m28pt02579828s-35d18m12pt74935296s,91.47445161063362,-35.3035414869335,a3378,0.20373836248919194,0.011284875527816658,0.020449797913473015,2.0530483574788336,0.033327112370231914
91d28m26pt55567156s-35d18m10pt74921944s,91.47404324209927,-35.30298589428815,a3378,0.3274754310347243,0.017878824812996682,0.03232659498386407,3.2794397937048894,0.053488387961450244
91d28m28pt76168372s-35d18m07pt54941805s,91.47465602325526,-35.302097060569714,a3378,2.3834915690245397,0.13214044347636905,0.24013276077892634,24.837220509280133,0.40208132427901744
99d19m52pt384047s-48d28m52pt49613389s,99.33121779083456,-48.48124892608089,a3399,0.002127837238208157,0.00018302713089804478,0.00035264814479038617,0.028788545078205042,0.00040069425374243136
42d00m25pt11764436s-3d32m09pt88493573s,42.006977123434105,-3.5360791488145193,a383,0.050002594991211985,0.001493255351639642,0.0023534008604773867,0.1904145310214238,0.002984151079358948
42d01m09pt00113333s-3d31m54pt88505542s,42.019166981481916,-3.5319125153940685,a383,0.05312300913883949,0.003348900357824045,0.0062358647517321815,0.6023873079720852,0.008185636934400666
73d33m13pt45421257s2d57m13pt64663919s,73.55373728126835,2.9537907331076263,a520,-0.0084723099003794,-0.00045298716903817004,-0.0008644375929560001,-0.0678387610726531,-0.0017301279480028187
38d39m53pt86576804s-58d31m03pt44572608s,38.66496271334575,-58.51762381279874,macs0238m53,-0.006286410293253659,-0.00029340441869543047,-0.00047075467213400285,0.024404701969197747,-0.0007113061264675314
38d39m44pt64316779s-58d31m52pt44420975s,38.66240087994077,-58.531234502708934,macs0238m53,0.0330781328059707,0.0011843697008824807,0.0018831411113949307,0.14379534812486486,0.00238991081444825
38d41m16pt20401233s-58d31m03pt85113782s,38.68783444786991,-58.517736427171705,macs0238m53,0.20422476647471208,0.009108252495613799,0.015720807627416972,1.4569733849344797,0.023935562340063946
38d39m56pt52055987s-58d31m51pt04612994s,38.665700155519254,-58.53084614720596,macs0238m53,0.05113792201860646,0.002990177729314628,0.005539330852572715,0.5025384677882271,0.007749229930249431
40d38m59pt87142409s-21d32m25pt96496864s,40.64996428446892,-21.54054582462238,macs0242m21,0.8328175867965475,0.05598531667968584,0.10333085586737518,10.50698835427048,0.1720426415018909
40d38m58pt36630444s-21d32m23pt56496996s,40.64954619567878,-21.539879158321842,macs0242m21,0.27380593668840486,0.020503743818124472,0.038708318092728906,3.776850155777883,0.06689318325274764
40d38m55pt57108047s-21d32m25pt76496246s,40.64876974457417,-21.540490267348623,macs0242m21,0.25211828380797385,0.019036013781583042,0.036101526726364096,3.4581069731767866,0.06253977719365775
44d16m49pt4645361s-23d26m27pt69314013s,44.2804068155829,-23.441025872258386,macs0257m23,-0.00027083674927930206,4.4105735220381096e-05,0.0002287491615497535,0.009972866781535195,0.00048477608757514984
47d13m45pt18308447s26d45m29pt90595372s,47.22921752346435,26.7583072093658,macs0308p26,0.008408175127976406,-0.0001267001415132566,-0.0006043874515584306,-0.08517536208273689,-0.0017946170623317314
51d42m11pt67972359s-0d44m11pt90717545s,51.70324436766274,-0.7366408820690522,macs0326m00,0.11805248778902655,0.006467753863514848,0.01176791216821421,1.2746973235896217,0.018366575384666742
59d42m42pt61298438s-29d55m42pt69872441s,59.71183694010491,-29.928527423446457,macs0358m29,0.002804009247887585,1.6560231563167672e-05,-1.6626780454276773e-05,-0.009660257907706218,-7.843123642430241e-05
61d04m16pt35854086s-27d02m41pt28837823s,61.071210705793774,-27.044802327285677,macs0404m27,-0.005415688765285401,-0.00028560684727299725,-0.0005320930389077612,0.00475939229430097,-0.0008595343365651372
61d04m18pt82674285s-27d03m14pt28849662s,61.071896317457764,-27.05396902683838,macs0404m27,-0.043272617145554096,-0.0010664863674995073,-0.0016899244692388858,-0.198086413223752,-0.002654315788192673
61d04m21pt74797642s-27d02m38pt88862205s,61.072707771228536,-27.044135728346195,macs0404m27,0.12564202859794749,0.004521044894815998,0.007511633076383895,0.6983411109572544,0.009621746427739462
61d05m07pt33321354s-27d02m53pt08840245s,61.08537033709344,-27.048080111791975,macs0404m27,0.006402375264650118,0.001558245999709396,0.003035758740865114,0.2711554364133164,0.00712997004069532
61d08m20pt40057355s11d08m22pt22578941s,61.1390001593194,11.139507163725204,macs0404p11,0.15027509585093562,0.006102305567293655,0.010233386230486774,0.7598465392602992,0.014231373267849115
61d08m12pt85847736s11d08m18pt02581718s,61.13690513260126,11.138340504772234,macs0404p11,0.1697894217632783,0.009988321956691214,0.018524976666788453,1.5788555647439795,0.03559667650188755
61d08m01pt44341502s11d08m22pt22575939s,61.133734281950744,11.139507155386976,macs0404p11,-0.0020311034250657905,-0.00017063325382893956,-0.0002608634893532937,-0.0027409307843579683,-0.0002972725415953595
61d29m15pt98421158s-49d16m19pt74235927s,61.48777339210681,-49.27215065535313,macs0406m49,0.035307034143940375,0.004275710684579578,0.008553293887565361,0.8889847231664656,0.015296575083081257
72d20m32pt54167568s-28d49m36pt65181981s,72.3423726876891,-28.82684772772523,macs0449m28,-0.013225690368108448,-0.00023634798516863488,-0.00030323539092237293,-0.024995627568805984,-0.0003597343575682795
72d20m18pt38846883s-28d49m09pt05173514s,72.33844124134221,-28.819181037538637,macs0449m28,0.06882509754359406,0.005590090975489962,0.01102653701193853,1.1540146871555113,0.019552767396108846
72d20m10pt1706933s-28d49m08pt25149738s,72.33615852591643,-28.81895874927227,macs0449m28,0.1960848931454635,0.01619939234516363,0.031210343318868062,3.347436034039507,0.058101871988739805
72d19m49pt17085008s-28d48m56pt85026178s,72.33032523613272,-28.81579173938281,macs0449m28,-0.012201079402810847,-0.0003509126405311133,-0.00047029393679650554,-0.03209141802154839,-0.0009826652742832463
72d20m20pt67173166s-28d48m43pt05177671s,72.33907548101662,-28.811958826863776,macs0449m28,0.016372701764046697,0.0006371375305252151,0.0011837716691001877,0.1368461534461112,0.0017561737341844643
73d49m33pt22917319s6d57m52pt30004305s,73.82589699255209,6.96452778973635,macs0455p06,0.12670430042604608,0.00845822907236166,0.015923140494913984,1.4484562407086357,0.026105190430134935
82d26m16pt12654003s-31d44m51pt16420157s,82.4378129277858,-31.7475456115466,macs0529m31,0.03467712045183896,0.001382606805621558,0.002294762928829742,0.17510953598395998,0.002948387917372428
82d26m49pt05349642s-31d44m54pt96351295s,82.44695930456052,-31.748600975820526,macs0529m31,0.35306754837450527,0.018096399074034163,0.03222700841254648,2.9743571179031,0.05082276919744324
82d26m49pt75914006s-31d44m55pt76347245s,82.44715531668409,-31.74882318679089,macs0529m31,0.33292199974197073,0.01728228620540867,0.030801860481736443,2.8664276170231076,0.04877603280030375
82d26m13pt77483403s-31d44m43pt96416086s,82.43715967611888,-31.745545600239403,macs0529m31,0.19115121979079028,0.00727447966873956,0.012111050378330344,1.0305010680122983,0.017053209508306223
82d26m16pt83227649s-31d44m42pt16421161s,82.43800896569063,-31.74504561433614,macs0529m31,0.3405797876298847,0.014295451891041113,0.02445142254620263,2.192555611379386,0.03710352127703086
82d26m15pt89151056s-31d44m43pt56419814s,82.43774764182179,-31.745434499482755,macs0529m31,0.42227431848546276,0.01755599316633566,0.02999557817288454,2.6864114078889547,0.04507392951024261
82d26m12pt36229889s-31d45m28pt76413035s,82.43676730524597,-31.75799003620873,macs0529m31,0.007620476217666809,0.00041709781098163174,0.0007662333910780213,0.032029723129025106,0.0013856892061192446
86d45m43pt80905047s-39d04m29pt53186516s,86.76216918068606,-39.07486996254395,macs0547m39,0.65695456911503,0.04066225035547355,0.07112238659407598,6.589539694604,0.11447820423257238
86d45m47pt4153666s-39d04m25pt13166807s,86.76317093516602,-39.07364768557408,macs0547m39,1.5819590970152095,0.050957589007082735,0.07862398178408272,5.712354603806928,0.08056550310445543
86d46m00pt55633295s-39d04m40pt73068874s,86.76682120359628,-39.07798074687324,macs0547m39,0.8053632989868922,0.029009014438920934,0.045988634656764824,3.7764635568695595,0.05541046355218053
86d46m01pt84293669s-39d04m30pt5305709s,86.76717859352586,-39.07514738080678,macs0547m39,-0.011400743450466112,-0.00019286685011115967,-0.00022551236519264024,-0.0766183102725784,-0.0005300455668719365
86d45m44pt32479652s-39d04m35pt33183885s,86.76231244347804,-39.07648106634725,macs0547m39,0.1146438457850306,0.011116974031896347,0.021718725954116627,2.1125928844349287,0.03892688465626528
86d45m26pt03284796s-39d04m22pt53238582s,86.75723134665522,-39.0729256627271,macs0547m39,0.047850000108156265,0.002556996139924527,0.004541237041111811,0.4495113450373563,0.006644220628476419
88d21m52pt47042617s-33d42m43pt39125989s,88.36457511838123,-33.71205312774827,macs0553m33a,-0.02377422357125788,-0.0004367737097507824,-0.0005102696334225872,-0.042080970473457824,-0.0003757729676230662
88d21m08pt23096203s-33d42m11pt39349775s,88.35228637834102,-33.703164860484925,macs0553m33a,-0.01804723005445648,-0.00037838507119153207,-0.0004213698213470009,-0.024940690831593133,-0.0008151751618263636
88d21m54pt38932442s-33d42m13pt19106439s,88.36510814567254,-33.70366418455411,macs0553m33a,-0.02081950624185281,-0.00059066061595274,-0.0009477201458231693,-0.07803750850256189,-0.0012638595329046477
88d20m09pt74633861s-33d42m54pt2999808s,88.33604064961483,-33.71508332800021,macs0553m33b,0.057574585818566754,0.0024992551932883672,0.00423055354089437,0.46275517386405657,0.004777297046987762
88d19m48pt8284935s-33d42m42pt89990813s,88.33023013708375,-33.71191664114773,macs0553m33b,0.004292147643075515,0.00026086422338142536,0.00045682062880187876,-0.0009943498882740269,0.0003876664310991375
88d19m51pt9540592s-33d42m44pt29998123s,88.33109834977691,-33.71230555034175,macs0553m33b,0.013278487638203586,0.0006882681863995247,0.0012433968378204369,0.07140026807368861,0.002532567972698645
88d20m26pt81459385s-33d42m18pt69931468s,88.34078183162464,-33.705194254078826,macs0553m33b,0.02936915864579543,0.0015038365779046394,0.002621656875680502,0.28212322673184265,0.003481675289155787
90d02m09pt29683101s-20d08m25pt42075551s,90.03591578639167,-20.14039465430772,macs0600m20,-0.006219331048714106,-0.0001187085025363672,-0.00022585952922667945,0.015920179690733078,-0.0008890131612973123
90d01m35pt85316203s-20d07m59pt41999829s,90.02662587834072,-20.133172221746328,macs0600m20,0.16072541512733662,0.008386933962914256,0.015180974459945781,1.371287638579513,0.024418135035764354
92d56m40pt78433942s-30d37m20pt36208363s,92.94466231650597,-30.62232280100793,macs0611m30,-0.0032358103058888013,-0.00016261490145645928,-0.000260741203776062,0.008557672712651062,-0.00035141198220211455
92d56m43pt10698141s-30d36m52pt76199783s,92.94530749483593,-30.614656110508314,macs0611m30,-0.004624953364090561,-0.00015036266920491497,-0.0002580199792345199,-0.060572049953898505,-0.0005018074960515131
92d56m24pt28316721s-30d36m47pt16236396s,92.9400786575596,-30.613100656654797,macs0611m30,0.015222463376040987,0.0007908184744802565,0.0013605086566458103,0.06917166792990614,0.001536955672665868
92d56m11pt9660189s-30d37m01pt76219597s,92.9366572274719,-30.617156165547545,macs0611m30,0.16278619402215322,0.01219673345509622,0.023803615011964787,2.4263441895012905,0.04339561921076069
92d55m59pt8825963s-30d36m43pt16171806s,92.93330072119318,-30.611989366128352,macs0611m30,0.1682288805856166,0.009408811788986901,0.01719618106826462,1.7020986981902728,0.028747284210708796
92d55m47pt79458085s-30d37m20pt36092911s,92.92994293912633,-30.622322480307687,macs0611m30,0.014301711141067371,0.0008914926165605083,0.001613985566693934,0.12441746979156629,0.0022264912197189133
110d51m11pt41361453s-73d27m34pt64474649s,110.85317044847947,-73.4596235406916,macs0723m73,0.03437630513372744,0.0012998577497324796,0.0019816938345358502,0.1379162326465267,0.003431045751155301
110d48m46pt69244396s-73d27m26pt86286416s,110.81297012332253,-73.45746190671217,macs0723m73,-0.00488318401082217,-0.00042037484189581884,-0.0007141396504657158,-0.07758597075594696,-0.0014961940583641021
110d50m13pt03741408s-73d26m56pt65538492s,110.83695483724578,-73.44907094025476,macs0723m73,-0.0012287525408921124,-0.00025527778679272243,-0.0004454580541684676,-0.11074997951722158,-0.0009544243081581357
110d50m17pt95383063s-73d26m57pt65466219s,110.83832050850948,-73.44934851727518,macs0723m73,0.004228525488938453,-9.739914785280835e-05,-0.00017953593413027818,-0.0980106072275076,-0.0009299041205934658
82d13m07pt1333634s-39d27m50pt76770368s,82.21864815650078,-39.464102139910395,rbs653,0.09693799507361686,0.003179110166160281,0.0048569422973968115,0.4194261067000278,0.006330103772742964
82d13m14pt38817517s-39d28m16pt76757612s,82.22066338199241,-39.47132432670034,rbs653,0.5219835846296836,0.030317340923338123,0.05549283085187353,5.042962901112147,0.09110118068444434
48d13m47pt986321s8d22m22pt30596361s,48.22999620027693,8.372862767668968,rxj0312p08,0.010200028283788064,0.0006302961501606421,0.001127376746374256,0.06202663502590932,0.0010720136194554313
52d46m16pt46385503s-21d00m22pt19638647s,52.77123995973191,-21.006165662909208,rxj0331m21,1.9405236996091237,0.06321912610459761,0.0987073146831062,8.573244929355695,0.1290702020223126
52d46m11pt32141615s-21d00m33pt79612557s,52.76981150448514,-21.00938781265717,rxj0331m21,0.042283841317292896,0.002286200665862573,0.004000263325702201,0.33782819140942333,0.006890625761454014
69d17m28pt77928939s0d44m15pt0027323s,69.29132758038661,0.7375007589711621,rxj0437p00,-0.0014380535433338518,-0.00019470598901127347,-0.0003487463286585584,-0.05521848896493541,-0.0005117495992012888
69d17m05pt57736722s0d44m07pt40274998s,69.28488260200629,0.7353896527733936,rxj0437p00,0.2805517549449584,0.010948853157058569,0.01813003781869086,1.594222403354719,0.02373651093985199
69d17m43pt5804299s0d43m39pt4027042s,69.29543900830672,0.7276118622764877,rxj0437p00,0.009166561964943545,0.0001887588989353641,0.0001868091836481475,0.038040408102435544,0.00016762115393541537
69d45m33pt88085519s5d20m43pt64429647s,69.75941134866486,5.345456749020105,rxj0439p05,0.6368546366343963,0.04037142180985027,0.07553240174357977,7.187968711449635,0.15322636703366785
69d45m57pt18221633s5d20m24pt44445001s,69.7658839489792,5.340123458337105,rxj0439p05,-0.0011936318588790854,-0.00010231694035348791,-0.00014524899305637016,-0.05094242833484176,-0.00038576804498006344
69d45m31pt269462s5d20m46pt44426403s,69.75868596166585,5.3462345177849375,rxj0439p05,0.20482657208930266,0.014021163561762268,0.026651286376866166,2.632470647435106,0.04897805924150246
69d45m32pt27392228s5d20m39pt24427693s,69.75896497841198,5.344234521368426,rxj0439p05,0.09741728737406086,0.00710884971754,0.013657027722430137,1.2598179109339234,0.02728132988824717
69d45m32pt27386659s5d20m43pt64427689s,69.75896496294158,5.3454567435794,rxj0439p05,0.5304556635066182,0.0336188222515744,0.06295001956048991,6.061988504922642,0.12356660903530649
69d45m31pt06867267s5d20m40pt04426147s,69.75863018685399,5.344456739297194,rxj0439p05,0.1260631627800539,0.008876149791870392,0.01702882024765408,1.6356340319693123,0.03278308979895031
69d45m35pt48783484s5d20m44pt44431489s,69.75985773190015,5.345678976358801,rxj0439p05,0.5070002949492087,0.033319961748376245,0.0627131946445018,6.0112174587413625,0.12653352114103264
69d45m54pt77167291s5d20m57pt64444538s,69.76521435358696,5.3493456792715826,rxj0439p05,-0.008036443407300645,-0.00023012163188532224,-0.00038169637996683913,-0.044260154150965667,-0.00036369602378127843
69d44m56pt90091447s7d16m02pt45142932s,69.7491391429077,7.267347619254366,rxj0439p07,-0.014171021955535192,-0.0005124615604268061,-0.000914231316960669,-0.00625596645125145,-0.001563380625918241
69d44m56pt29614464s7d16m27pt05143154s,69.74897115128907,7.274180953204831,rxj0439p07,-0.008260869717723107,-0.0003317603511210489,-0.0005799429207075096,0.023805476522568505,-0.0004448702770601118
69d44m49pt03772029s7d16m33pt65144138s,69.74695492230272,7.276014289271198,rxj0439p07,0.14334124190615685,0.004127839434994498,0.0061738204556344815,0.46474459023165116,0.006731423309701954
69d44m47pt02148888s7d16m31pt65143843s,69.74639485802234,7.275458732897742,rxj0439p07,-0.0016606253500784287,-4.601492815931956e-05,-5.9222839987941064e-05,0.0606258077049624,-6.01147703892738e-05
83d14m19pt60251085s-37d01m34pt11295918s,83.23877847523715,-37.026142488662046,rxj0532m37,0.036345526549290325,0.0010557947556093308,0.0017845193319529476,0.12285941209272268,0.0017597970337209835
83d13m31pt00166154s-37d01m45pt11213223s,83.22527823931703,-37.029197814509274,rxj0532m37,0.18930618041717537,0.006968979359950729,0.011421567553480312,0.949202727473852,0.015119897681099169
83d14m26pt36626535s-37d01m32pt91263786s,83.24065729593194,-37.02580906607291,rxj0532m37,0.11228690645040909,0.0047672986532928665,0.008383307461483466,0.7523339763145016,0.011256578998632649
83d14m11pt83589649s-37d01m13pt31319679s,83.23662108235935,-37.02036477688699,rxj0532m37,0.05529330464693644,0.0026594361610681187,0.004800854367531639,0.4955415028829408,0.0065945913131706235
135d09m40pt25284006s20d53m21pt28761991s,135.16118134445998,20.889246561085816,z2089,0.0,0.0,0.0,0.0,0.0
135d09m15pt42063723s20d53m20pt48862625s,135.15428351034092,20.889024618402086,z2089,0.0,0.0,0.0,0.0,0.0
135d08m46pt52043451s20d53m44pt48854338s,135.14625567625336,20.895691262048757,z2089,0.0,0.0,0.0,0.0,0.0
135d08m57pt01028476s20d53m49pt88872938s,135.14916952354343,20.897191313717816,z2089,0.0,0.0,0.0,0.0,0.0
135d09m28pt05055642s20d53m15pt68823891s,135.15779182122898,20.887691177475688,z2089,0.0,0.0,0.0,0.0,0.0
135d09m06pt42994093s20d53m57pt68874487s,135.15178609470314,20.899357984685366,z2089,0.0,0.0,0.0,0.0,0.0
135d09m17pt56217319s20d53m50pt88857857s,135.1548783814411,20.897469049602154,z2089,0.0,0.0,0.0,0.0,0.0
135d09m01pt29197837s20d53m29pt0887543s,135.1503588828811,20.891413542860217,z2089,0.0,0.0,0.0,0.0,0.0
135d09m12pt63809763s20d53m40pt88867693s,135.15351058267362,20.89469129914648,z2089,0.0,0.0,0.0,0.0,0.0
135d08m54pt86939303s20d53m54pt88870579s,135.1485748313986,20.898580196052816,z2089,0.0,0.0,0.0,0.0,0.0
135d08m58pt72285054s20d54m01pt88874269s,135.14964523626062,20.900524650747624,z2089,0.0,0.0,0.0,0.0,0.0
135d09m16pt70598875s20d53m56pt48859839s,135.15464055243186,20.899024610664153,z2089,0.0,0.0,0.0,0.0,0.0
135d08m52pt94267089s20d53m53pt0886783s,135.1480396308023,20.898080188417477,z2089,0.0,0.0,0.0,0.0,0.0
135d08m53pt3707574s20d53m57pt68868486s,135.14815854372222,20.899357968017405,z2089,0.0,0.0,0.0,0.0,0.0
135d08m55pt0834287s20d53m58pt28870842s,135.14863428574972,20.899524641227718,z2089,0.0,0.0,0.0,0.0,0.0
135d08m57pt65244372s20d53m59pt08873487s,135.1493479010342,20.89974687079747,z2089,0.0,0.0,0.0,0.0,0.0
135d08m56pt79607738s20d54m01pt28872719s,135.14911002149546,20.9003579797741,z2089,0.0,0.0,0.0,0.0,0.0
135d09m10pt92541051s20d53m36pt88870194s,135.153034836252,20.893580194983375,z2089,0.0,0.0,0.0,0.0,0.0
135d09m14pt56487688s20d53m44pt28864312s,135.15404579913232,20.895635734199505,z2089,0.0,0.0,0.0,0.0,0.0
135d09m09pt85504789s20d53m38pt48871516s,135.1527375133014,20.894024643099215,z2089,0.0,0.0,0.0,0.0,0.0
