object_id,logmstellar,logmstellar_error,ra,dec,z,angdisp,foreground,cluster_member,lensed,Z_dir,Z_dir_e,Z_j19,Z_j19_e,R23,R23_e,mean_vel_disp,sterr_vel_disp,zcluster,name,oiii5007_flux,oiii5007_flux_err,oiii5007_ew,oiii5007_ew_err,oiii5007_centroid,oiii5007_fwhm,oiii5007_vel_disp,oiii4959_flux,oiii4959_flux_err,oiii4959_ew,oiii4959_ew_err,oiii4959_centroid,oiii4959_fwhm,oiii4959_vel_disp,oii3726_flux,oii3726_flux_err,oii3726_ew,oii3726_ew_err,oii3726_centroid,oii3726_fwhm,oii3726_vel_disp,oii3729_flux,oii3729_flux_err,oii3729_ew,oii3729_ew_err,oii3729_centroid,oii3729_fwhm,oii3729_vel_disp,halpha_flux,halpha_flux_err,halpha_ew,halpha_ew_err,halpha_centroid,halpha_fwhm,halpha_vel_disp,hbeta_flux,hbeta_flux_err,hbeta_ew,hbeta_ew_err,hbeta_centroid,hbeta_fwhm,hbeta_vel_disp,hgamma_flux,hgamma_flux_err,hgamma_ew,hgamma_ew_err,hgamma_centroid,hgamma_fwhm,hgamma_vel_disp,hdelta_flux,hdelta_flux_err,hdelta_ew,hdelta_ew_err,hdelta_centroid,hdelta_fwhm,hdelta_vel_disp,hepsilon_flux,hepsilon_flux_err,hepsilon_ew,hepsilon_ew_err,hepsilon_centroid,hepsilon_fwhm,hepsilon_vel_disp,hzeta_flux,hzeta_flux_err,hzeta_ew,hzeta_ew_err,hzeta_centroid,hzeta_fwhm,hzeta_vel_disp,heta_flux,heta_flux_err,heta_ew,heta_ew_err,heta_centroid,heta_fwhm,heta_vel_disp,oiii4363_flux,oiii4363_flux_err,oiii4363_ew,oiii4363_ew_err,oiii4363_centroid,oiii4363_fwhm,oiii4363_vel_disp,neiii_flux,neiii_flux_err,neiii_ew,neiii_ew_err,neiii_centroid,neiii_fwhm,neiii_vel_disp,nii6583_flux,nii6583_flux_err,nii6583_ew,nii6583_ew_err,nii6583_centroid,nii6583_fwhm,nii6583_vel_disp,nii6548_flux,nii6548_flux_err,nii6548_ew,nii6548_ew_err,nii6548_centroid,nii6548_fwhm,nii6548_vel_disp,sii6716_flux,sii6716_flux_err,sii6716_ew,sii6716_ew_err,sii6716_centroid,sii6716_fwhm,sii6716_vel_disp,sii6731_flux,sii6731_flux_err,sii6731_ew,sii6731_ew_err,sii6731_centroid,sii6731_fwhm,sii6731_vel_disp,nev3426_flux,nev3426_flux_err,nev3426_ew,nev3426_ew_err,nev3426_centroid,nev3426_fwhm,nev3426_vel_disp,fevii3760_flux,fevii3760_flux_err,fevii3760_ew,fevii3760_ew_err,fevii3760_centroid,fevii3760_fwhm,fevii3760_vel_disp,heii4686_flux,heii4686_flux_err,heii4686_ew,heii4686_ew_err,heii4686_centroid,heii4686_fwhm,heii4686_vel_disp,hei5876_flux,hei5876_flux_err,hei5876_ew,hei5876_ew_err,hei5876_centroid,hei5876_fwhm,hei5876_vel_disp,flux_HST_F435W,flux_HST_F606W,flux_HST_F814W,flux_Spitzer_I1_3.6,flux_Spitzer_I2_4.5,oii_flux,oii_ew,WFC3_F502N,WFC3_F606W,WFC3_F625W,WFC3_F656N,WFC3_F775W,cluster_key,cluster_fullname,source_dir,cluster_ra,cluster_dec,los_velocity_kms,angular_separation_arcsec,projected_distance_mpc,distance_3d_mpc,Z_dir_gen,Z_dir_gen_err,direct,logSFR,log_oiii_ew,logsSFR,t_univ,logsSFRms,dMS,log_oiii_ew_err,logmstellar_err,dMS_err
10d51m29pt295s-20d36m50pt04s,8.071891966957278,0.053397533,10.8581375,-20.6139,0.6518086857639809,31.68321534250361,0,0,0,nan,nan,8.073834121955223,0.000156485,11.586763163488737,1.1108496396010668,84.68101094470352,20.377784198641873,0.2934,a2813,3065.0043090369836,163.75441343494782,96.21542935,14.041081039405567,5006.788690052731,1.9672503479203662,46.74792789644121,1037.883286470421,107.37029463318318,23.73650178604125,6.814350090245311,4958.391315372765,2.6909530393219883,66.70649909529276,3596.0700712164557,171.71832956185875,14.185500958318375,3.412382481783188,3725.957934721481,2.079756562992651,66.91465575,3941.6847464164744,190.03985670750507,15.574551451873097,3.7764674250204027,3728.323272552217,2.079756562992651,66.86458846582806,0,0,nan,nan,6562.8,1,13.853480493619768,1004.6500691255499,92.21129647804852,188.7259374521689,49.68757379714674,4861.071732714067,1.3195174043242277,29.292634436073453,2542.9866817254324,1334.853092,95.88776739167658,177.5412571736477,4349.126242648948,9.999235669,292.5682705754515,0,0,nan,nan,4102.772586578983,2.053684093,59.92549506217582,0,0,nan,nan,3969.9624791002893,3.278889554096866,102.72142471950308,0,0,nan,nan,3886.932557259295,9.999235669,326.52642944617054,0,0,nan,nan,3834.9662605409053,6.094383739712804,200.95474699677038,0,0,nan,nan,4362.8143385762405,3.7036551187237365,106.11787509345437,525.6769377726653,182772.91195076244,17.850505567369826,28445.565068153137,3868.010992658131,0.4999617834394905,nan,0,0,nan,nan,6583.45,1,13.810026928666252,0,0,nan,nan,6548.05,1,13.88468655302385,0,0,nan,nan,6716.44,1,13.536579167464883,0,0,nan,nan,6730.82,1,13.507659064352907,0,0,nan,nan,3426.582273742998,5.672991536527609,209.1973366955003,215.2059136144058,163.28575685978527,3.5801672741751895,13.368527949662592,3759.7660009139936,0.4999617834394905,nan,0,0,nan,nan,4690.300173735394,4.460750192431526,119.6972064911326,0,0,nan,nan,5875.62,1,15.473706908126772,0.3533157959366494,0.24014305879487882,0.5400924173429972,0.10132292336485241,0.084856876,7537.754818,29.76005241019147,,,,,,a2813,A2813,cubes,10.853776952379075,-20.62122867,83074.23911684971,30.19843640922842,0.1367050735398028,1225.9939443941107,8.119999999999955,0.024999999999999467,1,-0.357630592,1.9832447221857854,-8.429522559,7.580630578267143,-8.558574159,0.12905160010521755,0.063043392,0.053397533,0
135d09m40pt25284006s20d53m21pt28761991s,8.358836375746739,0.17474375821772714,135.16118134445998,20.889246561085816,0.5404366390140505,,,,,,,,,,,,,nan,z2089,5406.854528332823,108.61243441311562,250.96264936407871,13.769978631549225,5006.821374775964,2.1781081507182245,52.44522178557947,204.88081959244053,260.71085472802315,7.920935553809924,27.92939904017965,4962.876520266579,0.4999617834394905,nan,1611.667964703922,218.08355733740459,10.284528542440965,7.016452600236673,3724.767588533355,2.821469266809744,93.38926452622223,361.72103810913677,124.03170181085878,2.314801149225115,3.9905005554186115,3728.827222075535,2.821469266809744,93.31938825221917,0,0,nan,nan,6562.8,1,13.853480493619768,339.4315166223317,881687.5121427182,4.304552881903077,32056.419490443604,4862.539912008443,0.5550212865717525,nan,0,0,nan,nan,4335.827875837849,0.4999617834394905,nan,356.9276542275519,120.25660320218441,14.079942087864453,18.904369905700598,4106.589126103707,1.1058012595619837,26.56975690363555,1533.530137225967,116.67332042769294,13.769012334927682,4.503878598926194,3972.471318081614,2.964519956923907,92.37625306,1258.5524915977537,1808.873077491024,17.777491240266546,115.58993546737058,3888.71539,0.7523563045611927,9.026916294,308.0790362971781,130.1605845,2.787587605188922,5.511298614589931,3835.533067694399,0.4999617834394905,nan,2352.584742205265,408.7004374883727,18.98635031984756,11.574359581885979,4360.270946246671,9.999235669,291.0428046557292,1266.716672612988,226.1749435276425,20.26618558125471,16.65982925889813,3860.8973874597527,4.261943306926056,138.34444100904426,0,0,nan,nan,6583.45,1,13.810026928666252,0,0,nan,nan,6548.05,1,13.88468655302385,0,0,nan,nan,6716.44,1,13.536579167464883,0,0,nan,nan,6730.82,1,13.507659064352907,0,0,nan,nan,3426.707906890947,1.9654871437720707,68.24844883653616,480.1062622593387,96.70304798804786,8.740756654791273,8.667298165161718,3759.274297,0.8699001980570665,17.486709634644356,0,0,nan,nan,4685.186071376665,3.4908504879437015,92.92011147205987,199.47584630968936,0,10.827656533746817,0,5874.008635,0.4999617834394905,nan,nan,0.4317784952776862,0.29669477803264216,0.5124530559505689,0.8948182399323512,1973.3890028130588,12.59932969166608,0,0,0,0,0,z2089,Zw2089,cubes_new,135.1540160423622,20.894552401436773,nan,30.750934582995104,nan,2080.6305857048546,8.279999999999951,0.019999999999999574,1,-1.02566612,2.399609090476613,-9.384502496,8.302662843174884,-8.738536512,-0.645965984,0.023703251,0.17474375821772714,0
17d53m07pt61874487s8d56m05pt75307645s,8.737239711362465,0.3617206088946277,17.885449651352566,8.934931410123806,0.6984787742335801,,,,,,,,,,,,,0.4854,macs0111p08,3658.2623614266076,105.17128803280409,452.0042764918945,35.49361442297529,5006.849691213242,0.8135140984121806,10.539436781375958,199.73363162914418,24944294.56,5.781753017979172,2001797.427579608,4961.391902,0.4999617834394905,nan,882.4444436023665,118.95645183635561,3.566573428574087,2.4255232486932883,3723.8860830863005,1.4289341433093352,42.56394680305734,419.88334616382724,79.71986812988192,1.7056236142832597,1.625488912512235,3731.113748153675,1.4289341433093352,42.532099352233615,0,0,nan,nan,6562.8,1,13.853480493619768,252.28539911406318,297.8923689596407,79.24789469,268.7546493881108,4857.419665375242,8.204778573343805,214.08605511377814,0,0,nan,nan,4341.534934008771,9.999235669,292.5682705754515,0,0,nan,nan,4101.474181683113,4.647846317010122,142.61509248073926,835.4957775038143,227.94942868145665,29.11348519,34.17014964235242,3971.4830232173276,8.271748095604424,264.30193019434415,279.14435339587493,131.31628189546797,5.8128778376129056,12.357531338633807,3890.4186549956817,0.4999617834394905,nan,0,0,nan,nan,3834.204879187958,5.547462510999767,182.6675373754802,0,0,nan,nan,4355.511935330977,0.4999617834394905,nan,667.2362029705963,114.18684025885555,10.984340654535709,8.626584509410874,3865.9873298544117,2.4310230777975645,76.61024934034023,0,0,nan,nan,6583.45,1,13.810026928666252,0,0,nan,nan,6548.05,1,13.88468655302385,0,0,nan,nan,6716.44,1,13.536579167464883,0,0,nan,nan,6730.82,1,13.507659064352907,853.6758864849797,118.37486729076001,118.8527486375135,105.0038622181764,3424.9291138009853,0.7993372259621435,14.341061433366578,0,0,nan,nan,3759.6135687440337,6.157898168477341,207.14924953680944,0,0,nan,nan,4685.593906591954,2.016618787273258,51.38480666533038,0,0,nan,nan,5875.62,1,15.473706908126772,nan,nan,nan,0.5594248643065918,0.45425469880332237,1302.3277897661937,5.272197042857346,nan,0.005029001,0.030804564469572183,5.760835785431746,0.083201792,macs0111p08,MACSJ0111.5+0855,cubes,17.88123183204167,8.928403637619319,43004.853558039606,27.879203665461855,0.17262849431021632,677.5233952015907,8.33,0.049999999999998934,1,-0.884640761,2.6551425437672354,-9.621880472,7.306106461852715,-8.764001934,-0.857878538,0.03392278,0.3617206088946277,0
22d57m55pt32s-13d37m11pt705s,7.937357443853325,0.0216,22.96536666666666,-13.61991806,0.7342241779195031,16.982169009893163,0,0,0,nan,nan,7.451673320329126,0.002198103,4.7885365651792755,0.35526075893250947,59.39301454899093,14.791797297853698,0.206,a209,5211.040513823118,152.47400028502145,135.43359618229172,10.823946980330518,5006.831436978444,1.7777986255458917,41.55287545463046,1410.6398224989332,107.60823309383773,163.51681484554754,34.60621675414584,4959.154032380066,0.9702608489100599,17.24886295161129,3690.8257706699333,209.53533048153227,90.56282523875166,25.89690624349618,3726.156713004873,2.0895555319042756,67.27010275515252,5139.523798808006,258.0948737084876,126.36941088895112,31.898480943502673,3729.102023346171,2.0895555319042756,67.21976951657118,0,0,nan,nan,6562.8,1,13.853480493619768,3226.8793806780695,225.77533474448128,764.8252910935462,153.48183230142575,4861.3747006090025,2.661314202848281,67.24128706804836,856.3587093142487,84.64897290869263,9.324141683541376,3.264238308,4340.462691308599,1.240631444567678,30.043422380883392,0,50.57317815506448,nan,nan,4101.73,1,22.16567686891332,59.60574839154971,0,1.2741476491633825,0,3968.4732331589066,0.4999617834394905,nan,486.7066763179441,21552.548421936855,8.380998471667805,1678.6477683606433,3889.011286072868,0.4999617834394905,nan,0,0,nan,nan,3835.4125887754844,4.407218117559336,144.43371682503818,1608.3361697940002,209.79043813182435,17.113709554473864,7.8199077192908435,4363.985992011106,4.373701618291356,125.97119935723495,809.6414739,86.07115667146535,11.230386487299821,5.4700227062179385,3868.525625807364,0.9886349620351536,22.973896951439258,0,0,nan,nan,6583.45,1,13.810026928666252,0,0,nan,nan,6548.05,1,13.88468655302385,0,0,nan,nan,6716.44,1,13.536579167464883,0,0,nan,nan,6730.82,1,13.507659064352907,4616.544637701678,260.2859359833993,124.21184108256642,44.4679211,3428.8481211371964,4.437623594017971,162.83754378527908,0,0,nan,nan,3765.025907,3.7057865787724658,123.2156669783754,1664.1511979238364,368.19230208213503,103.34185463063662,69.66820968,4695.68,9.999235669,271.0131455203778,0,0,nan,nan,5875.62,1,15.473706908126772,0.5796692150123965,-0.001164442,0.12422707162477836,0.19911648515048877,0.025796458427945645,8830.349569,216.93223612770277,,,,,,a209,A209,cubes,22.969416197924584,-13.6120925,131308.1464954537,31.53426523,0.10997687961634055,1812.427732097514,8.239999999999952,0.024999999999999467,1,0.275157452,2.1317264104844855,-7.662199992,7.105987510585867,-8.464790399,0.8025904071408521,0.03452574,0.0216,0
24d30m31pt845s-21d55m29pt888s,8.927016228265964,0.30420184094927094,24.50884583333333,-21.92496889,0.8614848083977711,17.361899535732682,0,0,0,7.824739282949823,0.018451868,8.099257890949094,0.001850987,7.662663686253935,0.4159129123646164,64.75558204867811,16.184506643072623,0.35,macs0138m21,3518.5931131651746,142.7417385940219,136.27443962384146,15.100743031606852,5006.731117576843,1.9753976896598542,46.969534120979546,1442.1941162992832,91.26780539,31.040391962702657,5.4512004469172055,4958.3985005280065,1.8073074640154128,42.777427416689314,1884.1003098458768,108.22476072563376,92.87533234,26.879033335821656,3725.7399960776816,1.7301759639875525,54.06188676425049,3391.4080739271553,161.7515103490482,167.50588232437343,40.17310095804888,3728.5556508504033,1.7301759639875525,54.02143625602745,0,0,nan,nan,6562.8,1,13.853480493619768,1335.8664861672576,64.21417093,39.333260929504824,5.4235229717512015,4861.026767581713,0.9629000645836262,17.315550259241295,1130.4694825749527,98.43021717,97.89492729054122,30.195096471631306,4339.973779867761,3.610772481033092,103.89841006394693,647.2524376692226,63.23655431193412,28.120488537367493,10.979140622262829,4101.421867550754,1.0103036726767527,22.611323413539587,942.4578795557009,71.03114977410212,82.77485845041498,26.843299272754194,3971.1244612761484,2.023889945529285,60.89539346692197,0,0,nan,nan,3886.5776228820137,9.999235669,326.52642944617054,195.4198782307077,70.83747478518589,17.477275079290838,29.65540626195059,3835.0790426757544,2.284837361001597,72.19464769449829,854.0613831829546,173.96721574076116,44.097652594440866,31.413371840935785,4367.613561386206,6.970525477361738,202.35847120700126,765.6320446596909,89.43728209755801,129.63890979053863,69.36673126160476,3868.933397396478,2.5038281157701103,79.10874460125092,0,0,nan,nan,6583.45,1,13.810026928666252,0,0,nan,nan,6548.05,1,13.88468655302385,0,0,nan,nan,6716.44,1,13.536579167464883,0,0,nan,nan,6730.82,1,13.507659064352907,1511.7834400256888,101.07610309768339,28.98105229605666,12.35282288601477,3424.2320305579556,3.1738353210594936,115.03542216339193,1129.1533475616054,110.32815878642654,178.71541056516247,86.10676303882514,3756.8817350914096,4.274652544378488,142.78198908175415,0,0,nan,nan,4686.909661111475,0.4999617834394905,nan,0,0,nan,nan,5875.62,1,15.473706908126772,-999,-999,-999,0.87162577,1.013832754565831,5275.508383773033,260.38121466120333,,,,,,macs0138m21,MACS0138.0-2155,cubes,24.516220192104292,-21.92522012,113584.6577327606,24.64417318627156,0.1255941257227159,1617.782325,8.469999999999947,0.034999999999999254,1,0.062242961,2.1344144048345806,-8.864773267,6.457929243068156,-8.726851398,-0.137921869,0.047870466,0.30420184094927094,0
24d30m56pt79s-21d55m46pt848s,10.056870513294811,0.045629831950075826,24.515774999999998,-21.92968,0.3085071313086478,20.43238879446017,0,1,0,7.906781049340265,0.008866002,8.112853997731895,0.000107309,9.71533078,0.4919723076799637,92.99150242638503,16.69502154684208,0.35,macs0138m21,7352.142605701017,111.75746909540355,156.4388172682421,6.495228951051657,5006.835687,2.3316444555400877,56.55241607607779,2315.975806611808,122.8888292704078,48.56436106537565,7.150223385314203,4958.728719978944,2.251209078419938,54.93029237198303,5738.840474162571,299.46623851502807,38.202580223455286,10.04117234142395,3726.144172269146,1.997517811685784,63.92275087610461,5431.128624,275.34530951048066,36.22566392791326,9.232392005,3728.9740613378317,1.997517811685784,63.87492221316451,4915.015606656576,104.55423683158224,120.5493686663243,4.911917194607839,6562.722846801301,2.5792875839422527,48.15708426141413,2144.8664984276097,98.74812118,57.668077774506074,7.615012386786589,4861.337806018102,2.4056477262167477,60.27380957004557,1314.1593961243407,165.84711568304454,20.036532788557327,8.954952376935635,4340.591248710279,3.6936394624681133,106.37490281614909,1799.9651327548504,252.86512736919528,43.254327448927185,24.297407764316887,4100.344449310288,6.467489876352603,199.5597146613226,238.11248183922095,0,2.959238310713917,0,3971.273336535662,0.4999617834394905,nan,0,0,nan,nan,3890.3120707731873,0.4999617834394905,nan,0,0,nan,nan,3835.480572712636,4.338005684113695,142.1062987820377,1314.810823246722,305.83454467620345,17.173460209982334,14.002444057024386,4362.621635813821,9.506725882093997,276.63512837251096,1238.0189015581132,124.08222269662605,474.0315376695111,217.5937408710101,3869.1533736731494,1.9389990234908796,59.50417103829049,0,0,nan,nan,6583.07571,0.4999617834394905,nan,0,0,nan,nan,6547.857211824573,6.536417538894585,126.35312214419712,907.2033352003601,193.69242805585608,11.644176065069601,4.6499058414809955,6716.652430082717,3.4014139643048966,63.09373140432929,67.60172589517057,1492.1215923240757,0.6569322054205382,27.062074723191582,6731.010588655967,0.4999617834394905,nan,0,0,nan,nan,3426,1,26.53754284399528,1779.5541808500864,354164.9647535646,2172.807485032804,2128133.1186316595,3759.776149123417,0.6684364992516616,nan,0,0,nan,nan,4685.359752531773,5.493904681130094,148.0530331,430.27585511108566,287.01102433524153,7.418286098691385,10.755754842850777,5876.657546888525,8.241063905076315,177.91812311999652,-999,-999,-999,20.443877188746907,36.548870717087716,11169.96909842188,74.42824415136855,,,,,,macs0138m21,MACS0138.0-2155,cubes,24.516220192104292,-21.92522012,-9214.258588,16.124258265131132,0.082174074,154.30043454866552,8.589999999999945,0.034999999999999254,1,-0.799097836,2.1943445238754795,-10.85596835,10.178292403030513,-9.660893105,-1.195075244,0.017936334,0.045629831950075826,0
24d59m51pt81s-5d54m55pt49s,8.081456508,0.0216,24.997724999999996,-5.915413889,0.6061822708679105,20.67346965365264,0,0,0,9.404830313439883,0.026839095301411285,8.101569473417255,8.34066405149467e-05,9.251696136063632,0.6691882535627195,53.31817280295604,17.53526549,0.451,macs0140m05,5876.426719889456,85.56182607780028,110.496025,4.394417658347537,5006.831042137718,1.770319566025094,41.34591116112782,1732.4190073631746,72.78241698497666,34.68662347420793,4.043698429180598,4958.592126531461,1.0127249892802372,18.788921974735366,3335.836338,144.59605733848127,15.42134632830481,3.3669737010485234,3726.1517274320545,1.8385641554407532,58.08840569947834,6707.7658068608625,243.4363952567358,31.066486830435558,5.668508227639977,3728.7801053402286,1.8385641554407532,58.04494244517765,0,0,nan,nan,6562.8,1,13.853480493619768,1908.022876270883,134.0250536222167,33.10868801828805,6.6699099889549505,4861.542194268596,2.7368055729805763,69.28833813909672,0,63.95931380565857,nan,nan,4340.46,1,20.94654063936261,799.2202295503688,116.23477796373173,9.918322387007258,5.763755175833808,4101.647566558999,2.436792859451146,72.44573827313563,658.8105877191006,84.61162229,4.786401235790409,2.6468132556495627,3969.9798929836843,1.3143048302389593,35.671246272534766,416.7616724567744,964313.2735816714,3.3891637282947897,35475.67560008076,3888.733939487175,0.5021598146869728,nan,1165.794708,75.84996175045572,13.719432636912092,4.171646071,3837.560790756537,1.3669800848736708,38.974171732450586,135.08131365976467,77.04238185745687,1.3992610956989038,2.799916852056714,4360.686798,0.4999617834394905,nan,0,59.107257696803664,nan,nan,3868.75,1,23.500516131444996,0,0,nan,nan,6583.45,1,13.810026928666252,0,0,nan,nan,6548.05,1,13.88468655302385,0,0,nan,nan,6716.44,1,13.536579167464883,0,0,nan,nan,6730.82,1,13.507659064352907,0,0,nan,nan,3424.190707921951,9.999235669,370.65991701749095,1071.6502040485293,88.31978145550208,7.597316827424044,3.086112391002964,3757.5393872553955,1.6385041619356797,50.16055222052563,0,0,nan,nan,4685.594374,6.5776550221797105,177.70028804026134,0,0,nan,nan,5875.62,1,15.473706908126772,-999,2.573079725933387,5.175500738785197,0.085413153,0.38899010300069187,10043.602144663713,46.48783315874037,,,,,,macs0140m05,MACS0140.0-0555,cubes,25.003592373123123,-5.917054695,32062.35315059455,21.8245999,0.12975070293305419,512.6104865837591,8.589999999999945,0.034999999999999254,1,-0.15551685,2.0433466548585066,-8.236973359,7.8644847096891395,-8.590408493,0.3534351342944504,0.017180603815538122,0.0216,0
2d55m43pt275s-15d23m04pt376s,8.832265736746313,0.10374688949508856,2.928687499999999,-15.38454889,0.3769632541816905,15.825249432476458,0,1,0,nan,nan,8.083814852,0.000153857,9.774798700720588,0.5942222961485543,86.75617081907986,17.278806670646865,0.3791,macs0011m15,5214.997670738993,147.55046828600823,470.34413784493995,36.34878727827772,5006.832747955684,2.0373353333207715,48.650065232559434,1864.8393948949083,140.97210497534468,155.81427420284527,32.67960487856991,4959.046564507481,2.5437999240317453,62.785691045965464,4659.813660787762,346.7973648557291,47.16360547100228,17.67919034,3726.2096813523935,1.70603284,53.15859400934559,6866.946092684929,443.92156188321235,69.62739808833373,22.63043086,3728.776691449058,1.70603284,53.118819368229616,4478.480950094542,137.7015672813382,71.86924489202384,4.2326659310968555,6562.8181996393905,2.9106156874379576,54.80511150312409,1903.5273655031824,98.15043553960489,82.79830703,12.246390542643972,4861.027848,2.238869947435718,55.69279563428158,3186.8538005297887,664.1336352323244,131.9975306014445,97.02202430007324,4349.301464002934,9.999235669,292.5682705754515,1569.6690021071072,230.60800765202626,19.22585606275377,11.293687808758827,4100.436443220492,4.192499761335653,128.30084269466556,612.9968234157114,219.8691972831288,8.104057540440637,12.515489689147815,3970.0016061201086,0.4999617834394905,nan,0,93.27871787428323,nan,nan,3889.06,1,23.37778840736009,0,0,nan,nan,3835.9617912016242,6.15460932,202.96702853581823,0,0,nan,nan,4362.4857839597435,5.037454945,145.55730143724168,3200.583334276501,313.54919829028285,161.6024005747884,72.49555707248179,3869.407384760722,4.251464205543861,137.99484258830486,0,0,nan,nan,6583.639818,9.999235669,192.88987927331783,0,0,nan,nan,6544.563079383934,0.4999617834394905,nan,1138.719314564365,137.4139462749909,10.385493527211993,2.343983193,6716.869692276765,2.2711948730124245,40.95476465641198,815.2047767028928,147.71352648016233,5.812293963001292,1.9659103783993561,6729.954190630839,2.4643288575238076,44.69156645358373,0,0,nan,nan,3426,1,26.53754284399528,1570.1872175369244,274.04570833352403,105.55456626599367,90.66007396603419,3759.8290719543456,2.586728494226674,84.31634130286106,123.24484534773644,95.6989987,1.1998821773014903,2.8492855293260893,4686.168091527522,0.4999617834394905,nan,96.99162780926878,107.26845689823658,13.301205518915442,31.98850157499306,5874.716406601068,0.4999617834394905,nan,-999,1.4350630481402313,2.5473453513504345,0.9715152224769938,0.6098551587317278,11526.759753472692,116.79100355933602,,,,,,macs0011m15,MACS0011.7-1523,cubes,2.9290869736677587,-15.38875184,-464.4915387,15.194013524536125,0.081461491,7.722963939,8.619999999999944,0.04,1,-0.648499752,2.6724157355461133,-9.480765489,9.564518564,-9.067451085,-0.413314403,0.033385504,0.10374688949508856,0
34d19m22pt71s-52d46m02pt865s,8.145049585,0.067356617,34.32297499999999,-52.7674625,0.33491412791428266,47.179511707927695,0,1,0,nan,nan,8.128910034748912,5.7565678783814226e-05,9.023894775019038,0.24348897689401489,69.43594418,14.472547087555032,0.3432,macs0217m52,19272.839255848423,102.05189607542232,105.48884931485476,1.5256977053680485,5006.840998781659,2.3480370514077697,56.98924092189675,6799.332684247034,111.1449562296748,40.869683187346304,1.853629925405322,4958.904183999842,2.311131053,56.54666751734681,9089.324486048588,289.91315464090974,23.861265059643657,3.833520931178488,3726.1440064780136,1.9190814942915946,61.05307000293809,15780.246171422594,429.0860983620943,41.50308414048709,5.673804423901386,3728.798928623768,1.9190814942915946,61.00738850978256,12796.431705228282,255.50030952084623,116.50945875350764,4.455872226131193,6562.728114618479,2.790545662109637,52.402294109373614,5645.205741825504,140.1052823,43.16004126863857,3.072298437807703,4861.336150826273,2.202061348309565,54.677041276144394,3286.4486355764407,133.26266789636597,16.028389425649348,2.3018946223880974,4340.428922678818,2.0581809764634604,56.76980750057008,1086.2393796215792,117.81230229077902,3.8694909127783674,1.6766326304316237,4101.980871877618,1.2356233433847257,31.603565572291373,998.1006115272161,144.09892637539645,5.238471991042481,3.2550755192429586,3970.6595683293435,1.219986575,32.04120807709178,0,0,nan,nan,3889.1342921522782,4.336380693756959,140.09166029775128,0,92.2446179,nan,nan,3835.4,1,23.704860453545347,708.8282401902673,15689617319.551954,2.9742956582288245,230704461.0069418,4363.229895036816,0.4999617834394905,nan,0,94.99199693,nan,nan,3868.75,1,23.500516131444996,0,0,nan,nan,6582.063783115313,9.999235669,192.88987927331783,0,0,nan,nan,6547.981228966065,9.999235669,193.93267853817915,1199.688422623233,170.56184796070605,9.341795906736591,2.4842479821238808,6716.287999775661,2.2104939786728126,39.743553147781384,851.3032127402911,205.1508489,6.652071659960183,2.992027528828043,6730.616977530867,2.266799984374809,40.77987739021991,0,0,nan,nan,3426,1,26.53754284399528,3094.4485495706044,225.63006524977652,11.044318277756219,3.967412572909333,3758.1857665499515,2.9443066679981915,96.83306793678283,1956.7871134700783,427.3210451938906,10.379559633929386,6.918453297987211,4691.207687944317,9.999235669,271.0131455203778,0,49.39013583702934,nan,nan,5875.62,1,15.473706908126772,-999,-999,-999,0.31013486111875466,0.47767143522082445,24869.57065747118,65.36434920013075,,,,,,macs0217m52,MACSJ0217.2-5244,cubes,34.31325042068582,-52.76019529,-1849.346307,33.66299672855518,0.16938372289212256,30.638089069808107,8.509999999999946,0.034999999999999254,1,-0.296241779,2.0232065550179152,-8.441291363,9.934889535882153,-8.82429445,0.383003086,0.006248067,0.067356617,0
34d34m47pt625s-31d42m25pt358s,7.508187045364013,0.049317267532520304,34.579895833333325,-31.70704389,0.3571781676103458,27.58112402422862,0,0,0,8.67466808,0,8.010645067696258,0.007626786,6.302758873982911,8.718172589391823,97.0959057,24.92956836565497,0.272,rxj0218m31,3815.790613779063,54.41486959987378,67.36082514977815,2.6237819262026845,5006.835859989462,2.038553369878177,48.68304294897487,1681.6249700118021,81.99271200189762,76.96429736248807,10.412478503520475,4958.762334604207,2.1843840417769926,53.12224654,1829.7654689870499,8925.548938367858,20.238255157938625,497.4932536165927,3725.4633366459016,7.147038249210437,243.0242658205712,2779.751195,10751.13634302106,30.812693807040688,599.2480503213959,3728.5836522644604,7.147038249210437,242.84242875103195,2386.633440249762,109.80493057784882,58.09314442730417,5.119481615563681,6562.786073470864,1.8838003707407447,33.92677069,1603.5727289609604,68.17195325240228,54.58094535697412,6.655480865285969,4861.240502958713,2.2729145442885765,56.63066386186531,0,64.68998582578486,nan,nan,4340.46,1,20.94654063936261,0,25.336512274085916,nan,nan,4101.73,1,22.16567686891332,0,0,nan,nan,3971.8741847826113,5.3068407656273795,168.6896282098398,383.1949284364416,3040174.2910278393,3.6425240414787967,130706.98033851804,3889.0660709565022,0.5727575600341207,nan,252.5512917618632,157.89908101414454,2.5811573513731565,7.557406731440861,3834.3952111279045,0.4999617834394905,nan,1398.46761,265.10576708160556,23.412560587979414,15.548129630544198,4363.916964976499,8.503197285842788,247.26492915232387,87.59850558191881,0,0.7366685603254369,0,3869.333278046561,0.4999617834394905,nan,0,0,nan,nan,6582.2627626737385,9.999235669,192.88987927331783,195.2879560159806,4709162.006311763,2.268714460827211,105068.5849589632,6546.091391047619,0.514998049,nan,0,37.33734726842247,nan,nan,6716.44,1,13.536579167464883,325.4909601074458,70.94287939969378,7.690880653338043,3.1288814301730783,6730.253994260799,1.282617381921155,20.32853939604467,0,0,nan,nan,3426,1,26.53754284399528,1421.3956485114513,651.0238882017453,16.44395708867079,36.974524786392095,3763.3871969327356,9.999235669,337.7342754526394,0,78.98017299556604,nan,nan,4685.68,1,19.403292965701418,167.6274681476948,350.05862625630533,11.637222420021102,52.85399324613859,5873.983611086713,0.4999617834394905,nan,-999,-999,-999,0.30475369805444813,0.088325808,4609.516664,51.05094896497931,,,,,,rxj0218m31,RXCJ0218.3-3141,cubes,34.58129863040806,-31.69939688,20075.292638240215,27.86250589633849,0.11957180478930844,319.4657919225499,8.34,0.034999999999999254,1,-0.77774524,1.8284073985005078,-8.285932286,9.73622094,-8.54096119,0.2550289044149512,0.016826898862940854,0.049317267532520304,0
38d04m00pt81s-44d20m58pt424s,7.666647944046262,0.061161654,38.06689166666666,-44.34956222,0.3112150822270707,74.25260449041856,0,1,0,nan,nan,7.2211665748763565,0.001742728,3.5346902983450263,0.2943538018567662,78.87428576414351,14.564082867224238,0.282,rxj0232m44,6870.733802070937,227.07974876902193,227.42557338032938,20.53053005144235,5006.847967229196,1.9922560460543917,47.427663794983324,2789.9615901766088,307.8517587561948,41.623002282329985,12.74405085,4958.679133614232,3.233607736317961,81.04793715068944,6840.013450419853,563.8944626924575,12.134038936120954,5.037589971884107,3726.4456348976246,1.6251504180784975,50.11276121499647,3389.2034685869057,391.4783786781193,6.023604389258403,3.4972990251083758,3729.1197159200306,1.6251504180784975,50.075265545108984,6527.076599985559,264.0374102773462,86.06863089067916,6.668790730086631,6562.923897631342,2.545318311352766,47.47206299423486,5627.059411843504,412.49754898873346,41.39185266304061,8.705630650753623,4860.421270157717,6.040745850720756,157.13133784146416,0,120.59639202110068,nan,nan,4340.46,1,20.94654063936261,2311.081683018312,35202.73896497697,24.14461585536815,1468.9644689239465,4102.358531842338,0.8025379205933008,12.182905722703998,0,0,nan,nan,3970.0855538085275,5.538233275167221,176.17242328240724,818.9732221493389,1099.2249423770872,2.3552701427212233,14.313794013641816,3887.2997575165514,0.4999617834394905,nan,8632.835034,420.80654638564283,38.861137402116306,8.840134119404643,3839.7825863987123,2.159910051647636,67.82527315,0,0,nan,nan,4362.047885706784,6.483759996099044,188.07795835253393,1412.3096112585356,391.1682374744066,3.639004755726688,4.617376055394275,3868.709490783055,1.9275621721667737,59.100419220053716,0,0,nan,nan,6581.398502326527,5.831416949196049,111.95198387201481,0,0,nan,nan,6551.526096662984,8.606955644132427,166.78595087125925,1298.113646597549,382.57472189911607,23.015254455637187,12.687315902539172,6716.299179986355,1.7075894184339742,29.52275289,221.4102251299746,606.3889252,1.640744708947735,8.3872928,6730.499985986823,0.4999617834394905,nan,0,0,nan,nan,3426,1,26.53754284399528,5370.640067880585,449.7199406935308,16.404211769976605,6.763423231678114,3759.061184518183,2.1543905148034064,68.98780791993819,294.30551982289876,316.7158837576628,4.649078984199306,15.310321504276095,4684.4469,0.4999617834394905,nan,2139.772581271669,1164.0446524770907,28.994544109489635,34.34750191903007,5868.109604787472,9.999235669,216.12712798001303,-0.073933175,0.5841187726562638,0.4886698613969296,0.3606670278639803,0.085012523,10229.216919006758,18.157643325379357,,,,,,rxj0232m44,RXCJ0232.2-4420,cubes,38.07857428318949,-44.34662664,6831.873097913926,31.87823612,0.14035802310672418,110.71020994559495,8.039999999999957,0.04,1,-0.371455367,2.3568392983178392,-8.038103311,10.152934846955697,-8.643654242,0.605550931,0.038998204,0.061161654,0
38d04m12pt825s-44d21m10pt642s,8.197262547692791,0.0216,38.070229166666664,-44.35295611,0.40293015396403087,66.73403958150307,0,0,0,nan,nan,8.14939533,6.750468339590532e-05,9.107813561,0.2181052344723957,76.03695183204438,14.390968676324848,0.282,rxj0232m44,31051.94676559555,151.44743228178103,242.14566353067084,3.225797627,5006.835429028277,2.069144049872987,49.51042011434985,11014.607164896215,141.76716261058675,85.62939373986319,3.058005179497122,4958.831772165499,2.052792401296961,49.542630336876414,14442.661164372268,531.3618853915082,30.512970386082582,5.654059152779963,3726.260613729783,2.089837642716103,67.28033288426417,17008.11696555188,588.8343820548147,35.99988703299852,6.265606395301617,3728.9253278108704,2.089837642716103,67.22999199123444,18408.700044086047,167.12776126483723,491.19283186077047,8.541680901074129,6562.773579997148,2.6523136537439758,49.62733204387151,8071.896901109845,171.06090681054934,51.30058375035951,3.1182736903323085,4861.270525828348,2.219693512407941,55.16384289341494,4471.610719,195.04090644966578,13.774313570066333,2.127778509883534,4340.522993349205,1.9597753014915162,53.69035058742813,1360.8557727080647,339.5707958342727,4.1181591071086485,4.104830315828355,4102.172031293774,0.4999617834394905,nan,0,174.34570490706415,nan,nan,3970.08,1,22.900702702093618,0,103.77604510392247,nan,nan,3889.06,1,23.37778840736009,0,0,nan,nan,3835.114148819423,6.997901442,231.11940894469447,0,0,nan,nan,4365.664004395015,2.182983355517421,60.33177029048511,0,118.88465675975279,nan,nan,3868.75,1,23.500516131444996,0,0,nan,nan,6583.104096177012,9.999235669,192.88987927331783,0,0,nan,nan,6547.609041617895,9.999235669,193.93267853817915,0,0,nan,nan,6716.44,1,13.536579167464883,0,0,nan,nan,6730.82,1,13.507659064352907,0,0,nan,nan,3425.102296830328,4.257263437122005,156.04671617657579,0,0,nan,nan,3760.0306665764583,3.979347596322818,132.63602982953094,0,0,nan,nan,4685.491205848121,6.006659515608402,162.08920568260876,811.2488208812401,160.28172305152017,7.304627405477641,3.137863145018996,5875.3557378103305,2.6286230682964966,54.89910524542829,1.7193517931007467,2.956990093765354,3.5009491441283798,0.22288139897339634,0.198020287,31450.778129924147,66.51285742,,,,,,rxj0232m44,RXCJ0232.2-4420,cubes,38.07857428318949,-44.34662664,28279.210688919866,31.31647526,0.13788462267591955,446.29606634584957,8.459999999999948,0.03,1,0.046912333,2.384076696,-8.150350214,9.345842095,-8.785387733,0.6350375188856852,0.005754985,0.0216,0
4d45m08pt04s-40d52m14pt082s,8.610508533,0.021600000000000005,4.752233333333332,-40.87057833,0.5177884932263128,44.663768664596404,0,0,0,11.06224928,0.052028663,8.135966388135733,2.8289484505111137e-05,9.064217113094255,0.14005331202251747,41.512651797601514,7.061841685674496,0.477,macs0018m40,43903.08979159236,371.3341673459081,143.2198908850873,3.308666155200471,5006.889275272345,2.304458137578067,55.82728908154061,11956.227315799437,172.15740971755034,33.28162296794509,1.3295933046422515,4959.012088740548,1.6260872668327815,37.680417927111485,19903.17296308031,243.16021459075154,35.448635339989615,2.181745801580117,3725.9252742838275,2.1235348102290987,68.50105348291031,29129.670150043985,320.5649738111904,51.979641745049584,2.876257067478364,3728.6318627763685,2.1235348102290987,68.44979921501395,0,0,nan,nan,6562.8,1,13.853480493619768,11572.114713469062,167.21608222616146,36.055096548180394,1.4944203745375826,4861.111889741067,2.313216762600563,57.739022366646125,4824.454509981025,92.27422468575341,9.479861247114703,0.6422114187003805,4340.281889395434,1.8872516912053483,51.40649086094544,2383.572332,107.79905316982776,5.026695080566032,0.9083737021885416,4101.657230959527,1.824967692010645,52.31109940729646,2246.9082215425046,94.84307236093689,3.7092452258571225,0.6741319229692113,3970.001986599262,1.6644148259267513,48.42364719553575,274.2924619327869,292.2097082313606,0.3364509949232431,1.621768875714085,3888.4442605748036,0.4999617834394905,nan,265.6807824939715,37900197903.637955,0.3938146699243722,262909727.64174196,3835.442945290652,0.4999617834394905,nan,117.02049642009827,371.67536587327214,0.1968505875133416,2.191343448248846,4362.874742,0.4999617834394905,nan,5598.746615893704,111.5096612556552,7.574795046260972,0.6911608930042096,3868.681744622293,1.984021151724342,61.09017490174473,0,0,nan,nan,6583.45,1,13.810026928666252,0,0,nan,nan,6548.05,1,13.88468655302385,0,0,nan,nan,6716.44,1,13.536579167464883,0,0,nan,nan,6730.82,1,13.507659064352907,571.0256895443454,5515407881.090059,0.8461920204014359,51832460.61189286,3430.279550978679,0.4999617834394905,nan,0,0,nan,nan,3759.4839179976284,3.3750250776901134,111.79032165076882,613.2392815988616,93.92661074611293,1.3855687139067625,0.6499558780868728,4682.344623545296,3.4380364127308556,91.45492895,0,101.07682827870205,nan,nan,5875.62,1,15.473706908126772,-999,4.075980031883007,-999,0.3301535651869453,0.3852975397353158,49032.84311,87.42827709,,,,,,macs0018m40,MACSJ0018.9-4051,cubes,4.756705684875445,-40.86375205,8278.999757909733,27.425495030122065,0.16821524952797717,137.2631417755277,8.629999999999944,0.034999999999999254,1,0.4623421347696854,2.156003338514665,-8.148166398,8.462144717490215,-8.851293048,0.7031266500486915,0.009980065,0.021600000000000005,0
4d47m28pt35s-20d26m36pt271s,8.560907064,0.058223561,4.791208333333333,-20.44340861,0.8005962919393037,30.268186539002446,0,0,0,9.998615991398136,0.059452314133377496,8.029978695,0.002971097,7.082574152946056,0.6060962246316962,78.37184354773039,20.275181846741635,0.277,s26,5398.320931760925,151.52585978788974,165.14507837870508,12.661268271159413,5006.862668513999,2.3929064683355787,58.18340606606398,1343.1308808891586,128.8825666672451,18.70968690956911,4.981543628344167,4958.742381982832,2.091266019877463,50.592070796457925,4675.635408,137.46095833578732,138.80196495756832,20.556091119263314,3726.0183294946883,2.5683186024355877,84.4314589,7584.0940872947385,210.69501884307607,225.5843458343318,31.50760811032117,3728.8233660836086,2.5683186024355877,84.36828508733733,0,0,nan,nan,6562.8,1,13.853480493619768,2682.8072531378416,225.07311148472007,44.56061967619719,10.72133836471759,4861.621064837754,3.234501714531495,82.69876803235341,1101.6699040076674,206.79598543777743,9.419743915529034,6.2603506316142905,4341.140612319145,2.470239594775508,69.48471630424015,1893.1051477756414,281.46044148529376,57.90490492680005,34.368890343129884,4103.300630038254,6.2935179486919965,194.12714821106252,0,0,nan,nan,3968.9131915141675,2.040555338054451,61.46464559522143,0,0,nan,nan,3890.2075448665923,9.999235669,326.52642944617054,399.5928925767623,129354.76041962381,4.444402668478847,6727.327008172573,3836.754922426545,0.4999617834394905,nan,0,101.93039525031051,nan,nan,4363.21,1,20.83732430562082,1142.8020801203002,199.5935296581057,10.31354635483814,8.241339948,3870.763415,5.50376808,179.64333357600475,0,0,nan,nan,6583.45,1,13.810026928666252,0,0,nan,nan,6548.05,1,13.88468655302385,0,0,nan,nan,6716.44,1,13.536579167464883,0,0,nan,nan,6730.82,1,13.507659064352907,184.8614353549818,188.3221602,1.8153836399929981,11.810776772674929,3422.219646069772,0.4999617834394905,nan,0,0,nan,nan,3757.190206135266,0.4999617834394905,nan,1325.7653482221383,1640.618328157496,29.118373952354435,110.02723120367168,4690.169100411236,9.999235669,271.0131455203778,0,0,nan,nan,5875.62,1,15.473706908126772,-999,2.1443638178795434,4.531134809282536,0.470872428,0.149775791,12259.729495760199,364.3863107919001,,,,,,s26,AbellS26,cubes,4.783542312867333,-20.44107006,122921.08015674974,27.195591471390735,0.1182339275863492,1724.3965470441094,8.529999999999946,0.045,1,0.2869506101224953,2.2178656354611612,-8.273956454,6.756074492119994,-8.640368208,0.3664117543761858,0.033120381,0.058223561,0
6d23m02pt565s-12d23m18pt413s,8.926884494,0.060008649,6.3840458333333325,-12.38844806,0.8036834995719337,13.102172963331746,0,0,0,9.082816644345122,0.007900105,8.111136024,4.030876262927008e-05,15.150142374412246,0.6312959158922437,46.71496906464373,10.99951569070241,0.5847,macs0025m12,19841.984501418294,217.67603447589684,120.25437864726786,3.6034008050610637,5006.843831900037,2.481385920350019,60.53219895108545,5217.007131401099,215.65192713286308,72.89292516748854,8.359503244841214,4959.148230506516,2.8132946279626094,69.95424326915908,12162.982772065552,176.25563927231028,55.446635308428746,4.047011324991198,3726.182790194244,2.0263632306947725,64.97401832315782,17341.332798731208,222.6807196422899,79.20609432,5.112979068,3728.957598179553,2.0263632306947725,64.92540307460155,0,0,nan,nan,6562.8,1,13.853480493619768,3601.504583598539,147.5168601282208,41.37465631733511,4.859695476174459,4861.929079784786,2.2714431959485966,56.59016177039667,2535.098910790089,166.10012234456508,12.73638913101588,2.9554686725663633,4340.472616406107,1.802576409839877,48.72201509503243,388.9922858494145,219.21747522797585,1.0878004766598024,2.4501493518824904,4101.175683,0.4999617834394905,nan,581.5298801258477,73.82749814240024,1.7663520752342055,0.9657312789305517,3969.637069366343,0.7746301224624074,10.63805786643182,684.6360796295406,141.77124906676033,1.4341043225802417,1.3432316792235997,3888.9769848295746,2.118310169081701,65.44829507,0,0,nan,nan,3833.1421550492682,1.2825997811712455,35.67426224508192,659.3000716826153,135.57814387627062,2.9550821696778002,2.130776122879629,4361.930681975368,0.9843320212707705,20.192198259259634,3329.648711159997,120.52097671858681,8.062114373913284,1.3365164879183917,3869.137858238953,2.5456380362552076,80.54074094344192,0,0,nan,nan,6583.45,1,13.810026928666252,0,0,nan,nan,6548.05,1,13.88468655302385,0,0,nan,nan,6716.44,1,13.536579167464883,0,0,nan,nan,6730.82,1,13.507659064352907,0,0,nan,nan,3425.2290983730627,2.307487915272575,81.70552484600518,1762.0403581921119,196.79592085306757,6.181459233476141,3.4025457517032094,3757.6534069835116,7.036016210730454,237.05109152598774,644.0873476090093,101395.32477922148,2.9284010368488436,1409.893971764673,4686.024208463332,0.4999617834394905,nan,0,0,nan,nan,5875.62,1,15.473706908126772,1.6113429084835138,-999,,0.536147761,0.5508969955844376,29504.31557079676,134.65272962445414,,,,,,macs0025m12,MACSJ0025.4-1222,cubes,6.386565507841748,-12.38607014,41427.148102550615,12.319730379925026,0.083816362,654.3520214708614,8.259999999999952,0.04,1,0.418942452,2.080100899,-8.507942041,6.740449299013171,-8.761303617,0.2533615752085776,0.012944802220902303,0.060008649,0
6d51m29pt46s26d06m44pt452s,8.889547494,0.0216,6.858183333333333,26.112347777777778,0.7041231746722099,49.863585430650204,0,0,0,10.741264253617093,0.037644682,8.134855888553629,2.4866877040412838e-05,9.820019274681545,0.14321249759080182,60.073059142008354,19.418668206086185,0.365,macs0027p26a,34539.96636790406,123.81273232649703,124.11445395928882,1.215215554878378,5006.833855601817,2.1353909198027345,51.29686630468687,12197.36417042927,134.26795258487147,60.02062443028452,1.8331452296956023,4958.961904808246,2.2996001622632907,56.23596559917892,17818.660727691207,230.06989112284123,36.61963583832882,2.381563513372567,3726.159304249496,1.931058133815962,61.492356257780095,23736.880682781037,273.40689449967897,48.87486453091542,2.830165569,3728.8744152160043,1.931058133815962,61.446346079235894,0,0,nan,nan,6562.8,1,13.853480493619768,8991.109841957907,124.5933285038712,40.153097510731165,1.5959540640451801,4861.2501443450265,2.085645956151086,51.45137369088957,4565.192947666746,113.38516808288469,12.332211486492342,1.084772899535345,4340.493452849256,1.9924427569274952,54.71496408422398,1645.7618518428244,93.26243764056153,3.1107383101923864,0.7043342868644157,4101.741161802348,1.380029041320858,36.914274647027106,1663.1903397611052,75.93004203019422,3.052191676071209,0.5999080578573994,3970.149238172278,1.2335621589767352,32.57131557518778,954.7947269,144.35403431179887,1.4809571518753089,1.0130289770488434,3888.539736234904,1.2236720085388666,32.85591214019196,0,57.297599,nan,nan,3835.4,1,23.704860453545347,273.2303111479826,269.39123376859703,0.6097319112345541,2.1058000619003936,4364.1103775577185,0.4999617834394905,nan,5349.861642,150.2906947,9.270239633,1.1930828467840116,3868.6689748719027,2.789164571899456,88.84630398535113,0,0,nan,nan,6583.45,1,13.810026928666252,0,0,nan,nan,6548.05,1,13.88468655302385,0,0,nan,nan,6716.44,1,13.536579167464883,0,0,nan,nan,6730.82,1,13.507659064352907,0,0,nan,nan,3425.6602704293205,9.177901546600987,340.05733839255686,0,0,nan,nan,3759.5064740762145,9.999235669,337.7342754526394,796.0967414618793,96.60980925981326,2.512153298042266,0.9309183734972699,4690.061443263317,0.7625666049875363,8.219009346,0,0,nan,nan,5875.62,1,15.473706908126772,-999,,-999,0.7172059318282289,0.4104753272139806,41555.541410472244,85.49450036924424,,,,,,macs0027p26a,MACS0027.2+2607,cubes,6.862669130004791,26.11912431102761,74481.00373607702,28.379508710948592,0.14857171903849306,1117.4779030001687,8.599999999999945,0.034999999999999254,1,0.6758047741916845,2.093822361,-8.21374272,7.273936858339144,-8.813406731,0.5996640113528304,0.00422975,0.0216,0
6d51m52pt995s26d07m16pt522s,8.2401051,0.021600000000000005,6.864720833333332,26.121256111111112,0.8129675247285384,14.440787059984471,0,0,0,9.849757332,0.009406591,8.199674304004716,4.549236971626761e-05,10.834521160626394,0.39201054503741384,35.84901339756583,7.031199083834889,0.365,macs0027p26a,22553.869150154795,121.09826157168692,2272.278614074959,33.324533563116574,5006.847505079423,1.773330136060433,41.429240524760125,9030.689164,136.53801701613025,397.17013799213834,16.661163714853767,4958.919793769373,1.8259341867408956,43.295650680236626,5605.990761765494,139.03546810308777,1745.4689101407591,218.07369627624976,3725.9796046381834,1.6722277231271347,51.88942050246218,7423.937321720313,160.94018379066551,2315.9472339851986,252.4307016,3728.7328952640514,1.6722277231271347,51.85059548993761,0,0,nan,nan,6562.8,1,13.853480493619768,4117.808783221495,146.7264525296053,80.82011058635766,8.259841382,4861.314962422772,1.7476190686933042,41.935467331270196,2257.812727980852,100.00855430602994,220.34674968866813,34.57090051821156,4340.2281053758115,1.692838459706737,45.20882367,1421.4383155786802,71.66155216925289,32.87017670513414,6.621221773132455,4101.731329217925,1.9577493869574925,56.74792423576115,927.0326116,83.01016595492848,17.874300554682254,6.892004539460085,3969.84191,1.6385678158543484,47.50852356,1346.1566797482221,106.5692701850541,15.133903625422688,5.419753203,3888.7913738317884,1.3631883854505686,38.29183981537165,0,47.44590355172653,nan,nan,3835.4,1,23.704860453545347,442.43588796738874,104.79432105587779,24.866803762869814,20.640108620233423,4363.209520517378,1.1324555456734517,25.974328103863616,2834.2968227622378,88.75387641496896,42.59199065469029,6.109917385622014,3868.758772,1.498180086262108,43.58874763756428,0,0,nan,nan,6583.45,1,13.810026928666252,0,0,nan,nan,6548.05,1,13.88468655302385,0,0,nan,nan,6716.44,1,13.536579167464883,0,0,nan,nan,6730.82,1,13.507659064352907,1015.2022701892664,198460.27623482907,10.586263842277237,13152.052873582821,3427.8412657942076,0.4999617834394905,nan,190.06842039622893,0,22.256408394217775,0,3759.791574979611,0.4999617834394905,nan,0,0,nan,nan,4687.318862946658,5.833007133433033,157.33772022715434,0,0,nan,nan,5875.62,1,15.473706908126772,-999,,-999,0.065726121,0.068505538,13029.928083485807,4061.4161441259575,,,,,,macs0027p26a,MACS0027.2+2607,cubes,6.862669130004791,26.11912431102761,98386.28963,10.142903027329433,0.053099881,1430.0678600077529,8.37,0.03,1,0.48935527278375596,3.356461581060472,-7.750749827,6.693795400775459,-8.52619634,0.7754465126732164,0.006335578,0.021600000000000005,0
72d20m20pt67173166s-28d48m43pt05177671s,8.188186320831676,0.0216,72.33907548101662,-28.81195883,0.5565841194717231,,,,,,,,,,,,,nan,macs0449m28,52513.07243912386,239.0185309732836,199.72403135568683,2.4830293754283317,5006.835078794147,2.3832429151276333,57.92639940587231,18365.05223929169,273.6345744689122,66.82999370752113,2.7628370751375635,4958.857211051854,2.4047088444315783,59.06256437861003,26845.049141063693,220.60414309692393,47.79445437100548,1.9785587819585249,3725.9662679169605,2.1393545844427626,69.07332226819126,36192.90641966788,270.5169646666306,64.56193575,2.4262178787583664,3728.736554378085,2.1393545844427626,69.02163981392202,0,0,nan,nan,6562.8,1,13.853480493619768,14387.345934110266,95.75227834713384,47.00897967676603,0.8973793915784948,4861.204040502411,2.2522827915633394,56.06247604301144,7828.630474807022,98.87838103531489,16.71797592396757,0.7478926278671346,4340.300783201353,2.2142447562012753,61.61525804668516,4559.596931476091,143.61286608776794,9.043532156957818,1.1380891075753965,4101.759365578116,2.264791681373063,66.85305619,3135.385368490293,150.27821335954232,5.647878938145368,1.165639903657972,3969.8663979384737,3.0194277085313908,94.18726851471315,3050.6803567774477,182.77097891095542,3.7706311818776834,1.0219295481840018,3888.7758826876443,1.4872785750972006,42.95706503668272,982.1552090565042,121.91982277503423,1.7346317109991458,1.0076699634885682,3835.501934,1.7340586902232509,52.66116132370713,182.99506737622252,1083.7983117204876,0.3011719001495353,6.249279255491113,4363.698325824904,0.4999617834394905,nan,5702.013093232134,191.2331573892847,7.5247339777169175,1.1561805512701104,3868.634717591697,2.4082640029231563,75.82785251,0,0,nan,nan,6583.45,1,13.810026928666252,0,0,nan,nan,6548.05,1,13.88468655302385,0,0,nan,nan,6716.44,1,13.536579167464883,0,0,nan,nan,6730.82,1,13.507659064352907,3616.539642505456,256.1798479826853,5.454462600565071,2.464146992045574,3423.7833339601652,4.9785324870753715,183.16441137270303,387.2062173531607,0,0.756764307,0,3760.4738863112034,0.4999617834394905,nan,351.15584540221437,66.61624299103622,0.8152345850220726,0.47293007650952346,4686.315803464288,1.2009913610668101,26.515238822621463,950.4546562181882,110.68664733594628,4.670699427538448,1.1825353699038692,5875.762751469142,2.3863446178680623,49.431598249289316,nan,2.235741973010189,nan,0.30468698604343375,0.065922812,63037.95556073157,112.35639012143588,1.6372701764046698,0.063713753,0.11837716691001877,13.684615344611121,0.17561737341844644,macs0449m28,MACSJ0449.3-2848,cubes_new,72.33736327,-28.8195699,nan,27.92704772575472,nan,2133.3136759722215,8.509999999999946,0.034999999999999254,1,0.632339391,2.3004303235449974,-7.55584693,8.191696665,-8.662976781,1.1071298509919458,0.005370754,0.0216,0
7d00m41pt115s-75d37m57pt766s,8.960444609989919,0.065263457,7.011420833333332,-75.63271278,0.798780923,31.974569532057863,0,0,0,9.839853055285515,0.058158491,8.124519059,0.000822432,7.996966544,0.39063548958012323,59.44281594503663,12.172599832763469,0.388,macs0028m75,16104.333103243964,168.6995487590291,121.65463896956048,3.480835869553602,5006.8614064739295,3.2215508675529314,79.95802511431516,3573.477333460031,333.81678911631553,30.485513191271753,7.899941725530636,4959.495408089833,6.016468623299126,153.4118387498361,6875.408854597153,276.5751501509122,42.354319018283014,8.586635667641024,3725.344462685158,2.6678012983698562,87.95904046334596,11797.37409838417,445.40521158661505,72.82233455525108,13.828184760185376,3728.2465397233655,2.6678012983698562,87.89322722406578,0,0,nan,nan,6562.8,1,13.853480493619768,4795.642595022173,219.97900695706863,39.47928257184948,5.194623665593958,4861.048512801766,3.310341285094148,84.73194750544546,967.1018883460221,92.56389309900509,6.026266311004835,2.042415239394002,4340.858767258393,0.9976785831513793,20.85108940932061,18.01219894432359,499.70309341645896,0.049326056535160825,5.469615836153648,4101.065640693767,0.4999617834394905,nan,415.61171048215414,55.35489667019029,1.7057484044004838,0.9793514103356296,3967.995584363477,0.8919212884071606,17.724993769580124,0,0,nan,nan,3890.901006239525,2.379515401243168,74.44774043752071,398.6149627,410366.2249196209,2.174618294,10462.01373384925,3837.6454408834984,0.4999617834394905,nan,63.247981662888485,380.85412456558157,0.23288472359459944,4.9132654897092864,4363.644357953153,0.4999617834394905,nan,1395.0645774931593,124.03831472583303,4.648342762186894,1.8931346790551957,3868.91721,2.1972690812391993,68.53882529390783,0,0,nan,nan,6583.45,1,13.810026928666252,0,0,nan,nan,6548.05,1,13.88468655302385,0,0,nan,nan,6716.44,1,13.536579167464883,0,0,nan,nan,6730.82,1,13.507659064352907,1353.7126623334455,215.1947519878935,28.699976349507413,29.003734755198675,3427.477122086266,3.2001499353045455,116.03774996545079,1845.7486652114685,161.54912309720729,22.63008754947432,9.752283798716073,3759.084946599203,5.748528954,193.19144316929115,0,0,nan,nan,4687.683503610247,4.473365727006995,120.0442586833986,0,0,nan,nan,5875.62,1,15.473706908126772,-999,1.9396131331269673,4.540440750913815,1.2387002882133364,0.9084931773884743,18672.782952981324,115.17665357353408,,,,,,macs0028m75,MACSJ0028.2-7537,cubes,7.040040371831652,-75.62853597,88724.0796,29.662840332931673,0.16133689568634296,1307.2867296578504,8.129999999999955,0.024999999999999467,1,0.5367914481051441,2.0851286742242494,-8.423653162,6.765288712847638,-8.775609244,0.35195608163396486,0.012360573409974164,0.065263457,0
7d04m12pt555s-75d37m54pt293s,7.828645138092764,0.065938155,7.070154166666666,-75.63174806,0.4039211267452194,179.64355579577895,0,1,0,nan,nan,8.077909669732845,0.00329101,7.753650698016723,0.4852054840395351,106.59062053174095,20.996683756205854,0.388,macs0028m75,5870.374122830106,109.22858632123128,305.0225529842513,15.502075741453135,5006.835221202156,2.198668786534061,52.99701312898833,2393.022504855065,135.10630259214648,81.38314686867201,12.747476768826742,4959.163901571516,2.957529347912966,73.77128779756701,2654.395097448244,288.1044339262247,52.35787400157318,28.632272564039848,3725.7439876061335,1.6148778195644329,49.723560345251364,4278.580264965211,393.08178149646733,84.56050530875257,39.06508676172352,3728.5523720251786,1.6148778195644329,49.68635588556619,4909.803961042687,135.69008266684895,118.9785643512833,6.298332591103634,6562.671588040465,2.7440189889368893,51.46939237400779,1959.8989665585077,102.9036589284853,172.7900484566193,26.02130146952216,4861.294313671018,1.710527804016587,40.87314745433976,1622.641208,204.16058241255777,20.96094490442409,9.337357294733907,4341.166234502123,3.0388181689147515,86.73464840813736,2033.6106624898566,399.79630605703005,925.0602981722765,726.0398031749046,4103.250219047029,6.016736403662611,185.48023042689357,393.89686395758696,1.9222401584819568e+149,4.465438933213425,9.377180404157328e+147,3970.9982028690556,0.4999617834394905,nan,0,0,nan,nan,3888.4232236788116,1.9036973548032046,57.95250851756984,0,0,nan,nan,3836.2289764550114,4.139808124219654,135.4358058180908,0,0,nan,nan,4361.474939819394,9.999235669,291.0428046557292,3052.906632251513,277.7693101,24.324471806480236,10.12601447,3870.7269388077075,3.763502414426734,121.68563507859382,0,0,nan,nan,6581.782804483234,0.4999617834394905,nan,0,0,nan,nan,6551.066888086211,9.533524316282529,184.85474773741618,0,0,nan,nan,6716.44,1,13.536579167464883,0,0,nan,nan,6730.82,1,13.507659064352907,2716.8819517267107,276.59172259948593,11.91741752872105,7.711674888532879,3427.660147665095,1.6637503473571724,56.086546181718774,0,0,nan,nan,3761.978746318717,9.999235669,337.7342754526394,1645.5760897360951,492.08287384780755,340.51993359496703,311.40296093242205,4686.161044589223,9.999235669,271.0131455203778,1391.7513913723371,269.47945024619764,48.115288797105876,20.251222931980163,5876.457773515216,7.638810044481961,164.81768815185495,-999,1.1541367923204737,1.6300810937060168,0.11841445667826919,0.5635078517782577,6932.9753624134555,136.91837931032575,,,,,,macs0028m75,MACSJ0028.2-7537,cubes,7.040040371831652,-75.62853597,3438.7851016418313,29.28483832693919,0.15928093376477567,56.93254140145495,7.839999999999961,0.024999999999999467,1,-0.565315715,2.4843319517221967,-8.393960853,9.337643149963736,-8.636070936,0.24211008311625548,0.021955414951410242,0.065938155,0
8d27m50pt12046461s-7d52m03pt00122377s,8.404859564812357,0.068847102,8.463922351,-7.86750034,0.7604079697024868,,,,,,,,,,,,,0.352,macs0033m07,1989.8580137627048,134.16176075728023,203.3195200534202,37.43974560240887,5007.121845676737,1.8539984054224898,43.65280756902757,1658.5674299868408,204.0925579157993,70.60151702974557,24.106066546244254,4958.765273007327,4.550867341,115.44405013078826,1789.4140553721531,178.02644303375604,38.10251978744106,19.085513657441567,3726.775585115182,1.9586074361345085,62.50127629541273,1679.3674985561543,164.93054327747925,35.82518460226236,17.68155383329615,3729.4154960138662,1.9586074361345085,62.45451122,0,0,nan,nan,6562.8,1,13.853480493619768,694.7192652635306,80.47314119992325,22.15431006771492,7.360033513405585,4861.513413648567,2.039375311406966,50.163148716775225,1420.7680351178408,136.4030393346567,38.62045347857881,13.13438177237356,4340.048549721534,2.335473556363116,65.35250075666887,48.122219633186646,136.10681358380347,2.9104350127257916,32.93084454200461,4099.476376113568,0.4999617834394905,nan,333.31195442246025,109084.8844982292,40.20563756180133,56615.68291756837,3971.1806651850725,0.500105809,nan,1866.8802919249777,159.60897189995407,18.333265495228225,7.067359701090333,3894.0169121591357,6.908306163851457,224.98257795368443,241.89219243400512,52.88113060814982,5.913291970294664,6.048134748,3835.8701544139403,0.8218058181884058,14.291109661417583,1880.865788525341,254.21328251608705,143.11976431136426,67.78603291690355,4363.231595126094,8.082081421,234.93353206509764,307.51479207358125,53.97967659212756,4.579775977492086,3.683882542413339,3868.2794198096954,1.0076144109716274,23.85011936,0,0,nan,nan,6583.45,1,13.810026928666252,0,0,nan,nan,6548.05,1,13.88468655302385,0,0,nan,nan,6716.44,1,13.536579167464883,0,0,nan,nan,6730.82,1,13.507659064352907,434.67144792143085,16407.08606628253,13.82833408279265,3319.636702524309,3426.991814867822,0.4999617834394905,nan,0,0,nan,nan,3759.882312073836,3.7962875293070066,126.33474662366608,286.6358038,71.59951664950457,6.5132333844785295,4.976222839,4685.779693834553,1.247136784251732,28.043779287249816,0,0,nan,nan,5875.62,1,15.473706908126772,nan,nan,2.054680840948238,0.7790798723762811,0.2172857887159369,3468.7815539283074,73.92770438970342,0.9654011788632667,0.074240153,0.1424426369170112,28.234287322774215,0.3240884235200685,macs0033m07,MACS0035.4-2015,cubes,8.471549713918339,-7.869722588,90560.37655613762,28.352072169784467,0.14502356422300625,1329.220724391196,8.579999999999945,0.04,1,-0.354606284,2.308179076,-8.759465849,6.964685746689787,-8.610629444,-0.148836405,0.079549519,0.068847102,0
8d28m41pt604992s-7d51m59pt20098902s,9.158809198,0.070382736,8.478223608888783,-7.866444719,0.5529390342408789,,,,,,,,,,,,,0.352,macs0033m07,71282.23310896214,337.7411823661295,176.51470169838535,2.284368427237017,5006.869617776149,2.517043093287809,61.476667661796434,24254.959548794905,155.9260259745065,61.53706407087681,1.0976159244633852,4958.9231,2.578816156541831,63.720243819508795,31796.266853244553,210.2048401599054,44.21324514400871,1.4723011946458544,3726.1122541444706,2.2569600414270234,73.31251070901943,45263.25130329642,274.09295809784317,63.06175998204635,1.919781625125697,3728.8970341949343,2.2569600414270234,73.25765638382322,0,0,nan,nan,6562.8,1,13.853480493619768,17324.076418315693,120.1881145226831,44.63558811473696,0.888154809,4861.407645906519,2.454255055228373,61.60311144161985,9061.206969,98.77629722639917,16.342547117976423,0.6309638921832226,4340.408448153653,2.257985543409096,62.966123369995834,4767.9482300529835,117.48466469651171,7.815669082939018,0.7694445746158789,4101.800676973996,1.9003344244073024,54.83547921268526,3577.6060214864788,140.2916553183873,4.555546322562419,0.7692327001675129,3969.8507939220394,2.6656430163123095,82.48026915,2772.2708090936003,268.90514486415043,2.987228592104559,1.3106942311065655,3888.8750027168544,1.6812021888310056,50.037514179004255,263.3324192551861,152.65907022449602,0.3062901041389884,0.8310101246244235,3835.3660436132413,0.4999617834394905,nan,163.1875260211105,3.591949415773267e+35,0.21538995144796638,1.6605535445863048e+33,4364.3067288480215,0.4999617834394905,nan,7736.878462207185,193.07475182309645,9.094333920058684,1.0397072106060268,3868.7040587698048,2.111982428539801,65.57121936467712,0,0,nan,nan,6583.45,1,13.810026928666252,0,0,nan,nan,6548.05,1,13.88468655302385,0,0,nan,nan,6716.44,1,13.536579167464883,0,0,nan,nan,6730.82,1,13.507659064352907,1348.7495900690096,106.41130467796134,1.5029397966217315,0.7548470796154766,3425.904468499623,1.6661545322820495,56.18501102,0,85.62711034338011,nan,nan,3760,1,24.18021855944889,404.7951410976151,130015.53508707961,0.8971805793174861,881.3865141220261,4685.761390203956,0.4999617834394905,nan,1872.959034813075,123.43557191677783,7.988935720774256,1.1446884081126467,5875.568913,2.791590280103136,58.55435802442652,nan,nan,7.237572501200556,6.310413374556658,1.7248483319242696,77059.51815654097,107.27500512605505,3.1150656063132973,0.15289794112264776,0.27288265,25.166870090509093,0.4255247602022954,macs0033m07,MACS0035.4-2015,cubes,8.471549713918339,-7.869722588,44556.21818285448,26.564637848584567,0.13588066650030653,695.0194247818736,8.509999999999946,0.034999999999999254,1,0.706135231,2.2467808830982436,-8.452673967,8.216550131,-9.028188145,0.5755141779045037,0.005590736,0.070382736,0
8d28m41pt88s-7d51m59pt549s,9.407964661,0.037798034,8.478299999999999,-7.866541389,0.5528536269911948,34.37300277293504,0,0,1,11.281013997972535,0.048120819,8.151105583,1.4225633871010651e-05,9.909411330286387,0.055208167,48.88497122380245,6.966739022947753,0.3524,macs0033m07,92999.24404543037,365.7810820315104,201.4633288606963,2.1643220255395037,5006.858869101443,2.7872396155789945,68.60034740918775,31198.160089300596,143.41569333620788,67.22350763222465,0.857400187,4958.929087290919,2.8216998120967594,70.17701455361261,37372.14090883705,235.68870549629105,39.97734936,1.2698731765394051,3726.1852048842106,2.358828997205422,76.96531304529108,53716.42987421011,316.56860865529205,57.57183780547839,1.7056480658216422,3728.946524244166,2.358828997205422,76.90772559848584,0,0,nan,nan,6562.8,1,13.853480493619768,21725.405045988362,107.20101831891134,49.34615666,0.6983626287234029,4861.4033546960745,2.7111327605965876,68.59264614341583,10721.259250184099,103.03880969278791,16.009682427823602,0.5449329109051771,4340.471202536136,2.3404664165794573,65.50598750204351,6023.594020426353,120.61961449040375,8.542822548113985,0.6834727540472033,4101.817404263327,1.9339801768266134,55.95723573401166,5394.819733785325,176.43130256135385,5.890418796745483,0.829694108,3969.480688986288,3.8069092499174113,119.9961774069519,3406.937049962422,350.21303174556607,3.0315282908183123,1.4096479037956884,3888.833141021855,1.8437998315785118,55.83863801935286,426.64450979961305,9667.361736,0.43182958527584164,45.788840923652245,3835.5424015802882,0.4999617834394905,nan,387.28155045704307,628.7120403209266,0.4316952885583394,2.454650443334757,4364.290870937411,0.4999617834394905,nan,10050.361437262252,211.04437129611298,9.879928270452199,0.9504207195018776,3868.7420065727765,2.2025149734311533,68.72091783893868,0,0,nan,nan,6583.45,1,13.810026928666252,0,0,nan,nan,6548.05,1,13.88468655302385,0,0,nan,nan,6716.44,1,13.536579167464883,0,0,nan,nan,6730.82,1,13.507659064352907,0,68.32715271,nan,nan,3426,1,26.53754284399528,0,0,nan,nan,3764.4675947978453,2.436041834153858,79.00346709616254,0,0,nan,nan,4686.248345046828,2.272780038,58.749711087783666,2220.7470089216786,133.2036644533928,8.36451477,1.0907764176032526,5875.659825375645,3.145191133742363,66.43923921349055,-999,-999,11.810823616893371,2.9874931373282245,2.1303721488354173,91088.57078304715,97.54918716330988,,,,,,macs0033m07,MACS0035.4-2015,cubes,8.471549713918339,-7.869722588,44435.437408093334,26.657624507270505,0.1364562302706062,693.2738155138518,8.489999999999947,0.034999999999999254,1,0.8042914595371952,2.304196005698867,-8.603673202,8.217133826784035,-9.121358746,0.5176855443742774,0.004640979,0.037798034,0
8d51m41pt55s-20d15m44pt023s,7.680878855820486,0.06693734,8.861541666666666,-20.26222861,0.3255930938784817,9.262275527975818,0,1,0,nan,nan,8.033900952381359,0.003952407,7.402352573,0.5417932597365852,76.06657975643456,14.689484628874181,0.3524,macs0035m20,4985.181173438838,104.83196842095127,2374.6920087104045,136.39738149927635,5006.845354786945,2.1313063705392103,51.186920328837644,1640.3842276472622,134.39358606888496,48.33791099681986,10.98844473963463,4958.785349115855,1.9340050310478503,46.28534634826118,3810.5252139098466,318.30755171493723,156.73003947149937,65.89751047123983,3727.1773523423994,3.2270386042864994,107.63540645517301,2954.7035948081398,262.9039557518726,121.90858091059096,54.427600236781934,3731.646951515719,3.2270386042864994,107.55487084765912,3672.7108026157775,139.54412653026415,176.39605509910618,12.837545735963964,6562.738084111787,2.474170740187336,46.03484208728188,1808.991679,117.85625929906449,217.60599605217556,40.66711785904478,4861.008643274652,2.0497872676914017,50.453359285807714,1679.710812177911,144.9881873795447,55.59913357028162,16.999903365049484,4340.102881050066,2.2352840300428523,62.265381404692356,0,0,nan,nan,4102.295941243126,2.4724341813099437,73.59990917649725,247.04708939561374,275.6306716172111,5.474158470596671,26.26928268394835,3971.776525295905,0.4999617834394905,nan,0,0,nan,nan,3890.026746689355,7.5396831592689155,245.74890052837705,0,100.3191678016638,nan,nan,3835.4,1,23.704860453545347,0,0,nan,nan,4366.716000181708,8.099485522696195,235.4432619,2064.3931736340237,162.2760473561902,87.77304528,31.580963128268948,3870.079787905584,1.2974440095293183,35.948289060719674,0,0,nan,nan,6582.953667580825,7.590129874675801,146.1516789005529,0,0,nan,nan,6549.247005273916,0.4999617834394905,nan,1294.6440794097557,203.37647640874647,48.29594502932334,14.189690599762192,6716.889650192597,1.9135271566013219,33.756864293672876,120.74110479802458,15900744275647.16,2.1056884289340614,517613654511.99304,6730.159106990046,0.4999617834394905,nan,0,0,nan,nan,3426,1,26.53754284399528,2977.7282923265097,178.1059358,24.848615690142108,7.313864659364591,3759.8833389934316,1.844300011,57.773575335576695,0,0,nan,nan,4683.876035174764,4.140290561530961,110.87244668984597,490.2628691429751,175.51549433792633,19.44975158873519,15.14249430026378,5874.372568143165,2.873149812397534,60.378139222545656,-0.074766627,0.707921552,0.39539214938932354,0.21704821853449285,0.5266662733277443,6765.228808717986,278.6386203820903,,,,,,macs0035m20,MACS0035.4-2015,cubes,8.859266491981181,-20.26248519,-5942.404819,7.739084159552708,0.039615167,99.12325527179553,7.86,0.019999999999999574,1,-0.81892533,3.3756072907645653,-8.499804186,10.019826316979323,-8.637747597,0.13794341041405822,0.024813183600885722,0.06693734,0