intentType,obs_collection,provenance_name,instrument_name,project,filters,wavelength_region,target_name,target_classification,obs_id,s_ra,s_dec,dataproduct_type,proposal_pi,calib_level,t_min,t_max,t_exptime,em_min,em_max,obs_title,t_obs_release,proposal_id,proposal_type,sequence_number,s_region,jpegURL,dataURL,dataRights,mtFlag,srcDen,obsid,distance
science,TESS,SPOC,Photometer,TESS,TESS,Optical,TESS FFI,,tess-s0003-2-4,18.82454293614978,-31.040788897335645,image,"Ricker, George",3,58381.546141770836,58408.879141261576,1425.599424,600.0,1000.0,,58507.6666666,N/A,,3,POLYGON 22.278127 -23.114227 28.285859 -33.79011 14.400627 -38.731614 10.254244 -27.780414 22.278127 -23.114227,,,PUBLIC,False,nan,60942206,0.0
science,TESS,SPOC,Photometer,TESS,TESS,Optical,TESS FFI,,tess-s0030-2-4,21.316275513239678,-29.928875993165978,image,"Ricker, George",3,59115.38607926,59142.7260047,475.199788,600.0,1000.0,,59173.0,N/A,,30,POLYGON 24.81211600 -22.02902800 30.63496600 -32.75918900 16.88033600 -37.59161500 12.86359200 -26.62078800 24.81211600 -22.02902800,,,PUBLIC,False,nan,28055405,0.0
science,TESS,SPOC,Photometer,TESS,TESS,OPTICAL,TESS FFI,,tess-s0097-2-4,25.331023199668948,-28.1652972116202,image,"Ricker, George",3,60933.15679054398,60987.78804431713,158.399925,600.0,1000.0,,60991.0,N/A,,97,POLYGON 28.913241 -20.315978 34.427012 -31.139351 20.855405 -35.774652 17.062073 -24.765519 28.913241 -20.315978,,,PUBLIC,False,nan,352588368,0.0
science,SWIFT,,UVOT,,U,OPTICAL,J014005.1-341033,,00090545001,25.044161358086,-34.1913998108335,cube,,2,55316.1476852,55316.1610995,1141.29284129859,301.4,394.2,,nan,,,,POLYGON 25.277215 -34.135598 24.989226 -33.989949 24.911367 -34.0928 24.82347 -34.222078 24.963708 -34.298665 25.107576 -34.370069 25.191852 -34.260393 25.277215 -34.135598 25.277215 -34.135598,http://archive.stsci.edu/cgi-bin/hla/fitscut.cgi?red=sw00090545001uuu[1]&size=ALL&output_size=1364,http://archive.stsci.edu/missions/swift_uvot/00090545/00090545001/sw00090545001uuu_sk.img,PUBLIC,,5885.0,1474115,0.0
science,HST,HAP-SVM,ACS/WFC,HAP,F606W,OPTICAL,MACSJ0140.0-3410,CLUSTER OF GALAXIES;HIGH REDSHIFT CLUSTER,hst_10491_14_acs_wfc_f606w_j9fc14,25.02316666667,-34.17769444444,image,"Ebeling, Harald",3,53662.19548664,53662.26680631,1200.0,470.0,720.0,,53662.41766202,10491,HAP,,POLYGON 25.071727448341743 -34.19876686635551 25.00675341715326 -34.21723230186698 25.005746020547342 -34.21567658744845 24.992655988607513 -34.188465438733324 24.979775177056116 -34.16243353253454 25.012423749597087 -34.15369138696876 25.04373998405344 -34.14577413300489 25.055259724121765 -34.16686913282945 25.071727448341743 -34.19876686635551,mast:HST/product/hst_10491_14_acs_wfc_f606w_j9fc14_drc.jpg,mast:HST/product/hst_10491_14_acs_wfc_f606w_j9fc14_drc.fits,PUBLIC,False,nan,26402376,0.0
science,HST,HAP-SVM,ACS/WFC,HAP,detection,,MACSJ0140.0-3410,CLUSTER OF GALAXIES;HIGH REDSHIFT CLUSTER,hst_10491_14_acs_wfc_total_j9fc14,25.02316666667,-34.17769444444,image,"Ebeling, Harald",3,53662.19548664,53662.26680631,1200.0,nan,nan,,53662.41766202,10491,HAP,,POLYGON 25.0716938483916 -34.198739101111016 25.006820607775815 -34.21720453444677 25.005813206976665 -34.21566270945919 24.979909473602262 -34.162405804770785 25.013917525495973 -34.15334431730772 25.043756774814348 -34.145815797206495 25.055410910995693 -34.167188540975864 25.0716938483916 -34.198739101111016,mast:HST/product/hst_10491_14_acs_wfc_total_j9fc14_drc.jpg,mast:HST/product/hst_10491_14_acs_wfc_total_j9fc14_drc.fits,PUBLIC,False,nan,26402396,0.0
science,HST,HAP-MVM,ACS/WFC,HAP,F606W,OPTICAL,MACSJ0140.0-3410,CLUSTER OF GALAXIES;HIGH REDSHIFT CLUSTER,hst_skycell-p0564x06y10_acs_wfc_f606w_all,25.02316666667,-34.17769444444,image,,3,53662.19548664,53662.26680631,1200.0,470.0,720.0,,53662.41766202,,,,POLYGON 25.071730762034882 -34.19876540727792 25.006736477132577 -34.21724478162996 25.005744859744183 -34.21567782333375 24.99275987427786 -34.18900824806691 24.992643717302805 -34.188442875693276 24.979799106057346 -34.16251462744678 24.97987743313126 -34.16236937477325 25.01403399895348 -34.15327329446399 25.043752646010986 -34.14578333223332 25.04564224251115 -34.14895101793341 25.054817141710444 -34.166036308682756 25.071730762034882 -34.19876540727792,mast:HST/product/hst_skycell-p0564x06y10_acs_wfc_f606w_all_drc.jpg,mast:HST/product/hst_skycell-p0564x06y10_acs_wfc_f606w_all_drc.fits,PUBLIC,False,nan,87513118,0.0
science,HST,CALACS,ACS/WFC,HST,F606W,OPTICAL,MACSJ0140.0-3410,CLUSTER OF GALAXIES;HIGH REDSHIFT CLUSTER,j9fc14010,25.02270005729,-34.17695246781,image,"Ebeling, Harald",3,53662.195486655095,53662.26679255787,1200.0,470.0,720.0,A Snapshot Survey of the most massive clusters of galaxies,53662.41766202,10491,SNAP,,POLYGON 25.071778109999823 -34.198671960000013 25.0585051500001 -34.172245090000047 25.058422282056249 -34.17226821434015 25.058038210000078 -34.171503250000043 25.057955358413171 -34.171526369706335 25.057571270000164 -34.170761349999971 25.057356010642906 -34.170821417512478 25.044908359999859 -34.14653462 25.044832187628032 -34.146554947744036 25.0444416500001 -34.145792719999932 25.044365733332 -34.145812979480723 25.043975259999858 -34.145050859999976 24.979455469999991 -34.162248299999931 24.992491259999934 -34.187722859999859 24.992567563791884 -34.187702542902258 24.992957860000178 -34.188465000000058 24.993033978435747 -34.18844473194 24.993170589703286 -34.18871160416699 24.992557180000077 -34.188882380000074 25.005812100000128 -34.215316450000067 25.0058949904522 -34.215293370496276 25.006278749999925 -34.216058419999925 25.00636154291556 -34.216035367503729 25.006745339999835 -34.216800480000046 25.071778109999823 -34.198671960000013 25.071778109999823 -34.198671960000013,mast:HST/product/j9fc14010_drz.jpg,mast:HST/product/j9fc14010_drz.fits,PUBLIC,False,nan,24828374,0.0
calibration,HST,CALACS,ACS/WFC,HST,F502N,OPTICAL,DARK,,j9ihboh2q,25.07720771809,-34.08954894966,image,"Sirianni, Marco",1,53662.16318434028,53662.1747721875,1000.0,499.40000000000003,505.00000000000006,ACS CCDs daily monitor,53662.39182863,10729,CAL/ACS,,POLYGON 25.071225 -34.197082 25.005431 -34.215423 24.992047 -34.18873 25.057823 -34.170397 25.071225 -34.197082,mast:HST/product/j9ihboh2q_raw.jpg,mast:HST/product/j9ihboh2q_raw.fits,PUBLIC,False,nan,24062520,22.983655725876417
calibration,HST,CALACS,ACS/WFC,HST,F502N,OPTICAL,BIAS,,j9ihbphdq,25.07814093561,-34.0910324878,image,"Sirianni, Marco",1,53662.29500922454,53662.29500922454,0.0,499.40000000000003,505.00000000000006,ACS CCDs daily monitor,53662.39638885,10729,CAL/ACS,,POLYGON 25.072159 -34.198566 25.006364 -34.216907 24.992979 -34.190214 25.058756 -34.171881 25.072159 -34.198566,mast:HST/product/j9ihbphdq_raw.jpg,mast:HST/product/j9ihbphdq_raw.fits,PUBLIC,False,nan,24062523,28.933246405893826
calibration,HST,CALACS,ACS/HRC,HST,F775W,OPTICAL,DARK,,j9ihboh3q,25.07720771809,-34.08954894966,image,"Sirianni, Marco",1,53662.1632190625,53662.17426559028,953.0,690.0,860.0,ACS CCDs daily monitor,53662.39151618,10729,CAL/ACS,,POLYGON 25.061005 -34.230201 25.070819 -34.228109 25.073834 -34.234861 25.06402 -34.236953 25.061005 -34.230201,mast:HST/product/j9ihboh3q_raw.jpg,mast:HST/product/j9ihboh3q_raw.fits,PUBLIC,False,nan,24062521,231.79527358788536
calibration,HST,CALACS,ACS/HRC,HST,F775W,OPTICAL,BIAS,,j9ihbphcq,25.07814093561,-34.0910324878,image,"Sirianni, Marco",1,53662.29438422454,53662.29438422454,0.0,690.0,860.0,ACS CCDs daily monitor,53662.39611107,10729,CAL/ACS,,POLYGON 25.06194 -34.231685 25.071753 -34.229592 25.074769 -34.236344 25.064954 -34.238437 25.06194 -34.231685,mast:HST/product/j9ihbphcq_raw.jpg,mast:HST/product/j9ihbphcq_raw.fits,PUBLIC,False,nan,24062522,237.81625519772354
science,HLSP,ELEANOR,Photometer,TESS,TESS,Optical,postcard-s0003-2-4-cal-0412-1888,,hlsp_eleanor_tess_ffi_postcard-s0003-2-4-cal-0412-1888_tess_v2_pc,25.0826131152385,-33.8878359719361,image,Benjamin Montet,4,58381.54695146,58408.87995559,1800.0,600.0,1000.0,,58793.05803241,,,3,POLYGON ICRS 25.38679600 -33.42931100 25.70815700 -33.97203000 24.77215300 -34.35314000 24.45597100 -33.80823900,,mast:HLSP/eleanor/postcards/s0003/2-4/hlsp_eleanor_tess_ffi_postcard-s0003-2-4-cal-0412-1888_tess_v2_pc.fits,PUBLIC,False,nan,32151477,0.0
science,HLSP,ELEANOR,Photometer,TESS,TESS,Optical,postcard-s0003-2-4-cal-0412-1942,,hlsp_eleanor_tess_ffi_postcard-s0003-2-4-cal-0412-1942_tess_v2_pc,25.2503118290241,-34.1728982249574,image,Benjamin Montet,4,58381.54695146,58408.87995559,1800.0,600.0,1000.0,,58793.05803241,,,3,POLYGON ICRS 25.55477400 -33.71389700 25.87822600 -34.25635800 24.93954600 -34.63862400 24.62122200 -34.09396500,,mast:HLSP/eleanor/postcards/s0003/2-4/hlsp_eleanor_tess_ffi_postcard-s0003-2-4-cal-0412-1942_tess_v2_pc.fits,PUBLIC,False,nan,32146631,0.0
science,HLSP,ELEANOR,Photometer,TESS,TESS,Optical,postcard-s0003-2-4-cal-0510-1888,,hlsp_eleanor_tess_ffi_postcard-s0003-2-4-cal-0510-1888_tess_v2_pc,24.4590827968119,-34.1393440376342,image,Benjamin Montet,4,58381.54695146,58408.87995559,1800.0,600.0,1000.0,,58793.05803241,,,3,POLYGON ICRS 24.76687300 -33.68283700 25.08481000 -34.22704200 24.14500600 -34.60248400 23.83241800 -34.05628000,,mast:HLSP/eleanor/postcards/s0003/2-4/hlsp_eleanor_tess_ffi_postcard-s0003-2-4-cal-0510-1888_tess_v2_pc.fits,PUBLIC,False,nan,32141746,0.0
science,HLSP,ELEANOR,Photometer,TESS,TESS,Optical,postcard-s0003-2-4-cal-0510-1942,,hlsp_eleanor_tess_ffi_postcard-s0003-2-4-cal-0510-1942_tess_v2_pc,24.6249498166534,-34.4251395894204,image,Benjamin Montet,4,58381.54695146,58408.87995559,1800.0,600.0,1000.0,,58793.05803241,,,3,POLYGON ICRS 24.93304800 -33.96820000 25.25311000 -34.51215700 24.31053800 -34.88865700 23.99577800 -34.34268700,,mast:HLSP/eleanor/postcards/s0003/2-4/hlsp_eleanor_tess_ffi_postcard-s0003-2-4-cal-0510-1942_tess_v2_pc.fits,PUBLIC,False,nan,32143809,0.0
science,HLSP,TICA,Photometer,TESS,TESS,Optical,TICA FFI,,hlsp_tica_s0030-cam2-ccd4,21.05913152313547,-29.775009476001966,image,Michael Fausnaugh,3,59115.38222486246,59142.7224904499,475.2,600.0,1000.0,,59246.0,N/A,,30,POLYGON 24.830717 -22.008966 30.637626 -32.758559 16.900202 -37.575388 12.87907 -26.633891 24.830717 -22.008966,,,PUBLIC,False,nan,99241394,0.0
science,HLSP,TICA,Photometer,TESS,TESS,OPTICAL,TICA FFI,,hlsp_tica_s0097-cam2-ccd4,25.07994222406989,-28.00788892180318,image,Michael Fausnaugh,3,60933.15315993689,60987.7850786373,158.4,600.0,1000.0,,60991.0,N/A,,97,POLYGON 28.880384 -20.258961 34.091665 -31.041696 20.766983 -35.799299 16.664531 -24.586348 28.880384 -20.258961,,,PUBLIC,False,nan,350783623,0.0
science,HLSP,TGLC,Photometer,TESS,TESS,Optical,32313997,,hlsp_tglc_tess_ffi_gaiaid-5012275251600063232-s0003-cam2-ccd4_tess_v1_llc,25.03651890314685,-34.18500730400122,timeseries,Timothy D. Brandt,4,58381.55735905583,58408.86952545328,1800.0,600.0,1000.0,,60023.87031241,N/A,,3,CIRCLE 25.03651890314685 -34.18500730400122 0.0011111111111111111,,mast:HLSP/tglc/s0003/cam2-ccd4/0050/1227/5251/6000/hlsp_tglc_tess_ffi_gaiaid-5012275251600063232-s0003-cam2-ccd4_tess_v1_llc.fits,PUBLIC,False,nan,119129537,49.814169821476774
science,HLSP,T16,Photometer,TESS,TESS,OPTICAL,32313997,,hlsp_t16_tess_ffi_s0003-cam2-ccd4-05012275251600063232_tess_v01,25.0365151458,-34.1850104222,timeseries,Joel D. Hartman,4,58385.4477091891,58405.8018710644,1800.0,600.0,1000.0,,60879.78709485,N/A,,3,CIRCLE 25.0365151458 -34.1850104222 0.0011111111111111111,,mast:HLSP/t16/s0003/cam2-ccd4/0050/1227/5251/6000/hlsp_t16_tess_ffi_s0003-cam2-ccd4-05012275251600063232_tess_v01_llc.fits,PUBLIC,False,nan,299171077,49.8180122445774
science,HLSP,GSFC-ELEANOR-LITE,Photometer,TESS,TESS,Optical,32313997,,hlsp_gsfc-eleanor-lite_tess_ffi_s0003-0000000032313997_tess_v1.0_lc,25.0363978861871,-34.1851072162424,timeseries,Brian P. Powell,4,58381.546141770836,58408.879141261576,1800.0,600.0,1000.0,,59927.0,N/A,,3,CIRCLE 25.0363978861871 -34.1851072162424 0.0011111111111111111,,mast:HLSP/gsfc-eleanor-lite/s0003/0000/0000/3231/3997/hlsp_gsfc-eleanor-lite_tess_ffi_s0003-0000000032313997_tess_v1.0_lc.fits,PUBLIC,False,nan,104268597,49.938160177697014
science,HLSP,TASOC,Photometer,TESS,TESS,Optical,32313997,,hlsp_tasoc_tess_ffi_tic00032313997-s0003-cam2-ccd4-c1800_tess_v05,25.0363978861871,-34.1851072162424,timeseries,Rasmus Handberg,4,58381.54656340725,58408.87973762086,1800.0,600.0,1000.0,,59694.0478009,G011160_G011155_G011188,,3,CIRCLE ICRS 25.03639789 -34.18510722 0.00111111,,mast:HLSP/tasoc/s0003/c1800/0000/0000/3231/3997/hlsp_tasoc_tess_ffi_tic00032313997-s0003-cam2-ccd4-c1800_tess_v05_cbv-lc.fits,PUBLIC,False,nan,81839979,49.938191175161386
science,HLSP,TASOC,Photometer,TESS,TESS,Optical,32313998,,hlsp_tasoc_tess_ffi_tic00032313998-s0003-cam2-ccd4-c1800_tess_v05,24.9806380808723,-34.1952567322107,timeseries,Rasmus Handberg,4,58381.54656504033,58408.87973709094,1800.0,600.0,1000.0,,59694.0478009,G011160_G011155_G011188,,3,CIRCLE ICRS 24.98063808 -34.19525673 0.00111111,,mast:HLSP/tasoc/s0003/c1800/0000/0000/3231/3998/hlsp_tasoc_tess_ffi_tic00032313998-s0003-cam2-ccd4-c1800_tess_v05_cbv-lc.fits,PUBLIC,False,nan,81839954,157.63774398379567
science,HLSP,GSFC-ELEANOR-LITE,Photometer,TESS,TESS,Optical,32313998,,hlsp_gsfc-eleanor-lite_tess_ffi_s0003-0000000032313998_tess_v1.0_lc,24.98063808087231,-34.1952567322107,timeseries,Brian P. Powell,4,58381.546141770836,58408.879141261576,1800.0,600.0,1000.0,,59927.0,N/A,,3,CIRCLE 24.98063808087231 -34.1952567322107 0.0011111111111111111,,mast:HLSP/gsfc-eleanor-lite/s0003/0000/0000/3231/3998/hlsp_gsfc-eleanor-lite_tess_ffi_s0003-0000000032313998_tess_v1.0_lc.fits,PUBLIC,False,nan,104268572,157.63776256075553
science,HLSP,T16,Photometer,TESS,TESS,OPTICAL,32313998,,hlsp_t16_tess_ffi_s0003-cam2-ccd4-05012286624673442560_tess_v01,24.9806171664,-34.1952464573,timeseries,Joel D. Hartman,4,58385.4477091891,58405.8018710644,1800.0,600.0,1000.0,,60879.78712957,N/A,,3,CIRCLE 24.9806171664 -34.1952464573 0.0011111111111111111,,mast:HLSP/t16/s0003/cam2-ccd4/0050/1228/6624/6734/hlsp_t16_tess_ffi_s0003-cam2-ccd4-05012286624673442560_tess_v01_llc.fits,PUBLIC,False,nan,299171102,157.67201130153794
science,HLSP,TGLC,Photometer,TESS,TESS,Optical,32313998,,hlsp_tglc_tess_ffi_gaiaid-5012286624673442560-s0003-cam2-ccd4_tess_v1_llc,24.98061649423905,-34.19524611404758,timeseries,Timothy D. Brandt,4,58381.55735905583,58408.86952545328,1800.0,600.0,1000.0,,60023.87031241,N/A,,3,CIRCLE 24.98061649423905 -34.19524611404758 0.0011111111111111111,,mast:HLSP/tglc/s0003/cam2-ccd4/0050/1228/6624/6734/hlsp_tglc_tess_ffi_gaiaid-5012286624673442560-s0003-cam2-ccd4_tess_v1_llc.fits,PUBLIC,False,nan,119075775,157.67308943850406
science,HLSP,GSFC-ELEANOR-LITE,Photometer,TESS,TESS,Optical,32314006,,hlsp_gsfc-eleanor-lite_tess_ffi_s0003-0000000032314006_tess_v1.0_lc,25.0307079666428,-34.2273550427328,timeseries,Brian P. Powell,4,58381.546141770836,58408.879141261576,1800.0,600.0,1000.0,,59927.0,N/A,,3,CIRCLE 25.0307079666428 -34.2273550427328 0.0011111111111111111,,mast:HLSP/gsfc-eleanor-lite/s0003/0000/0000/3231/4006/hlsp_gsfc-eleanor-lite_tess_ffi_s0003-0000000032314006_tess_v1.0_lc.fits,PUBLIC,False,nan,104269680,194.83622962732005
science,HLSP,T16,Photometer,TESS,TESS,OPTICAL,32314006,,hlsp_t16_tess_ffi_s0003-cam2-ccd4-05012274564405276032_tess_v01,25.0306851874,-34.2274398394,timeseries,Joel D. Hartman,4,58385.4477091891,58405.8018710644,1800.0,600.0,1000.0,,60879.78709485,N/A,,3,CIRCLE 25.0306851874 -34.2274398394 0.0011111111111111111,,mast:HLSP/t16/s0003/cam2-ccd4/0050/1227/4564/4052/hlsp_t16_tess_ffi_s0003-cam2-ccd4-05012274564405276032_tess_v01_llc.fits,PUBLIC,False,nan,299171085,195.1375961403756
science,HLSP,TGLC,Photometer,TESS,TESS,Optical,32314006,,hlsp_tglc_tess_ffi_gaiaid-5012274564405276032-s0003-cam2-ccd4_tess_v1_llc,25.03068448312589,-34.22744254808814,timeseries,Timothy D. Brandt,4,58381.55735905583,58408.86952545328,1800.0,600.0,1000.0,,60023.87031241,N/A,,3,CIRCLE 25.03068448312589 -34.22744254808814 0.0011111111111111111,,mast:HLSP/tglc/s0003/cam2-ccd4/0050/1227/4564/4052/hlsp_tglc_tess_ffi_gaiaid-5012274564405276032-s0003-cam2-ccd4_tess_v1_llc.fits,PUBLIC,False,nan,119129595,195.14723154496383
science,HLSP,GSFC-ELEANOR-LITE,Photometer,TESS,TESS,Optical,10000256376,,hlsp_gsfc-eleanor-lite_tess_ffi_s0003-0000010000256376_tess_v1.0_lc,24.981606,-34.123669,timeseries,Brian P. Powell,4,58381.546141770836,58408.879141261576,1800.0,600.0,1000.0,,59927.0,N/A,,3,CIRCLE 24.981606 -34.123669 0.0011111111111111111,,mast:HLSP/gsfc-eleanor-lite/s0003/0000/0100/0025/6376/hlsp_gsfc-eleanor-lite_tess_ffi_s0003-0000010000256376_tess_v1.0_lc.fits,PUBLIC,False,nan,104249003,217.31861053796067
science,HLSP,GSFC-ELEANOR-LITE,Photometer,TESS,TESS,Optical,32314539,,hlsp_gsfc-eleanor-lite_tess_ffi_s0003-0000000032314539_tess_v1.0_lc,25.1018237261355,-34.1675666045616,timeseries,Brian P. Powell,4,58381.546141770836,58408.879141261576,1800.0,600.0,1000.0,,59927.0,N/A,,3,CIRCLE 25.1018237261355 -34.1675666045616 0.0011111111111111111,,mast:HLSP/gsfc-eleanor-lite/s0003/0000/0000/3231/4539/hlsp_gsfc-eleanor-lite_tess_ffi_s0003-0000000032314539_tess_v1.0_lc.fits,PUBLIC,False,nan,104267902,218.93248591492312
science,HLSP,T16,Photometer,TESS,TESS,OPTICAL,32314539,,hlsp_t16_tess_ffi_s0003-cam2-ccd4-05012276625989598080_tess_v01,25.1018400142,-34.1675678816,timeseries,Joel D. Hartman,4,58385.4477091891,58405.8018710644,1800.0,600.0,1000.0,,60879.78709485,N/A,,3,CIRCLE 25.1018400142 -34.1675678816 0.0011111111111111111,,mast:HLSP/t16/s0003/cam2-ccd4/0050/1227/6625/9895/hlsp_t16_tess_ffi_s0003-cam2-ccd4-05012276625989598080_tess_v01_llc.fits,PUBLIC,False,nan,299171086,218.9805440271466
science,HLSP,TGLC,Photometer,TESS,TESS,Optical,32314539,,hlsp_tglc_tess_ffi_gaiaid-5012276625989598080-s0003-cam2-ccd4_tess_v1_llc,25.10184052741656,-34.16756792069091,timeseries,Timothy D. Brandt,4,58381.55735905583,58408.86952545328,1800.0,600.0,1000.0,,60023.87031241,N/A,,3,CIRCLE 25.10184052741656 -34.16756792069091 0.0011111111111111111,,mast:HLSP/tglc/s0003/cam2-ccd4/0050/1227/6625/9895/hlsp_tglc_tess_ffi_gaiaid-5012276625989598080-s0003-cam2-ccd4_tess_v1_llc.fits,PUBLIC,False,nan,119129614,218.98204863304264
science,HLSP,GSFC-ELEANOR-LITE,Photometer,TESS,TESS,Optical,32314533,,hlsp_gsfc-eleanor-lite_tess_ffi_s0003-0000000032314533_tess_v1.0_lc,25.09161650680869,-34.2045287958335,timeseries,Brian P. Powell,4,58381.546141770836,58408.879141261576,1800.0,600.0,1000.0,,59927.0,N/A,,3,CIRCLE 25.09161650680869 -34.2045287958335 0.0011111111111111111,,mast:HLSP/gsfc-eleanor-lite/s0003/0000/0000/3231/4533/hlsp_gsfc-eleanor-lite_tess_ffi_s0003-0000000032314533_tess_v1.0_lc.fits,PUBLIC,False,nan,104271115,220.38410480836313
science,HLSP,TASOC,Photometer,TESS,TESS,Optical,32314533,,hlsp_tasoc_tess_ffi_tic00032314533-s0003-cam2-ccd4-c1800_tess_v05,25.0916165068087,-34.2045287958335,timeseries,Rasmus Handberg,4,58381.54656032877,58408.87973607952,1800.0,600.0,1000.0,,59694.0478009,G011160_G011155_G011188,,3,CIRCLE ICRS 25.09161651 -34.20452880 0.00111111,,mast:HLSP/tasoc/s0003/c1800/0000/0000/3231/4533/hlsp_tasoc_tess_ffi_tic00032314533-s0003-cam2-ccd4-c1800_tess_v05_cbv-lc.fits,PUBLIC,False,nan,81841298,220.3841302913616
science,HLSP,T16,Photometer,TESS,TESS,OPTICAL,32314533,,hlsp_t16_tess_ffi_s0003-cam2-ccd4-05012274358246866176_tess_v01,25.0917885086,-34.2045158905,timeseries,Joel D. Hartman,4,58385.4477091891,58405.8018710644,1800.0,600.0,1000.0,,60879.78709485,N/A,,3,CIRCLE 25.0917885086 -34.2045158905 0.0011111111111111111,,mast:HLSP/t16/s0003/cam2-ccd4/0050/1227/4358/2468/hlsp_t16_tess_ffi_s0003-cam2-ccd4-05012274358246866176_tess_v01_llc.fits,PUBLIC,False,nan,299171090,220.79858748728756
science,HLSP,TGLC,Photometer,TESS,TESS,Optical,32314533,,hlsp_tglc_tess_ffi_gaiaid-5012274358246866176-s0003-cam2-ccd4_tess_v1_llc,25.09179404857945,-34.20451549255547,timeseries,Timothy D. Brandt,4,58381.55735905583,58408.86952545328,1800.0,600.0,1000.0,,60023.87031241,N/A,,3,CIRCLE 25.09179404857945 -34.20451549255547 0.0011111111111111111,,mast:HLSP/tglc/s0003/cam2-ccd4/0050/1227/4358/2468/hlsp_tglc_tess_ffi_gaiaid-5012274358246866176-s0003-cam2-ccd4_tess_v1_llc.fits,PUBLIC,False,nan,119129651,220.81197405436913
science,HLSP,TGLC,Photometer,TESS,TESS,Optical,32313992,,hlsp_tglc_tess_ffi_gaiaid-5012287758544807552-s0003-cam2-ccd4_tess_v1_llc,24.94572997833205,-34.14034489164811,timeseries,Timothy D. Brandt,4,58381.55735905583,58408.86952545328,1800.0,600.0,1000.0,,60023.87031241,N/A,,3,CIRCLE 24.94572997833205 -34.14034489164811 0.0011111111111111111,,mast:HLSP/tglc/s0003/cam2-ccd4/0050/1228/7758/5448/hlsp_tglc_tess_ffi_gaiaid-5012287758544807552-s0003-cam2-ccd4_tess_v1_llc.fits,PUBLIC,False,nan,119075869,264.43319082726435
science,HLSP,T16,Photometer,TESS,TESS,OPTICAL,32313992,,hlsp_t16_tess_ffi_s0003-cam2-ccd4-05012287758544807552_tess_v01,24.9457236769,-34.1403444109,timeseries,Joel D. Hartman,4,58385.4477091891,58405.8018710644,1800.0,600.0,1000.0,,60879.78712957,N/A,,3,CIRCLE 24.9457236769 -34.1403444109 0.0011111111111111111,,mast:HLSP/t16/s0003/cam2-ccd4/0050/1228/7758/5448/hlsp_t16_tess_ffi_s0003-cam2-ccd4-05012287758544807552_tess_v01_llc.fits,PUBLIC,False,nan,299171112,264.4509118521377
science,HLSP,GSFC-ELEANOR-LITE,Photometer,TESS,TESS,Optical,32313992,,hlsp_gsfc-eleanor-lite_tess_ffi_s0003-0000000032313992_tess_v1.0_lc,24.9455286105151,-34.1403292020137,timeseries,Brian P. Powell,4,58381.546141770836,58408.879141261576,1800.0,600.0,1000.0,,59927.0,N/A,,3,CIRCLE 24.9455286105151 -34.1403292020137 0.0011111111111111111,,mast:HLSP/gsfc-eleanor-lite/s0003/0000/0000/3231/3992/hlsp_gsfc-eleanor-lite_tess_ffi_s0003-0000000032313992_tess_v1.0_lc.fits,PUBLIC,False,nan,104267806,264.9997367920514
science,HLSP,GSFC-ELEANOR-LITE,Photometer,TESS,TESS,Optical,32314007,,hlsp_gsfc-eleanor-lite_tess_ffi_s0003-0000000032314007_tess_v1.0_lc,25.05564235519609,-34.2550131895182,timeseries,Brian P. Powell,4,58381.546141770836,58408.879141261576,1800.0,600.0,1000.0,,59927.0,N/A,,3,CIRCLE 25.05564235519609 -34.2550131895182 0.0011111111111111111,,mast:HLSP/gsfc-eleanor-lite/s0003/0000/0000/3231/4007/hlsp_gsfc-eleanor-lite_tess_ffi_s0003-0000000032314007_tess_v1.0_lc.fits,PUBLIC,False,nan,104270636,305.9765670682745
science,HLSP,T16,Photometer,TESS,TESS,OPTICAL,32314007,,hlsp_t16_tess_ffi_s0003-cam2-ccd4-05012273739771555584_tess_v01,25.0556278343,-34.2550348385,timeseries,Joel D. Hartman,4,58385.4477091891,58405.8018710644,1800.0,600.0,1000.0,,60879.78709485,N/A,,3,CIRCLE 25.0556278343 -34.2550348385 0.0011111111111111111,,mast:HLSP/t16/s0003/cam2-ccd4/0050/1227/3739/7715/hlsp_t16_tess_ffi_s0003-cam2-ccd4-05012273739771555584_tess_v01_llc.fits,PUBLIC,False,nan,299171087,306.03955970611815
science,HLSP,TGLC,Photometer,TESS,TESS,Optical,32314007,,hlsp_tglc_tess_ffi_gaiaid-5012273739771555584-s0003-cam2-ccd4_tess_v1_llc,25.05562737356443,-34.25503553926507,timeseries,Timothy D. Brandt,4,58381.55735905583,58408.86952545328,1800.0,600.0,1000.0,,60023.87031241,N/A,,3,CIRCLE 25.05562737356443 -34.25503553926507 0.0011111111111111111,,mast:HLSP/tglc/s0003/cam2-ccd4/0050/1227/3739/7715/hlsp_tglc_tess_ffi_gaiaid-5012273739771555584-s0003-cam2-ccd4_tess_v1_llc.fits,PUBLIC,False,nan,119129622,306.04160551161533
science,HLSP,GSFC-ELEANOR-LITE,Photometer,TESS,TESS,Optical,10000256375,,hlsp_gsfc-eleanor-lite_tess_ffi_s0003-0000010000256375_tess_v1.0_lc,24.96752900000001,-34.09310900000001,timeseries,Brian P. Powell,4,58381.546141770836,58408.879141261576,1800.0,600.0,1000.0,,59927.0,N/A,,3,CIRCLE 24.96752900000001 -34.09310900000001 0.0011111111111111111,,mast:HLSP/gsfc-eleanor-lite/s0003/0000/0100/0025/6375/hlsp_gsfc-eleanor-lite_tess_ffi_s0003-0000010000256375_tess_v1.0_lc.fits,PUBLIC,False,nan,104249336,331.7521030577934
science,HLSP,ELEANOR,Photometer,TESS,TESS,Optical,postcard-s0003-2-4-cal-0412-1996,,hlsp_eleanor_tess_ffi_postcard-s0003-2-4-cal-0412-1996_tess_v2_pc,25.4191093714419,-34.4578131071988,image,Benjamin Montet,4,58381.54695146,58408.87995559,1800.0,600.0,1000.0,,58793.05803241,,,3,POLYGON ICRS 25.72385900 -33.99836300 26.04935400 -34.54050300 25.10802800 -34.92393300 24.78760500 -34.37958000,,mast:HLSP/eleanor/postcards/s0003/2-4/hlsp_eleanor_tess_ffi_postcard-s0003-2-4-cal-0412-1996_tess_v2_pc.fits,PUBLIC,False,nan,32141291,358.3558103257453
science,HLSP,ELEANOR,Photometer,TESS,TESS,Optical,postcard-s0003-2-4-cal-0510-1996,,hlsp_eleanor_tess_ffi_postcard-s0003-2-4-cal-0510-1996_tess_v2_pc,24.7919338126709,-34.7107927515238,image,Benjamin Montet,4,58381.54695146,58408.87995559,1800.0,600.0,1000.0,,58793.05803241,,,3,POLYGON ICRS 25.10034700 -34.25344800 25.42249000 -34.79709400 24.47718000 -35.17466000 24.16028600 -34.62898700,,mast:HLSP/eleanor/postcards/s0003/2-4/hlsp_eleanor_tess_ffi_postcard-s0003-2-4-cal-0510-1996_tess_v2_pc.fits,PUBLIC,False,nan,32148670,358.45484506241104
science,HLA,HLA,ACS/WFC,HLA,F606W,OPTICAL,MACSJ0140.0-3410,,hst_10491_14_acs_wfc_f606w,25.026602684677812,-34.180102946869184,image,Ebeling,3,53662.19549,53662.26681,1200.0,470.0,720.0,,53662.41766202,10491,HLA,,POLYGON J2000 25.04433929 -34.14583713 25.04394850 -34.14507530 24.97947760 -34.16223730 24.97986789 -34.16299934 24.99252240 -34.18769900 24.99259731 -34.18767908 24.99298800 -34.18844140 24.99306458 -34.18842104 24.99320736 -34.18869963 24.99258020 -34.18887410 24.99296386 -34.18963888 25.00583990 -34.21529680 25.00592155 -34.21527408 25.00630560 -34.21603910 25.00638865 -34.21601599 25.00677270 -34.21678100 25.07167269 -34.19870378 25.07175510 -34.19868080 25.05847730 -34.17226510 25.05839484 -34.17228809 25.05801040 -34.17152300 25.05792828 -34.17154590 25.05754410 -34.17078130 25.05734022 -34.17083815 25.04488170 -34.14655920 25.04480589 -34.14657940 25.04441480 -34.14581700 25.04433929 -34.14583713,https://hla.stsci.edu/cgi-bin/preview.cgi?dataset=hst_10491_14_acs_wfc_f606w,https://hla.stsci.edu/cgi-bin/getdata.cgi?dataset=hst_10491_14_acs_wfc_f606w_drz.fits,PUBLIC,,1352.0,25702340,0.0
science,HLA,HLA,ACS/WFC,HLA,DETECTION,,MACSJ0140.0-3410,,hst_10491_14_acs_wfc_total,25.026602684677812,-34.180102946869184,image,Ebeling,3,53662.19549,53662.26681,1200.0,nan,nan,,53662.41766202,10491,HLA,,POLYGON J2000 25.04394850 -34.14507530 24.97947760 -34.16223730 24.97986789 -34.16299934 24.99252240 -34.18769900 24.99259731 -34.18767908 24.99298800 -34.18844140 24.99306458 -34.18842104 24.99320736 -34.18869963 24.99258020 -34.18887410 24.99296386 -34.18963888 25.00583990 -34.21529680 25.00592155 -34.21527408 25.00630560 -34.21603910 25.00638865 -34.21601599 25.00677270 -34.21678100 25.07167269 -34.19870378 25.07175510 -34.19868080 25.05847730 -34.17226510 25.05839484 -34.17228809 25.05801040 -34.17152300 25.05792828 -34.17154590 25.05754410 -34.17078130 25.05734022 -34.17083815 25.04488170 -34.14655920 25.04480589 -34.14657940 25.04441480 -34.14581700 25.04433929 -34.14583713 25.04394850 -34.14507530,https://hla.stsci.edu/cgi-bin/preview.cgi?dataset=hst_10491_14_acs_wfc_total,https://hla.stsci.edu/cgi-bin/getdata.cgi?dataset=hst_10491_14_acs_wfc_total_drz.fits,PUBLIC,,1352.0,25702341,0.0
science,GALEX,MIS,GALEX,MIS,NUV,UV,MIS2DFSGP_42117_0510,,2466250898293129216,25.113561002040285,-33.8823895657133,image,,2,55881.626458333325,55881.63862268518,1051.25,169.3,300.7,,55992.82343743,,MIS,,CIRCLE ICRS  25.11356100 -33.88238957 0.625,http://galex.stsci.edu/data/GR7/pipe/01-vsn/04559-MIS2DFSGP_42117_0510/d/01-main/0007-img/07-try/qa/MIS2DFSGP_42117_0510-xd-int_2color.jpg,http://galex.stsci.edu/data/GR7/pipe/01-vsn/04559-MIS2DFSGP_42117_0510/d/01-main/0007-img/07-try/MIS2DFSGP_42117_0510-xd-mcat.fits.gz,PUBLIC,,5885.0,923,0.0
science,GALEX,AIS,GALEX,AIS,NUV,UV,AIS_407_1_76,,6385235876531666944,25.126673829058916,-33.898206307156,image,,2,53693.872199074074,53693.87349537037,112.0,169.3,300.7,,55422.19299767,,AIS,,CIRCLE ICRS  25.12667383 -33.89820631 0.625,http://galex.stsci.edu/data/GR6/pipe/02-vsn/50407-AIS_407/d/01-main/0001-img/07-try/qa/AIS_407_sg76-xd-int_2color.jpg,http://galex.stsci.edu/data/GR6/pipe/02-vsn/50407-AIS_407/d/01-main/0001-img/07-try/AIS_407_sg76-nd-exp.fits.gz,PUBLIC,,5885.0,38998,0.0
science,GALEX,AIS,GALEX,AIS,FUV,UV,AIS_407_1_76,,6385235876531666944,25.126673829058916,-33.898206307156,image,,2,53693.872199074074,53693.87349537037,112.0,134.0,180.6,,55422.19299767,,AIS,,CIRCLE ICRS  25.12667383 -33.89820631 0.625,http://galex.stsci.edu/data/GR6/pipe/02-vsn/50407-AIS_407/d/01-main/0001-img/07-try/qa/AIS_407_sg76-xd-int_2color.jpg,http://galex.stsci.edu/data/GR6/pipe/02-vsn/50407-AIS_407/d/01-main/0001-img/07-try/AIS_407_sg76-fd-cnt.fits.gz,PUBLIC,,5885.0,38998,0.0
science,GALEX,AIS,GALEX,AIS,NUV,UV,AIS_407_1_77,,6385235877605408768,25.02885673115162,-34.8110814400422,image,,2,53693.86025462963,54070.57680555555,274.05,169.3,300.7,,55422.18137731,,AIS,,CIRCLE ICRS  25.02885673 -34.81108144 0.625,http://galex.stsci.edu/data/GR6/pipe/02-vsn/50407-AIS_407/d/01-main/0001-img/07-try/qa/AIS_407_sg77-xd-int_2color.jpg,http://galex.stsci.edu/data/GR6/pipe/02-vsn/50407-AIS_407/d/01-main/0001-img/07-try/AIS_407_sg77-nd-int.fits.gz,PUBLIC,,5885.0,38999,56.302291650807035
science,GALEX,AIS,GALEX,AIS,FUV,UV,AIS_407_1_77,,6385235877605408768,25.02885673115162,-34.8110814400422,image,,2,54044.82540509259,54070.57680555555,163.05,134.0,180.6,,55422.18137731,,AIS,,CIRCLE ICRS  25.02885673 -34.81108144 0.625,http://galex.stsci.edu/data/GR6/pipe/02-vsn/50407-AIS_407/d/01-main/0001-img/07-try/qa/AIS_407_sg77-xd-int_2color.jpg,http://galex.stsci.edu/data/GR6/pipe/02-vsn/50407-AIS_407/d/01-main/0001-img/07-try/AIS_407_sg77-fd-cnt.fits.gz,PUBLIC,,5885.0,38999,56.302291650807035
