CUBEKEY,DIR,DATE,TIME,OBJECT,FWHM_XY_AVG,FWHM_MAX,FWHM_MIN
a141,cubes,2023-08-21,20:53:46.582424,Abell141,N/A,N/A,N/A
a209,cubes,2019-11-25,12:41:47,A209,0.903,1.146,0.781
a2697,cubes,2023-09-19,15:47:51.363368,Abell2697,N/A,N/A,N/A
a2811,cubes,2023-08-16,01:23:16.344382,Abell2811,N/A,N/A,N/A
a2813,cubes,2022-09-15,02:49:34.441037,A2813,N/A,N/A,N/A
a3017,cubes,2019-11-20,12:11:41,A3017,0.754,0.939,0.651
a3230,cubes,2023-10-09,00:21:16.591011,A3230,N/A,N/A,N/A
macs0011m15,cubes,2019-09-10,08:13:26,MACS0011.7-1523,0.949,1.253,0.813
macs0018m40,cubes,2019-11-28,11:58:48,MACSJ0018.9-4051,0.967,1.149,0.865
macs0018p16,cubes,2019-10-16,08:47:32,MACSJ0018.5+1626,0.9495,1.124,0.795
macs0025m12,cubes,2019-10-14,12:22:08,MACSJ0025.4-1222,1.0335,1.218,0.852
macs0027p26a,cubes,2019-10-04,11:55:20,MACS0027.2+2607,0.9595,1.26,0.801
macs0027p26b,cubes,2019-11-21,13:23:54,MACSJ0027.8+2616,0.9504999999999999,1.226,0.845
macs0028m75,cubes,2019-09-10,09:48:00,MACSJ0028.2-7537,1.116,1.314,0.839
macs0032p18,cubes,2019-10-16,15:58:45,MACS0032.1+1808,1.0474999999999999,1.261,0.88
macs0033m07,cubes,2019-09-16,09:56:54,MACS0035.4-2015,0.7565,0.962,0.585
macs0034p02a,cubes,2019-10-04,11:47:49,MACS0034.4+0225,0.83,0.983,0.702
macs0034p02b,cubes,2019-10-16,09:06:50,MACS0034.9+0234,0.8755,1.141,0.761
macs0035m20,cubes,2019-10-24,13:23:40,MACS0035.4-2015,1.039,1.21,0.867
macs0040m44,cubes,2019-09-10,08:13:38,MACSJ0040.8-4407,0.9395,1.18,0.802
macs0051p27,cubes,2019-12-06,12:45:03,MACSJ0051.6+2720,0.7304999999999999,0.911,0.61
macs0111p08,cubes,2019-10-04,11:52:10,MACSJ0111.5+0855,0.835,1.033,0.719
macs0138m21,cubes,2019-09-16,08:26:15,MACS0138.0-2155,0.663,0.839,0.54
macs0140m05,cubes,2019-10-03,09:25:14,MACS0140.0-0555,1.1019999999999999,2.467,0.859
macs0140m34,cubes,2019-12-03,13:51:18,MACSJ0140.0-3410,1.0525,1.245,0.942
macs0152m28,cubes,2019-08-09,12:04:41,MACSJ0152.5-2853,0.9964999999999999,1.245,0.815
macs0159m34,cubes,2019-08-09,12:03:55,MACSJ0159.0-3413,0.733,0.88,0.616
macs0217m52,cubes,2019-08-01,14:09:30,MACSJ0217.2-5244,0.9675,1.179,0.809
macs0245m53,cubes,2023-11-02,02:29:00.095689,MACS0245.5-5302,N/A,N/A,N/A
rxj0019p03,cubes,2023-09-11,02:15:59.354293,RXCJ0019.6+0336,N/A,N/A,N/A
rxj0218m31,cubes,2023-09-16,15:08:53.326250,RXCJ0218.3-3141,N/A,N/A,N/A
rxj0232m44,cubes,2019-12-09,13:39:19,RXCJ0232.2-4420,0.8505,1.015,0.743
s26,cubes,2022-07-25,21:04:30.902910,AbellS26,N/A,N/A,N/A
s780,cubes,2020-03-18,12:07:02,Abell S780,0.751,1.075,0.0
a3186,cubes_new,2022-09-10,20:36:16.935528,A3186,N/A,N/A,N/A
a3322,cubes_new,2021-10-20,15:21:53.857403,Abell3322,N/A,N/A,N/A
a3364,cubes_new,2022-09-30,12:53:21.785582,A3364,N/A,N/A,N/A
a3378,cubes_new,2020-03-22,22:02:26,A3378,0.9259999999999999,1.142,0.783
a3399,cubes_new,2022-09-26,03:52:09.879286,A3399,N/A,N/A,N/A
a3404,cubes_new,2020-02-25,11:49:49,A3404,0.748,0.935,0.603
a383,cubes_new,2019-11-20,18:05:17,A383,0.9964999999999999,1.162,0.87
a483,cubes_new,2022-09-15,03:39:39.514138,A483,N/A,N/A,N/A
a520,cubes_new,2020-02-17,09:52:48,Abell520,0.797,1.049,0.663
macs0238m53,cubes_new,2019-11-26,12:46:57,SMACSJ0234.7-5831,0.9035,1.066,0.778
macs0242m21,cubes_new,2019-08-01,15:56:56,MACSJ0242.5-2132,0.7715000000000001,1.057,0.623
macs0257m23,cubes_new,2019-08-09,19:22:40,MACSJ0257.1-2325,0.9365,1.174,0.823
macs0308p26,cubes_new,2019-11-25,12:19:25,MACSJ0308.9+2645,0.8835,1.071,0.779
macs0326m00,cubes_new,2019-10-01,17:23:45,MACS0326.8-0043,0.745,0.885,0.668
macs0358m29,cubes_new,2019-10-23,16:00:29,MACSJ0358.8-2955,1.013,1.148,0.869
macs0404m27,cubes_new,2020-01-08,13:32:08,MACS0404.2-2703,0.9325,1.195,0.755
macs0404p11,cubes_new,2019-11-28,15:54:10,MACSJ0404.6+1109,0.7215,0.978,0.592
macs0406m49,cubes_new,2019-10-24,11:56:22,MACSJ0406.0-4916,0.9949999999999999,1.175,0.724
macs0439m46,cubes_new,2019-10-03,10:40:45,MACSJ0439.2-4600,0.838,1.271,0.682
macs0449m28,cubes_new,2019-08-09,12:05:06,MACSJ0449.3-2848,0.584,0.768,0.506
macs0455p06,cubes_new,2020-01-07,14:21:34,MACSJ0455.2+0657,0.858,1.039,0.714
macs0510p02,cubes_new,2019-11-22,12:58:21,MACSJ0510.4+0220,0.8005,1.02,0.687
macs0521m27,cubes_new,2019-12-02,09:21:58,MACSJ0527.4-2754,0.7104999999999999,0.963,0.595
macs0529m31,cubes_new,2019-10-17,08:48:54,MACSJ0529.7-3145,0.9015,1.179,0.715
macs0547m39,cubes_new,2019-08-01,14:45:39,MACS0547.0-3904,0.6795,0.809,0.542
macs0549m62,cubes_new,2019-08-07,13:51:56,SMACSJ0549.3-6205,1.008,1.226,0.827
macs0553m33a,cubes_new,2019-11-29,11:37:38,MACSJ0553.4-3342A,0.0,0.0,0.0
macs0553m33b,cubes_new,2019-11-29,12:40:07,MACSJ0553.4-3342B,0.949,1.188,0.734
macs0600m20,cubes_new,2019-11-28,17:29:16,MACSJ0600.1-2008,0.0,0.0,0.0
macs0600m43,cubes_new,2019-08-07,11:07:59,SMACSJ0600.2-4353,0.882,1.135,0.71
macs0611m30,cubes_new,2020-02-10,11:32:22,MACSJ0611.8-3036,0.7175,0.878,0.624
macs0723m73,cubes_new,2019-08-08,12:44:00,SMACSJ0723.6-7327,0.937,1.192,0.808
rbs653,cubes_new,2019-10-23,16:17:18,RBS653,1.0474999999999999,1.244,0.834
rxj0303m77,cubes_new,2022-09-26,03:50:45.545799,RXCJ0303.7-7752,N/A,N/A,N/A
rxj0312p08,cubes_new,2019-11-19,13:06:25,RXCJ0312.9+0822,0.925,1.055,0.784
rxj0331m21,cubes_new,2019-10-23,16:39:38,RXCJ0331.1-2100,1.045,1.202,0.912
rxj0409p11,cubes_new,2022-09-29,19:41:00.148550,RXCJ0409.2+1108,N/A,N/A,N/A
rxj0437p00,cubes_new,2020-02-17,12:44:17,RXCJ0437.1+0043,0.839,1.268,0.68
rxj0439p05,cubes_new,2020-01-21,09:37:40,RXCJ0439.0+0520,0.907,1.107,0.782
rxj0439p07,cubes_new,2020-02-14,14:09:28,RXCJ0439.0+0716,0.913,1.155,0.729
rxj0510m08,cubes_new,2020-02-07,19:00:13,RXCJ0510.6-0801,0.861,1.131,0.715
rxj0532m37,cubes_new,2020-02-17,18:34:09,RXCJ0532.0-3701,0.792,1.003,0.578
s520,cubes_new,2020-01-17,11:27:50,Abells520,0.989,1.389,0.832
z2089,cubes_new,2020-03-02,14:24:46,Zw2089,0.9615,1.152,0.777
