object_id,ra,dec,z,angdisp,foreground,cluster_member,lensed,Z_dir,Z_dir_e,Z_j19,Z_j19_e,R23,R23_e,mean_vel_disp,sterr_vel_disp,zcluster,name,oiii5007_flux,oiii5007_flux_err,oiii5007_ew,oiii5007_ew_err,oiii5007_centroid,oiii5007_fwhm,oiii5007_vel_disp,oiii4959_flux,oiii4959_flux_err,oiii4959_ew,oiii4959_ew_err,oiii4959_centroid,oiii4959_fwhm,oiii4959_vel_disp,oii3726_flux,oii3726_flux_err,oii3726_ew,oii3726_ew_err,oii3726_centroid,oii3726_fwhm,oii3726_vel_disp,oii3729_flux,oii3729_flux_err,oii3729_ew,oii3729_ew_err,oii3729_centroid,oii3729_fwhm,oii3729_vel_disp,halpha_flux,halpha_flux_err,halpha_ew,halpha_ew_err,halpha_centroid,halpha_fwhm,halpha_vel_disp,hbeta_flux,hbeta_flux_err,hbeta_ew,hbeta_ew_err,hbeta_centroid,hbeta_fwhm,hbeta_vel_disp,hgamma_flux,hgamma_flux_err,hgamma_ew,hgamma_ew_err,hgamma_centroid,hgamma_fwhm,hgamma_vel_disp,hdelta_flux,hdelta_flux_err,hdelta_ew,hdelta_ew_err,hdelta_centroid,hdelta_fwhm,hdelta_vel_disp,hepsilon_flux,hepsilon_flux_err,hepsilon_ew,hepsilon_ew_err,hepsilon_centroid,hepsilon_fwhm,hepsilon_vel_disp,hzeta_flux,hzeta_flux_err,hzeta_ew,hzeta_ew_err,hzeta_centroid,hzeta_fwhm,hzeta_vel_disp,heta_flux,heta_flux_err,heta_ew,heta_ew_err,heta_centroid,heta_fwhm,heta_vel_disp,oiii4363_flux,oiii4363_flux_err,oiii4363_ew,oiii4363_ew_err,oiii4363_centroid,oiii4363_fwhm,oiii4363_vel_disp,neiii_flux,neiii_flux_err,neiii_ew,neiii_ew_err,neiii_centroid,neiii_fwhm,neiii_vel_disp,nii6583_flux,nii6583_flux_err,nii6583_ew,nii6583_ew_err,nii6583_centroid,nii6583_fwhm,nii6583_vel_disp,nii6548_flux,nii6548_flux_err,nii6548_ew,nii6548_ew_err,nii6548_centroid,nii6548_fwhm,nii6548_vel_disp,sii6716_flux,sii6716_flux_err,sii6716_ew,sii6716_ew_err,sii6716_centroid,sii6716_fwhm,sii6716_vel_disp,sii6731_flux,sii6731_flux_err,sii6731_ew,sii6731_ew_err,sii6731_centroid,sii6731_fwhm,sii6731_vel_disp,heii4686_flux,heii4686_flux_err,heii4686_ew,heii4686_ew_err,heii4686_centroid,heii4686_fwhm,heii4686_vel_disp,hei5876_flux,hei5876_flux_err,hei5876_ew,hei5876_ew_err,hei5876_centroid,hei5876_fwhm,hei5876_vel_disp
38d05m01pt605s-44d20m27pt16s,38.08377916666666,-44.34087777777778,0.20850398292901562,19.3108421028434,1,0,0,9.285448803927414,0.05659444967265145,nan,nan,4.562448108492161,0.18142748904729583,68.80059323215505,17.964798000821027,0.282,rxj0232m44,40925.353055070475,713.3367134115044,119.83157456301223,5.705059708947216,5006.839379458619,2.5157799115966744,61.44322861986223,12894.932846442336,1853.6646968710384,21.343318197791106,8.512590400463738,4958.9777774400845,2.268575320848984,55.39919802788287,0.0,0.0,nan,nan,3726.03,1.0,24.400668213494743,0.0,0.0,nan,nan,3728.82,1.0,24.382410999599827,26979.13459314359,192.62347564093636,300.1046400915456,4.104142326262138,6562.735248383178,2.8184398606266465,52.96109372536083,11796.361212599046,174.72229603698986,55.32768239363829,2.3506028256666047,4861.140217682177,2.365023743428935,59.160932782109825,6660.968820312966,212.48610149319884,27.963032236089735,3.1594512792820737,4340.328920088153,2.290674478486627,63.973844367868175,2985.7766973754547,235.87031146683748,6.980586722089242,2.2032863533732967,4101.794183932875,1.8387841365967441,52.77515313131699,201.22735565364295,87900762.48018537,0.4162973610228503,783182.0044317571,3969.5573185933054,0.4999617834394905,nan,0.0,0.0,nan,nan,3879.06,9.99923566878981,326.52642944617054,0.0,0.0,nan,nan,3835.4,1.0,23.704860453545347,341.8342050109902,1857.9367577269952,1.1690382005720923,22.263725110531976,4363.462786896801,0.4999617834394905,nan,0.0,0.0,nan,nan,3868.75,1.0,23.500516131444996,557.1092190608356,6369.835036352659,1.5816659568756437,34.52442419278126,6583.684570623858,0.4999617834394905,nan,0.0,0.0,nan,nan,6548.416342234732,9.99923566878981,193.93267853817915,2622.8524452746933,176.944575301131,27.042140202229188,3.412480084979524,6716.065189625815,2.8316712798639703,52.00847185829814,1865.9819676182778,217.75684491119264,19.02417494075155,4.143735388541791,6730.583188035922,2.789748371153079,51.07860839756451,1866.4353361940498,240.2293652145726,9.687544619095592,3.8100769596771293,4688.278939628458,4.641730825070217,124.67369604847572,955.5434263474876,104.35667714566817,7.462861392258159,1.7720394434255387,5875.440236175601,2.3447852801894062,48.488887437617
38d04m00pt81s-44d20m58pt424s,38.06689166666666,-44.349562222222225,0.3111964016979907,74.25260449041856,0,1,0,7.81852063717849,0.13279715403992662,7.374071819935827,0.0021452542985864248,4.3764987410485015,0.36978286655459885,86.29422949444299,18.428891613271855,0.282,rxj0232m44,4492.641304373354,159.10892691033413,119.44292502252348,11.554116831533412,5006.862633016668,1.8595800875422284,43.80604063290194,1690.9124561128604,248.51734738798456,22.9908800028878,9.375283155241286,4958.939492537551,1.9792640492834164,47.52964916294551,4311.89257813806,383.5777333182158,10.943220070477233,4.901681012638163,3726.6503800029204,1.6073614181927984,49.43842187941707,3760.1776283513145,324.8809646738548,9.56018191691022,4.151604010309686,3729.2264878644282,1.6073614181927984,49.40143076774003,4003.353924669469,171.6461799264445,298.41977062973916,24.507315228775774,6562.88708263531,2.3872359379749635,44.27378265044609,3257.3124797838495,240.84741656764754,121.57614172232137,25.79312202395858,4860.24000086109,5.813081254568715,151.12714259840664,562.7323515642654,151.89908978067493,6.613338365320927,6.321336653693755,4340.816802025524,1.50858063547859,39.196340232532556,0.0,89.33988770400495,nan,nan,4101.73,1.0,22.16567686891332,0.0,0.0,nan,nan,3969.9959226554706,4.893529590541978,155.30897253473398,0.0,113.74615223157063,nan,nan,3889.06,1.0,23.37778840736009,1803.000557859925,94586334.57216744,12.16058642178842,2985441.8571761907,3835.4851189496485,0.5705210597763962,nan,1883.5592584870224,689.771880267354,81.28468547962248,104.19827362411563,4365.594896580495,9.99923566878981,291.0428046557292,1967.1339194131356,235.53786746154051,13.788411162219715,7.55748633106221,3869.9555812920516,2.1337811120105306,66.33105282906764,0.0,0.0,nan,nan,6580.110061422286,8.70229580245191,167.73886226075118,0.0,0.0,nan,nan,6542.619282540397,3.1706483954560243,60.12406355858926,1676.7137579320981,275.79211666085075,93.2251159622845,28.684222947116595,6715.734437840861,6.70018319647508,126.30697388042633,180.12356224776673,2.91930852017063e+116,5.046043339468663,1.526266539667926e+115,6731.383418101677,0.4999617834394905,nan,303.6201706843399,160.2762531412822,643.7303634490331,1039.9461511822897,4684.313045774544,0.4999617834394905,nan,939.4505052773774,350.1835568997848,94.92591246790057,76.97311509273842,5872.907329781995,9.99923566878981,216.12712798001303
38d04m12pt825s-44d21m10pt642s,38.070229166666664,-44.35295611111111,0.40292640529351553,66.73403958150307,0,0,0,8.969458542722732,0.0071141320617926825,8.150940159413311,0.0002622770955946467,8.162632124545151,0.2310792637281556,52.167125686054774,11.366223970474508,0.282,rxj0232m44,22567.1412073046,354.6168687556022,128.08897740369298,5.497713979981577,5006.834015829306,1.9980823399660776,47.58586696794032,6909.889981192684,933.7871419981336,19.408720732766298,7.277460935748094,4958.849131583009,1.7838306402540278,42.122918614158394,9815.98386042128,333.47237723449535,31.03228480758622,5.3098464551879445,3726.2293091856905,2.2526145560741524,73.15631758124707,11807.609335391948,374.7664395449063,37.404139444223546,5.967367573421555,3729.12559958325,2.2526145560741524,73.101580123807,14017.240730623567,117.73227431295422,39585.839457212656,636.8536906166798,6562.759703679969,2.568067508289596,47.930902052383516,6260.3120665759525,112.506699191629,51.71571965352049,2.6657437148789698,4861.292556615902,2.201815251626666,54.67024378503707,3221.4742882594733,136.48051831324946,14.590305337407269,2.1891461783869146,4340.524696372403,1.8057781180500119,48.82390620123457,1858.4425602766776,134.83168504491294,8.460652268959207,2.4521200835105796,4102.082167392677,1.7699934008952944,50.45850231321942,1178.6157407344972,177.74201565035344,4.147718540990785,2.687600221951526,3973.512208971832,2.1633880626342332,65.64226827865546,0.0,87.73707711699868,nan,nan,3889.06,1.0,23.37778840736009,0.0,0.0,nan,nan,3831.238759942335,6.445999727722583,212.699570623723,734.5240493561215,136.8175190092281,2.9144737664614984,1.9064719542110664,4358.588194087547,1.233396822903736,29.63074530910325,0.0,80.34093017640173,nan,nan,3868.75,1.0,23.500516131444996,0.0,0.0,nan,nan,6584.274237032864,0.4999617834394905,nan,0.0,0.0,nan,nan,6546.4418920110875,0.4999617834394905,nan,0.0,0.0,nan,nan,6716.44,1.0,13.536579167464883,0.0,0.0,nan,nan,6730.82,1.0,13.507659064352907,0.0,0.0,nan,nan,4686.414280746369,5.34807168146872,144.05728528738322,325.9420564946593,77.60587424117723,4.0620013024331305,2.1025795231354114,5875.873246455983,1.444280107336646,27.372738126525665
34d35m05pt955s-31d42m25pt197s,34.5849875,-31.706999166666666,0.38643129403027743,31.052138210433462,0,0,0,nan,nan,7.708091380157611,0.0018746052114975652,6.3764966579088345,0.2675703047204773,83.77414701319303,18.8466191045472,0.272,rxj0218m31,5169.645411215428,89.33358333711266,829.5520511968735,39.15475123707334,5006.839079244467,2.2704725632329614,54.919580995829044,1469.9933978506588,244.02413740404384,37.17324473383913,17.12167177528603,4958.904175672342,2.39386856526988,58.77160307146198,2153.617331158799,166.36624165249773,61.55293485718458,23.949154387744162,3726.220837613062,2.433880463101264,79.64663311219705,3162.8720120103458,235.37796931542715,90.56615787656968,33.8836970205983,3728.873784121755,2.433880463101264,79.58703943205614,4230.910121770862,82.7659837104035,57649.48060722205,2160.1415117951897,6562.732074313149,2.9797103623364665,56.18501019918253,1875.0308819508161,49.86391260653821,82.62466952387142,6.302107250498443,4861.393473913256,2.377917640384593,59.51434977692643,974.0990259553038,62.39429463228024,26.485928306348075,6.00877735844113,4340.35409266605,2.188746740601557,60.82643545035224,0.0,52.94419609943163,nan,nan,4101.73,1.0,22.16567686891332,0.0,0.0,nan,nan,3969.391679088451,9.99923566878981,319.8627926142355,159.93812963524567,115.30243921988873,1.6527894582770095,5.388354993519256,3889.307276609248,0.4999617834394905,nan,565.8303876887574,63.73669678906305,5.909312508942396,3.113104935731962,3836.438194557364,1.6900497461222292,51.06040950842394,0.0,0.0,nan,nan,4364.05687290957,8.73322166375859,253.99885460527122,716.9391068871952,61.25669879788375,7.475322563613328,2.925814507666709,3868.8309947390985,1.580515639724527,46.63128434335722,0.0,0.0,nan,nan,6588.327260534118,0.4999617834394905,nan,0.0,0.0,nan,nan,6549.014600203471,6.895031056636,133.36366223294826,1929.7437199216192,525.123915627667,134.11601870844413,68.16903330044799,6725.613285311955,9.99923566878981,189.07053077254085,630.8411650358964,130.06231894075012,12.913866294724484,4.970211487617853,6729.576063797839,3.7086666294130586,68.88674543361422,313.6049396431056,38.55278870725907,13.962360905929167,5.248746867149567,4686.377203719743,1.2097655924556445,26.808075910032745,276.4598374716212,45.654450339887276,9.970977826051712,3.579924188175969,5875.582912567339,1.5683681033289776,30.410108923324977
34d34m42pt045s-31d41m44pt286s,34.57834583333333,-31.695635,0.6158369806898696,16.364771261465705,0,0,0,9.241295012994454,0.004185223533167086,8.285469813276308,0.0019430832206529483,9.738536354698317,0.3655220235370576,38.53276268405166,8.197976641786761,0.272,rxj0218m31,15009.725092340786,193.0294082962431,146.46687326671096,5.144896058468089,5006.841752220915,1.77204859522288,41.39377204345681,4208.174054178102,577.6198219444093,20.533572380667927,7.820006851167774,4958.932448232569,1.6169380913031624,37.420016499829075,1777.3501692760694,103.88709859168308,33.85351374897685,9.967772013588888,3726.0198607411717,1.9037030881530408,60.48839318983838,2170.871112811495,114.22536414213945,41.431028663502325,10.959709178259489,3728.860079786121,1.9037030881530408,60.44313420254491,0.0,0.0,nan,nan,6562.8,1.0,13.853480493619768,2378.8092568376615,61.72185054587808,45.155516218209335,3.3603978505791865,4861.37736472057,1.9327483357273525,47.17911192182871,1120.5779799926104,39.88186377519455,16.534166365891036,2.0839458087790117,4340.6407058351,1.5334791093960647,40.0189350587456,475.39907090017294,39.20511380866689,6.306230751408408,2.078432852320961,4101.2916021717165,1.3305284139048974,35.11986003544413,861.6857556649264,62.81552171441418,9.918697653889406,3.1143565770149655,3969.393231924063,3.248097781895908,101.71048277573112,606.8370216182695,47.19588145999534,4.36936078416522,1.5372742143688065,3888.7573374034287,1.0430710287016842,25.31441526693879,0.0,0.0,nan,nan,3835.07308068346,4.898898367291994,160.9427020892653,451.9583069103238,46.348343168606704,5.27783592071694,1.897248042984216,4362.57379224695,1.2866050125863762,31.498183684675514,1676.320376494032,43.628902174035176,12.979198094976855,1.547410471203014,3868.8496248732213,1.5378536223682135,45.06010779748044,0.0,0.0,nan,nan,6583.45,1.0,13.810026928666252,0.0,0.0,nan,nan,6548.05,1.0,13.88468655302385,0.0,0.0,nan,nan,6716.44,1.0,13.536579167464883,0.0,0.0,nan,nan,6730.82,1.0,13.507659064352907,192.79649231037115,27592.964796577944,2.5631585947755915,1121.8356503557952,4686.193398030276,0.5754627579652181,nan,0.0,0.0,nan,nan,5875.62,1.0,15.473706908126772
0d47m35pt895s-6d05m45pt616s,0.7933041666666666,-6.096004444444445,0.4171289370304685,23.503009517081964,0,0,0,8.947053613601158,0.005387504529949986,8.404435111685384,0.004776434987674395,10.126239839051525,0.5945744066238404,52.59616679541065,11.176308016968958,0.232,a2697,9664.90413863554,143.4358666279945,163.27200577777944,6.618478333941083,5006.843468538213,1.8369291258233587,43.18372774371736,2865.4934154880866,402.958382462078,20.789430679954055,8.111328064249486,4958.971612187201,1.7448659928139767,41.033123723023216,874.015129418999,255.80674481939917,7.168106342640365,10.565367100912127,3726.4108427737474,1.0587410135575919,27.139890601988043,897.4501709881323,200.15771867591292,7.372508508707755,8.266942990049506,3728.7845901995674,1.0587410135575919,27.11958383073613,3634.7352827865293,92.06657608625657,230.72445269965212,11.194069536280601,6562.783369578644,2.154672835372743,39.530712772486474,1412.3567169894668,63.75004190630126,28.25994473211131,3.658442052793997,4861.455034264554,1.5985998439870237,37.637670131543985,1160.5955987361638,59.92887205305341,28.840334836788664,5.273294360366809,4340.85783158231,2.4458960896826936,68.73985371112461,890.2004218108345,73.63947931881236,13.773883490072144,4.553032585481311,4101.54696208244,2.475925808875786,73.71289930706018,294.840817485796,54.18255999753129,7.35255964422378,5.816593888789516,3970.316233063699,1.168739602785536,30.01262205293102,467.10952748190255,53.86239873882291,9.078225849866078,4.735356788357405,3888.818667720027,1.0839329391222476,27.09163928479126,698.0769252532865,100.24945407499084,14.323732545493913,9.641569773541226,3833.0301458308077,4.383034973881566,143.6206160904405,395.3200753425361,56.67474349084194,7.442010296375944,3.7386886283210385,4363.290503484053,1.552167915996814,40.42218972370714,1021.0237349571578,62.4342046221514,16.282245027747454,4.560872859724414,3868.8259024898143,1.9931154123175425,61.40990693143212,0.0,0.0,nan,nan,6581.841975981437,6.126397496270315,117.6958164378234,0.0,0.0,nan,nan,6546.985539433037,9.99923566878981,193.93267853817915,0.0,0.0,nan,nan,6716.44,1.0,13.536579167464883,0.0,0.0,nan,nan,6730.82,1.0,13.507659064352907,47.8464917987192,0.0,1.2816825674722276,0.0,4685.542367273554,0.4999617834394905,nan,55.733429449002,2292.7047992560842,1.681152131890495,150.38631149877233,5874.675187812269,0.4999617834394905,nan
2d55m43pt935s-15d22m53pt365s,2.9288708333333324,-15.381490277777779,0.15226485154196157,26.85201724608139,1,0,0,8.934228542629173,0.01790043947560329,nan,nan,4.055298327575027,0.18049220157966114,48.07980777473789,12.554294614585384,0.3791,macs0011m15,22440.07670068929,383.8782785633197,118.3861446334766,5.531684084622836,5006.835787764799,2.4291923097165813,59.147588201948004,6690.630024219226,1073.2630677623497,19.634468436643143,8.739038138483771,4958.855373979512,2.3457309342958306,57.478038113029235,0.0,0.0,nan,nan,3726.03,1.0,24.400668213494743,0.0,0.0,nan,nan,3728.82,1.0,24.382410999599827,15538.90544891901,124.12894829591514,209.52275750999746,3.2058826563324296,6562.803605269217,2.6761138706129617,50.105838685338064,7183.369599919913,152.3616051698433,86.90791310705885,5.28689840347147,4861.418616926175,2.9148398529253186,74.10091510535715,4271.828612167827,180.99085482169346,25.176575842642723,3.7779842454009467,4340.39569126314,2.3434706472346236,65.59832578308868,0.0,0.0,nan,nan,4101.73,1.0,22.16567686891332,0.0,0.0,nan,nan,3970.08,1.0,22.900702702093618,0.0,0.0,nan,nan,3889.06,1.0,23.37778840736009,0.0,0.0,nan,nan,3835.4,1.0,23.704860453545347,738.8765786484157,274.69323696117203,3.6142081390588268,4.704153716286007,4365.262632819963,3.1930992283095225,90.90219741688311,0.0,0.0,nan,nan,3868.75,1.0,23.500516131444996,0.0,0.0,nan,nan,6581.963674002805,0.4999617834394905,nan,0.0,0.0,nan,nan,6548.08115147726,0.4999617834394905,nan,1439.7828770299611,161.61762324437015,16.272647662346028,3.416461336823108,6716.664891583945,2.5283848314085167,46.05219059207818,734.0042688731126,166.25882558722566,7.7958597277576205,3.295596716357357,6731.167672605781,1.883308329293461,33.069839357959026,0.0,0.0,nan,nan,4687.783648798585,9.490504904546542,257.15508377975954,0.0,28.209410327024628,nan,nan,5875.62,1.0,15.473706908126772
2d55m43pt275s-15d23m04pt376s,2.928687499999999,-15.384548888888888,0.3769702003894313,15.825249432476458,0,1,0,nan,nan,8.07830281489671,0.00020477824918496687,11.939165582277187,0.862538492807116,80.29219778635526,16.819502289766643,0.3791,macs0011m15,3571.5986680975984,99.13745703274532,508.15077081352854,38.52599508846907,5006.843886514416,2.0883339183071348,50.028631542584144,1270.4120876693642,248.70978169292025,24.6486867895113,13.387576281581476,4959.170859840068,3.8744942280049397,97.83304377493948,3523.4349739852332,273.5204540361606,440.472946162933,172.2101879496515,3726.31543180361,1.9044940471312612,60.51745350303292,4881.193667585113,350.20371918807433,611.2137381154395,220.49045112389365,3728.671326087,1.9044940471312612,60.47217277205812,2693.644031308703,99.24209918396441,213.48596530919068,15.066373186787613,6562.5164923165485,2.482408607701176,46.201429715374786,1109.511322717642,67.35622774155412,27.023766847776567,4.70585110304661,4861.075768501354,2.0627884978154936,50.81546746154486,0.0,58.79771572995625,nan,nan,4340.46,1.0,20.94654063936261,931.991861173466,160.3967953178058,19.342968451997724,13.31035068932199,4100.440601079344,4.001075650485103,122.2706633333182,565.9102477273162,147.05694414049796,762.837367665204,853.3889638909507,3970.243057448442,0.4999617834394905,nan,222.13648097918963,194.21394665891276,8.8021167295287,34.843534903582096,3887.3829754404815,0.4999617834394905,nan,0.0,0.0,nan,nan,3836.920127786364,5.870324176673306,193.465977044048,0.0,0.0,nan,nan,4361.711452471648,2.4686844356276625,69.07510206470486,1134.4423925412912,117.52803442441676,47.193434133092865,22.370370987457136,3870.6971161348633,1.6403405007051948,48.81737327691512,0.0,0.0,nan,nan,6583.959396256415,8.441324297515154,162.67530366124683,84.51317833060614,179.32995631126488,7.8922013319657704,32.15743718823134,6547.0958702465405,0.4999617834394905,nan,555.1927897620744,82.9710839928474,15.680351869134157,4.382885016492432,6716.745457264793,1.7669150340280333,30.751468000427344,915.9115975588121,178.75922496882708,36.286566895953634,13.220094505140924,6729.781784782139,4.291452468352501,80.08359005810422,1131.3709500825246,295.19889827360544,40.089917966416955,32.10792055154881,4676.549465336651,9.99923566878981,271.0131455203778,68.4581101919743,5.8552404860526e+140,3.2893423068179817,6.118090529511431e+139,5874.4796716472065,0.4999617834394905,nan
2d56m07pt62s-15d23m06pt546s,2.9354499999999994,-15.385151666666665,0.5588963880762614,29.197416718402582,0,0,1,8.306510890833128,0.013084225354133349,8.10724123957398,0.00012954943576058917,8.697292064363044,0.46065711588945774,54.21676138032226,13.833266558551175,0.3791,macs0011m15,6594.749233380868,135.40584466578395,156.76818673464564,8.791931086732639,5006.836320352556,2.283596018013671,55.270255940176106,1621.3309539803872,273.3323355736275,21.01299795292525,9.82838075985312,4959.068733382697,1.9779337306180622,47.4931343400524,3512.106232129961,167.06392982261227,33.26998859070434,7.971698924171895,3726.0941494836,2.2428977339532157,72.80694151292094,6665.483811751535,281.89539170204813,63.26039940454305,13.451049506295485,3728.7836628832483,2.2428977339532157,72.75246546773211,0.0,0.0,nan,nan,6562.8,1.0,13.853480493619768,2114.873238143904,99.48821700554522,42.89155503302493,5.787394025061631,4861.223059823956,2.07595383016703,51.18184365356609,1540.7202030947062,64.65579856339828,25.26824911478964,3.755325460098592,4340.552474838618,1.8454229658031251,50.08297779955494,359.9525535164031,40533.74666433697,3.3457313520166796,1505.686589425748,4101.3327712315095,0.5787106086730918,nan,827.2004877937738,75.68400792932151,8.331618467033683,3.283919961974966,3969.104714064631,1.550018002722915,44.347667132494166,0.0,0.0,nan,nan,3888.9450666392195,3.8748235192975287,124.75710906402244,392.45756253992926,1914813.9781646503,2.3912895513410217,54613.08051292793,3835.097530126095,0.5046864913329472,nan,375.64502760997044,119.85874208174735,6.918185647889351,7.73832944642759,4362.42186341808,2.929730892970337,83.00806733709615,925.6139777559954,93.2174156134955,7.623209345875322,3.5186297732273433,3868.020312684817,2.1910060645164258,68.3213625243316,0.0,0.0,nan,nan,6583.45,1.0,13.810026928666252,0.0,0.0,nan,nan,6548.05,1.0,13.88468655302385,0.0,0.0,nan,nan,6716.44,1.0,13.536579167464883,0.0,0.0,nan,nan,6730.82,1.0,13.507659064352907,931.7245513669279,433.92695060967367,31.827781775535197,45.328550175449934,4686.302211319431,9.99923566878981,271.0131455203778,243.55058140455142,54.03737525315159,37.128289568873925,17.90902728077949,5875.832100991264,1.1765866112556853,20.491063726670685
4d38m38pt61s16d26m31pt04s,4.644058333333333,16.441955555555555,0.5342446427321721,40.90620329423247,0,1,0,nan,nan,8.108695889701194,0.0011455538841429222,7.919579573005686,0.45109986004947517,61.552598503795394,14.263041376336373,0.5471,macs0018p16,5086.304748282189,128.51141569702855,181.8167934749135,12.547576064727481,5006.841330774424,2.445847258122781,59.58970074806578,1430.615745205856,234.29895621439496,18.151321640706676,8.246801920695697,4959.3791504222645,2.3729808661601206,58.21061232119584,3671.2261091834107,252.44254120601806,55.04846024674422,19.0630341199057,3726.3833874451648,2.473474281997922,81.0581281804858,3628.04953055967,270.5994154462241,54.501623564698,20.434138655212262,3729.0303332610233,2.473474281997922,80.9974783830637,0.0,0.0,nan,nan,6562.8,1.0,13.853480493619768,1744.5618174384376,80.94659999562687,42.292473396701375,5.627980394736829,4861.531285978034,2.4339858184281407,61.04908509773461,1040.7405269534136,71.4704657000344,18.838581821441917,4.582747647852157,4340.037777522127,2.0461668940162,56.39493977230203,0.0,63.69025546227418,nan,nan,4101.73,1.0,22.16567686891332,0.0,0.0,nan,nan,3970.6065318766646,6.6659300293888695,212.57715625494052,125.37850714105375,134.76407510798202,1.6680077647968994,8.1180776280959,3887.274257265664,0.4999617834394905,nan,0.0,0.0,nan,nan,3835.045687320433,3.87250253249638,126.42421948130821,0.0,0.0,nan,nan,4368.001612350566,3.068934070984953,87.1851703207086,1151.1068258140053,88.60418357983772,19.018959172507284,6.704933997940837,3869.108685792011,1.379776449585929,39.12764395625354,0.0,0.0,nan,nan,6583.45,1.0,13.810026928666252,0.0,0.0,nan,nan,6548.05,1.0,13.88468655302385,0.0,0.0,nan,nan,6716.44,1.0,13.536579167464883,0.0,0.0,nan,nan,6730.82,1.0,13.507659064352907,267.1909521730285,863697445917237.1,5.711543670880372,56481646003501.96,4685.23771228424,0.4999617834394905,nan,1316.276129487349,615.04394083477,60.10162449150773,61.082061959088755,5873.600147812093,9.99923566878981,216.12712798001303
4d45m39pt18s-40d51m33pt895s,4.760883333333332,-40.85941527777778,0.46470272553593994,6.270993110826676,0,1,0,9.450482447880717,0.005839139030715932,8.21508957341206,0.00011916993117979313,11.371761818456463,0.342623251327132,51.61923381719211,11.404047095656406,0.477,macs0018m40,20450.841612881348,308.85692739512467,117.08121641825967,4.829712809911369,5006.8313031565995,1.9486605328027091,46.24178693511374,6377.353442844538,857.1818869463362,19.681012575122573,7.3396931929316285,4958.906436625517,1.8441811731930517,43.80242640476084,3810.228257571104,169.37590560044845,16.070955188139965,3.5981686126429797,3726.239186290982,2.069337763307025,66.53649020910933,5400.453634958943,216.26580229238377,22.82089510447353,4.594282870623642,3728.9173912955616,2.069337763307025,66.48670587849443,0.0,0.0,nan,nan,6562.8,1.0,13.853480493619768,3169.155098708147,45.980781573479995,23.403340907401695,0.973892518060158,4861.379030201129,1.8613230119098956,45.166513460518544,1674.9201544513896,72.66789057495083,8.983362684840188,1.3803525429306334,4340.484183089562,1.7413777642697974,46.76800701410041,0.0,33.97163451212681,nan,nan,4101.73,1.0,22.16567686891332,638.205381229232,106.78534390359634,2.5140756562272233,1.811892165896011,3969.3652823687858,4.036970132066482,127.49413408188582,674.2142266935739,82.22595708595584,2.4063136921588115,1.326193179436132,3890.4454781261234,1.378560347587064,38.87710282837779,0.0,0.0,nan,nan,3833.6491330492313,5.148920299461691,169.32359457164426,539.0762055300531,76.0569638498893,2.646397352324584,1.3087725910581094,4362.633843930037,1.5635808874033745,40.79494792935899,2024.1674835528065,75.18111120025087,7.410083472020364,1.260807051679863,3868.7666483804082,1.6717997825028668,49.959688717087744,0.0,0.0,nan,nan,6583.45,1.0,13.810026928666252,0.0,0.0,nan,nan,6548.05,1.0,13.88468655302385,0.0,0.0,nan,nan,6716.44,1.0,13.536579167464883,0.0,0.0,nan,nan,6730.82,1.0,13.507659064352907,0.0,0.0,nan,nan,4684.244288388963,7.569670395671888,204.7870091111164,287.0978569215555,70.04825404640948,4.771767102717982,2.530993730633556,5876.021629852295,2.279620685330109,47.00739394342499
4d46m35pt34s-20d26m04pt362s,4.776483333333333,-20.434545,0.5281643173109969,33.71796440119023,0,0,0,nan,nan,9.127627555086473,0.001353397172330448,5.649086981654453,0.3040330069783813,49.040615570484825,12.796590573888835,0.277,s26,6228.778788338162,125.74057611634852,7201.58220092841,397.0880821684763,5006.842189217474,1.8072016208162445,42.36500403453211,1913.2298940587884,246.26683275814784,29.77024844148575,10.632162576843369,4958.889660661423,1.5720692222085526,36.13790830715717,519.5547382476107,69.42891045430139,22.599612508345185,15.20375418087949,3726.8932408166543,0.9954335156241744,24.18170367425463,521.4307065079821,69.7206795456017,22.71120063428617,15.267646664755185,3728.786784119692,0.9954335156241744,24.163610295316744,0.0,0.0,nan,nan,6562.8,1.0,13.853480493619768,1625.5713811762039,70.3909631358336,247.05141729491632,30.685373691529936,4861.162027163471,1.6873355679506419,40.206567772518945,1186.2795129807391,60.96288182123639,67.97075441688965,12.372664824461868,4340.189391045485,2.2252592261387814,61.95569453224651,1127.4781742047917,81.19902310173615,55.61721932378189,16.0051961222481,4101.599353639016,2.1803722502368017,64.09227488591068,830.3427744131969,92.13688363399275,31.659980376495415,15.150220424473192,3967.308699595025,3.9858701770270155,125.82995670165415,427.4246098731448,74.02053223218758,19.04970377828731,14.921993225840247,3888.9617475478212,1.3788182059213396,38.886900787548896,694.061953781374,139.9206999519526,57.83763132659434,54.44424289518709,3838.9150334058504,4.28535248329457,140.33505824676124,0.0,0.0,nan,nan,4363.049483884991,8.36525768922594,243.22618033428677,1223.5324748510563,72.16292468550883,298.2415453135625,80.57299462042481,3868.913872946064,1.486808807703605,43.16505773951698,0.0,0.0,nan,nan,6583.45,1.0,13.810026928666252,0.0,0.0,nan,nan,6548.05,1.0,13.88468655302385,0.0,0.0,nan,nan,6716.44,1.0,13.536579167464883,0.0,0.0,nan,nan,6730.82,1.0,13.507659064352907,199.38732010984143,402653.52930431534,24.837529080147302,153352.24988095494,4686.833442078697,0.55872631211567,nan,161.9035505527503,88.63560717550705,11.919697696431601,14.191124821993519,5874.341997108787,1.4564558026551497,27.67396189086416
4d54m58pt005s3d36m09pt248s,4.916112499999999,3.602568888888889,0.7169738631598275,21.816413968382165,0,0,0,9.481795995263413,0.022511928766016404,8.12956284748738,0.00025057287169533404,9.17204953812344,0.7107452980557575,38.39434364968721,7.717398459276441,0.266,rxj0019p03,4588.24617996031,97.26257079202527,299.13910280532735,17.320562307783604,5006.818133684623,1.9722558324722284,46.88409181821965,1466.6195873069507,196.7318064401981,25.69594181796447,9.563658170056273,4958.875602886764,1.7721754924146005,41.79740689144885,2358.964117121054,48.10342228655559,71.30122698808121,7.325822861139951,3725.693477770708,1.7823147548634617,56.00436089256024,3350.5721641636524,58.77516630153453,101.4948229057863,8.95105662948696,3728.8246731062377,1.7823147548634617,55.96245697472826,0.0,0.0,nan,nan,6562.8,1.0,13.853480493619768,1282.6361218017269,96.11281185175623,94.59896697198216,20.328689586698015,4861.742920135288,1.7474217322649974,41.929827150952065,738.8311815034565,72.19424678618448,49.70217163626895,17.198208920976004,4340.740242822663,2.318821926992605,64.84037347280739,123.65319400985798,41.65728934133187,3.0649124523703284,4.125683376532466,4101.670979484744,0.4999617834394905,nan,302.8077064369142,287688.3619486206,11.56213255994696,47285.55267004064,3970.406159034333,0.500185642257797,nan,144.74361466996382,93.43596205770864,5.031366582859987,14.701650388280225,3887.784579995215,0.4999617834394905,nan,0.0,0.0,nan,nan,3834.05416608832,4.07887005372478,133.38305817413942,108.04088549904274,47.42329644778943,4.198474332906621,6.459940505868389,4362.568700211887,1.2997036119491654,31.952733025078984,885.062271749403,41.536167009732196,37.68706331708414,8.104160296745547,3868.4034881220773,1.6493741644789792,49.1458794851255,0.0,0.0,nan,nan,6583.45,1.0,13.810026928666252,0.0,0.0,nan,nan,6548.05,1.0,13.88468655302385,0.0,0.0,nan,nan,6716.44,1.0,13.536579167464883,0.0,0.0,nan,nan,6730.82,1.0,13.507659064352907,0.0,0.0,nan,nan,4684.469606172487,3.210538757857313,85.131858694055,0.0,0.0,nan,nan,5875.62,1.0,15.473706908126772
6d23m36pt795s-12d22m50pt684s,6.393554166666666,-12.380745555555556,0.5944524612248088,33.66887402383172,0,1,0,nan,nan,nan,nan,nan,nan,47.810635598317106,10.035433174177824,0.5847,macs0025m12,3276.758571798366,105.61796061033598,121.55241309900835,10.701386782032337,5006.865344221473,1.8320209398968041,43.04871005337065,923.7928391381253,174.7836856837928,26.02098097215145,13.660972949339614,4958.672278917214,1.9995333124245236,48.08557421246023,1057.9613464484637,129.9148552631308,7.669716705738237,4.7423384883901525,3726.6182113155173,1.535142461558876,46.68200693440733,1925.6650644711879,198.29176355453907,13.983555101034028,7.238330522947686,3729.018314865858,1.535142461558876,46.64707824400474,0.0,0.0,nan,nan,6562.8,1.0,13.853480493619768,0.0,0.0,nan,nan,4863.12075756976,4.925695938037527,127.68654195915002,699.3214967240149,94.20143154601969,11.207893458662939,5.348143384081773,4340.014064342059,2.355892904780543,65.98001475290175,7.360831128356761,177.33300203333084,0.10093557724758696,9.721209002248568,4100.734759025728,0.4999617834394905,nan,651.2932802584812,106.51201157230743,12.5133415295318,8.800650435480243,3972.0240370405622,2.4976549758080995,76.8834197329108,321.43768825335746,2.082213305255917e+22,4.927311478316405,1.4463354915943932e+21,3886.0728075793186,0.4999617834394905,nan,0.0,0.0,nan,nan,3834.5088123107607,3.3042711460779643,107.19071145382904,0.0,0.0,nan,nan,4358.893386654937,2.8484231709021266,80.56278665967541,0.0,49.10940934424603,nan,nan,3868.75,1.0,23.500516131444996,0.0,0.0,nan,nan,6583.45,1.0,13.810026928666252,0.0,0.0,nan,nan,6548.05,1.0,13.88468655302385,0.0,0.0,nan,nan,6716.44,1.0,13.536579167464883,0.0,0.0,nan,nan,6730.82,1.0,13.507659064352907,465.65904486187327,127.89615276569388,16.622491156954073,13.969250456597196,4684.796708167048,5.859712985942427,158.0685771186157,0.0,0.0,nan,nan,5875.62,1.0,15.473706908126772
6d51m52pt995s26d07m16pt522s,6.864720833333332,26.121256111111112,0.8129630864732706,14.440787059984471,0,0,0,10.809841433017377,0.0015880602565482137,8.194523437001699,9.599161389775492e-05,9.811681878072822,0.36622774214209863,26.776386539875116,3.7953714653356987,0.365,macs0027p26a,14818.507766106472,211.680134663724,211.1591676241696,8.23893772577622,5006.847493012381,1.7732734297459518,41.42767119627472,4789.1107292784045,549.4900291557638,30.702924094344148,9.773773226044403,4959.048127744638,1.6214573643511387,37.54868492336883,3608.9468303954254,106.1653569969766,84.5119493235624,12.523753043560022,3725.9924779267003,1.8032607192616532,56.78174719154031,4982.371923093704,127.79479079041771,116.90160704570387,15.075260380447725,3728.7856787606165,1.8032607192616532,56.73926161308268,0.0,0.0,nan,nan,6562.8,1.0,13.853480493619768,2874.0166669990676,87.28840434065374,67.6690241339628,5.894690595229108,4861.355848092021,1.7607660897803048,42.310957780489424,1304.698017602293,70.18524158754903,80.371521247277,15.314000293007295,4340.248452360426,1.4628188725727165,37.67454452288199,633.0427938821277,39.277901120980225,12.519767303745983,3.104044381665982,4101.56804127749,1.0287422750294621,23.3985429408353,530.5179698491087,49.38266230044317,8.742818857447082,3.504479583208528,3969.7741531535626,0.9754651216182366,21.785359218475733,784.2444704525672,58.62745824959738,12.723696558337728,4.302798098450654,3888.806488075024,1.3723900317920543,38.64245554555348,377.2632471757889,64.20987826301597,6.919615687119352,5.511714498101694,3835.3933217015096,1.1904951525855783,31.963730400062907,115.43028500713511,0.0,2.425199975089812,0.0,4360.232352074139,0.4999617834394905,nan,1645.1238809620977,48.23485129431868,26.758402261972854,3.593840466219458,3868.864642474864,1.3093370760255796,36.41224980980734,0.0,0.0,nan,nan,6583.45,1.0,13.810026928666252,0.0,0.0,nan,nan,6548.05,1.0,13.88468655302385,0.0,0.0,nan,nan,6716.44,1.0,13.536579167464883,0.0,0.0,nan,nan,6730.82,1.0,13.507659064352907,359.9938598536599,489.06055678906074,14.62787677139011,60.817874416784136,4684.228575519238,0.4999617834394905,nan,0.0,0.0,nan,nan,5875.62,1.0,15.473706908126772
6d56m36pt285s26d16m00pt993s,6.943412499999999,26.2669425,0.3049626065288087,51.14114865523023,1,0,0,10.890674750820118,0.08449990343743284,7.6504168365582625,0.004512472230817896,3.722845439549491,1652.6261217832873,76.51400562127124,14.174785702265957,0.36,macs0027p26b,2069.0446292165084,72.73644114000555,535.1995146259098,51.39012843528021,5006.874895351774,2.086699506207897,49.98451891282635,880.6045751452965,110.25273950328092,54.49461418089109,18.927080955820713,4959.437208419726,2.1032966634751022,50.91972259397597,0.0,0.0,nan,nan,3725.210484295076,3.383245084626229,113.09659422185632,715.3272604700933,1626937.1983808442,48.200438447199524,550959.5878588749,3729.3292803581417,0.6429183740955289,nan,2277.3297404880677,94.05688646196141,167.441320359281,13.246615654104351,6562.603659088695,2.3410730837488347,43.33623716697498,984.4557138733658,76.21757623600946,55.06103444379983,12.228143049881787,4861.003750629314,2.0238201491464993,49.72921266595199,1163.5896542938306,139.96334547378976,249.890517407844,106.43461252581172,4340.896563378067,6.368074340156515,185.6502523001767,498.7285395506326,71167.4851948559,38.974189392742325,22219.35563057869,4101.904686580958,0.7321030335961229,6.6551228808137965,353.2869734171169,81.8175803790942,93.84565155024502,93.62496300777791,3969.1488353738855,2.004030488009848,60.216205524047226,1615.3066938306279,158.87949309715725,67.3712669989836,29.89844974076067,3892.9650227969355,6.290958393266119,204.65851772462148,2030.5014460593236,125.31061380481192,82.18045604041174,23.732510197136804,3835.595273393976,3.361103268170399,109.12021065961865,0.0,32.38927741561002,nan,nan,4363.21,1.0,20.83732430562082,625.5607955580258,85.26493666429324,64.99759757074801,40.61429418780312,3867.613093745447,1.5180104624667972,44.32548915282282,0.0,0.0,nan,nan,6584.062605018343,5.373293398068974,103.02273907507825,0.0,0.0,nan,nan,6545.806104104089,4.1428097687397685,79.38824661333149,503.1157164867573,81.34837077313185,30.01295140273866,9.076241466235256,6716.821636884123,1.525321201235645,25.688082839991573,706.8571251338412,667.4876782136046,29.41044302063115,51.9121647972276,6720.82,9.99923566878981,188.66659273341497,0.0,0.0,nan,nan,4687.097884101928,4.416185550125753,118.47103743303045,50.21165408853511,3981.213916785503,2.046402191448098,352.84369776471084,5874.5511558253875,0.4999617834394905,nan
6d55m56pt13s26d16m02pt84s,6.9322583333333325,26.267455555555554,0.415384105695892,44.87459104946611,0,0,0,nan,nan,7.343418094997981,0.003335254242993098,7.548453658269763,55545.36437843676,93.89505336725693,20.467401736682042,0.36,macs0027p26b,3782.9383181498583,76.28958906107468,4625.551435938433,254.79281302541358,5006.8332713089385,1.8146606791316995,42.57065200278879,1223.0045842062354,195.36863987214824,79.09562632400247,35.05747734575253,4958.882421797869,2.192517464378878,53.34263418190699,1227.1793485340668,39624464.494940124,33.90321244574849,5512038.631670745,3726.6451789925723,5.0704335967015695,171.58650113988406,1390.934151690999,39715251.39475427,38.420485992425505,5524667.7209317265,3726.3928689976656,5.0704335967015695,171.45811566185608,2242.4175903216938,127.15412283899713,157.78111580783192,17.13654139945346,6562.941848258058,2.026696478677173,36.89589046886203,1010.0156598601582,67.65767710018497,44.64294525640411,8.577815366094546,4861.150972888081,1.5493328954331425,36.197094833926684,771.5850475783254,76.80716067535722,71.40573154279029,25.181813380428434,4339.829572013143,2.907327154126908,82.7662615439285,0.0,0.0,nan,nan,4103.487030496721,6.6927588164228435,206.59156160413707,546.4459418880153,42464.33947572014,86.90997832012997,29064.484395972282,3970.8704862472755,0.678066009032115,nan,0.0,0.0,nan,nan,3890.6078109696705,6.5400843878104125,212.86277073951595,1254.075931057996,142.3595851849256,137215.65119209737,72925.80826220229,3834.7987141767194,4.399617354457556,144.17817176319468,0.0,0.0,nan,nan,4364.99650292639,9.99923566878981,291.0428046557292,0.0,47.579381977418066,nan,nan,3868.75,1.0,23.500516131444996,295.38528076490235,188.1417422076456,24.870940033462,30.24305775684542,6583.490170814673,1.6172574969469227,28.19306030733532,0.0,0.0,nan,nan,6548.562402309784,8.355520057959566,161.88068734429663,0.0,0.0,nan,nan,6716.44,1.0,13.536579167464883,0.0,0.0,nan,nan,6730.82,1.0,13.507659064352907,55.44308248288055,2522192124370.4575,6.9174645816970965,962568545694.5841,4685.597487892417,0.4999617834394905,nan,0.0,0.0,nan,nan,5875.627615300879,0.6077020586732135,nan
7d03m32pt925s-75d37m59pt602s,7.059145833333333,-75.63322277777777,0.23105237846602522,139.92084975613827,0,0,0,9.497198482464302,0.002122119192108796,nan,nan,7.359628849308802,0.5220979669902566,52.83010018027977,11.365182008571702,0.388,macs0028m75,9433.541243683738,178.7170679705364,114.9135329725047,5.946333762223476,5006.839091581446,2.224487121618183,53.68908497231127,2663.379034994318,424.9336743484738,17.056820398449975,7.550282579982039,4959.052463068768,1.9862547972377074,47.72147498053138,0.0,0.0,nan,nan,3726.03,1.0,24.400668213494743,0.0,0.0,nan,nan,3728.82,1.0,24.382410999599827,5262.516413857346,99.1274437379778,1776.355379564464,64.09136406917001,6562.724949313873,2.4557321792323354,45.66179849513147,1643.6861866769502,98.35229543096024,23.69844180107386,4.066727431011606,4861.647193433216,2.0221396303097494,49.6823049816524,2034.2194945973756,150.04445730111394,30.131870007013866,7.871167095653619,4340.541809087838,2.0661632726937005,57.018715428656385,0.0,84.07091717767824,nan,nan,4101.73,1.0,22.16567686891332,0.0,0.0,nan,nan,3969.755403878327,4.036539687607424,127.48011851676786,0.0,0.0,nan,nan,3888.8627343322073,0.4999617834394905,nan,0.0,0.0,nan,nan,3835.4,1.0,23.704860453545347,218.18566948961447,0.0,2.66027576817238,0.0,4365.117447218126,0.4999617834394905,nan,668.7723449748086,238.26667216173448,25.777941948907493,42.11498000459069,3867.1673935877425,2.868091971378481,91.52699065226783,0.0,0.0,nan,nan,6582.423861951713,9.99923566878981,192.88987927331783,0.0,0.0,nan,nan,6547.239233460051,0.4999617834394905,nan,674.1528828430785,125.54153775442903,193.02005398878248,67.23897623462288,6715.698020853615,3.8847095977377095,72.42936436214012,83.49738233873643,1.183102473348222e+39,341.64587297906286,9.034958109968206e+39,6730.912498884101,0.4999617834394905,nan,0.0,52.08792705631482,nan,nan,4685.68,1.0,19.403292965701418,339.99190829479517,100.90544433747978,14.536277519399244,9.381001931380473,5874.879803484214,2.233449638112634,45.95506190072476
7d01m01pt38s-75d37m22pt757s,7.017049999999999,-75.62298805555555,0.4005106205372235,39.10105683874975,0,1,0,7.879857686156618,0.005223155154843974,8.106028401276399,0.0001858505144991505,9.791301680765816,0.6478904117958275,80.2156060665099,17.490844903026616,0.388,macs0028m75,5477.032169481605,108.06260144632834,93.72577984445535,5.050986579918781,5006.837675831702,2.3531922443735844,57.12655312488489,1406.7413596869253,222.8886489639081,12.066890100872396,5.305289505051468,4958.6141145079255,1.8818185529682268,44.84510167980567,4042.849942577122,333.6343474602275,53.13357619603573,22.075308119029703,3726.847772766745,2.616754911628847,86.15026436731695,4583.381108046431,404.49309661246895,60.35013185160792,26.76376040930607,3729.524117807842,2.616754911628847,86.08580450130442,4272.156135459787,95.57128339248895,285.054833088296,12.214669659729516,6562.670073804532,2.526112825381361,47.08443774295584,1584.0595137886696,86.48081381856389,50.96626996937271,7.98043537560902,4861.411063012065,1.8603389948942783,45.138700804704754,918.6266924106135,142.17127764814006,11.129490876618979,6.098567931278061,4341.087485474728,3.724644464900893,107.30095233787166,1751.7297142240964,154.27098769107326,69.83479325437088,24.563097189753197,4102.509870894674,3.142838420799013,95.09755316302815,0.0,0.0,nan,nan,3971.5033737589624,9.99923566878981,319.8627926142355,0.0,0.0,nan,nan,3891.5555045115707,6.066342590440839,197.2579540753032,708.518657180471,112.25434244424775,9.450726123087884,7.013782308481854,3834.0154336555065,1.1690758313763858,31.080450445695202,649.0497542504286,155.95215620211104,7.553409254208688,6.349558929217576,4366.783580927807,4.357894770751014,125.50394045459869,1025.627569003133,160.16051956039453,30.6220332010435,21.92324724493254,3867.5243825643633,2.2763802622501244,71.27988899659911,0.0,0.0,nan,nan,6577.133929218062,0.5485947073544194,nan,91.77112995636519,1894088703305.6736,1.5012051082215585,59480396852.15439,6548.750797893997,0.4999617834394905,nan,164.70681032642096,0.0,1.9184751665458881,0.0,6706.44,0.4999617834394905,nan,0.0,0.0,nan,nan,6730.82,1.0,13.507659064352907,0.0,0.0,nan,nan,4689.326410537166,2.387482601650515,62.01721569546828,296.68026220316966,103.2468300638558,11.411571786022485,8.634730130537822,5875.255950310681,2.6127247505814157,54.54164012905297
7d04m12pt555s-75d37m54pt293s,7.070154166666666,-75.63174805555555,0.4039137907583561,179.64355579577895,0,1,0,nan,nan,7.830011572531124,0.005037791242930286,7.0113862362776915,0.5760217204947019,64.0550072261606,12.792831252190334,0.388,macs0028m75,3310.4967807111634,90.31877626022253,81.08762135252566,6.042625549709141,5006.843223094033,1.9158548515474736,45.34683209300047,1365.1603627103616,195.87039896171328,16.477467934343576,6.5588235107237205,4959.2375269738295,2.719947510280596,67.47711639881042,940.8757098905625,202.01151843536783,6.404905296962502,6.929822823829328,3725.493245752794,1.0860293860578112,28.37076946463439,1989.85915221543,339.94841229031084,13.575121947813535,11.661623478998077,3728.596602192982,1.0860293860578112,28.3495417178388,3214.0864339751424,80.13757765652853,93.84908116998514,4.482063735901853,6562.723098571159,2.7141660947004103,50.870238358967946,1084.8627859311473,61.77651486256529,54.075638402339706,8.831832602082944,4861.377274838268,1.5699038958676257,36.799951712606806,184.7923023332399,99.21416210074173,11.172121751032035,21.242696337913916,4340.574765289527,0.4999617834394905,nan,1040.4904405351112,121.82060112225713,17.65507147689559,8.255567658900189,4102.506881789754,2.046528987958037,59.68921357459139,0.0,0.0,nan,nan,3969.0955288800355,5.6381455031944,179.4017868633382,0.0,0.0,nan,nan,3889.268641086018,3.7117767943960165,119.32638747108757,0.0,0.0,nan,nan,3835.3020033741464,4.183134606930303,136.89474973746704,0.0,0.0,nan,nan,4365.8782750122855,0.4999617834394905,nan,1303.2444989470603,120.01642573822824,39.5289973389285,16.66380034891596,3869.929626683314,1.7175429433055702,51.61260561503638,101.82223718016157,317831.6590149757,25.81049373897529,153820.4172954281,6583.112131636917,0.5446521794708079,nan,0.0,0.0,nan,nan,6551.422366216726,8.809611053131189,170.73886177851463,0.0,0.0,nan,nan,6716.44,1.0,13.536579167464883,0.0,0.0,nan,nan,6730.82,1.0,13.507659064352907,0.0,0.0,nan,nan,4685.923142421139,1.6597552658756505,40.88877379272122,626.358808175313,160.0887302386383,20.009226925898815,11.115679836133117,5876.847699347399,5.1329413466895355,110.17906326045767
7d01m44pt475s-75d37m58pt35s,7.029020833333333,-75.632875,0.565741778146726,31.518064387141784,0,0,0,7.57093583015679,0.008559319842007912,7.33878851847447,0.0027138566867808468,4.273799827000158,0.35656652309167997,52.672896899966766,10.759386172939411,0.388,macs0028m75,3576.7964561899958,119.98892006477078,173.73393014100319,15.919400771282408,5006.7797495156265,2.1218434564051054,50.932103881470155,1148.893361327638,164.155299995461,23.964483227056892,9.500266705652407,4958.944165195756,1.967115756438248,47.196069374062105,868.7455228166285,183.44313091623803,10.598342872794529,11.272824184386835,3726.085228044027,1.9011980519660812,60.3963441689717,2313.7360483331045,447.7575178610353,28.264756443331844,27.515294526834225,3728.0180961434326,1.9011980519660812,60.35115405514712,0.0,0.0,nan,nan,6562.8,1.0,13.853480493619768,1850.3841332733234,93.54490851260098,50.18258148686099,7.277026905030731,4861.099222221019,1.9674335816392101,48.152327924387954,536.6368376518766,79.05331605824198,19.042730059528324,9.939624205251262,4339.51004863528,2.0119438073168747,55.32547876510451,691.8525519665286,79.71994900781026,44.56849951213697,20.535028272111735,4100.309346879631,1.5929559549687495,44.41286451385206,0.0,54.251284613664104,nan,nan,3970.08,1.0,22.900702702093618,281.97613996457784,110.82868881625379,8.042398824337912,14.296564100770134,3889.1080477869255,2.9208437688619684,92.8286923411041,0.0,46.60140049974562,nan,nan,3835.4,1.0,23.704860453545347,633.2553069965603,117.8050409516177,20.06647749013431,13.080843669489187,4363.33409827626,3.62696494043823,103.83823829146485,1041.8738788828841,148.83529944327216,44.25830072411216,29.007887656042517,3866.342484398112,5.326909184185962,173.774130413145,0.0,0.0,nan,nan,6583.45,1.0,13.810026928666252,0.0,0.0,nan,nan,6548.05,1.0,13.88468655302385,0.0,0.0,nan,nan,6716.44,1.0,13.536579167464883,0.0,0.0,nan,nan,6730.82,1.0,13.507659064352907,0.0,0.0,nan,nan,4688.058755445646,6.728148621799278,181.81203205118285,525.4323464285663,93.08726036630267,13.243615208001941,5.098992212699419,5877.53848595268,3.391964303114866,71.91340375664304
8d28m41pt88s-7d51m59pt549s,8.478299999999999,-7.866541388888889,0.5528741824798336,34.37300277293504,0,0,1,8.297808176973682,0.22098414448422357,8.145629998089685,8.854908417228212e-05,9.280373515259727,0.18056386378630163,44.41873773769825,6.724290282787858,0.3524,macs0033m07,60311.89216475377,851.5947204337072,112.3832223910113,4.334248437435893,5006.871249795024,2.6605586919399267,65.26719255840578,17377.34198283634,2420.8699196348043,17.962427997997832,6.943017690297109,4958.926198747551,2.462990775653445,60.62485812886932,24855.30762627386,159.77161226753765,38.32131533392121,1.240774917732002,3726.130613985117,2.3450249219836548,76.4712692033965,35836.13337766829,213.98815898852106,55.35856457198846,1.6618167432647941,3728.9099142566324,2.3450249219836548,76.41405141302918,0.0,0.0,nan,nan,6562.8,1.0,13.853480493619768,14911.110519850608,82.90197099512095,48.01076843754528,0.7655728616891888,4861.427263105384,2.6496559307818304,66.92478168390828,7236.203291358699,69.12556354690199,16.056680078937923,0.5432541939638768,4340.40187867127,2.310452237730332,64.58282168993382,3613.6279084571634,75.6122981787483,6.598831854192866,0.5516497628437801,4101.860653303244,1.854477828089714,53.30154244195468,3115.216806133561,96.26285893973599,4.869186996130704,0.647998778907188,3969.5812863363753,3.192419207364827,99.88127300607033,2671.4162255183423,164.31643273133804,3.7796684764500066,1.05158346783734,3888.944534870361,1.6440377447683914,48.69622721218882,0.0,0.0,nan,nan,3837.6735779970845,0.4999617834394905,nan,553.7100559296133,388186.0736697545,1.0616940276291844,2609.1020902471014,4362.564986470071,0.5827817401832154,nan,6708.668624907557,123.07986046859533,9.927892910255071,0.8343885845277446,3868.776164476895,2.130750180210486,66.22546082766526,0.0,0.0,nan,nan,6583.45,1.0,13.810026928666252,0.0,0.0,nan,nan,6548.05,1.0,13.88468655302385,0.0,0.0,nan,nan,6716.44,1.0,13.536579167464883,0.0,0.0,nan,nan,6730.82,1.0,13.507659064352907,0.0,0.0,nan,nan,4686.162048653422,1.4926854846103674,35.82028002348379,1511.5683843566826,86.28776485163432,8.074367390871409,1.0020695371464965,5875.767676274209,2.9078836856982373,61.153826620233396
8d28m02pt205s-7d52m20pt125s,8.467279166666666,-7.872256944444445,0.7349193674835264,12.72425612805456,0,0,0,9.265816417656788,0.19692052893518963,8.172180123069124,0.0004199339240205674,nan,nan,36.4943639830181,10.005657071741094,0.3524,macs0033m07,1498.6766895660714,73.0574571095046,296.0510625863067,39.419439044951226,5006.8363165209785,1.7445218903482935,40.630765443393564,417.2479930655287,69.66243022646911,36.983809164445134,17.132303962175627,4958.893941653414,1.1183275049989294,22.390872495276025,372.1400325283808,53.042291250290766,4.84148679384164,3.4769730452624383,3725.687156954,0.9419280000000001,21.534597245939114,731.6415003428517,87.07969089549051,9.536499268272985,5.708157225047207,3728.3859536687496,0.9419280000000001,21.51848450080361,0.0,0.0,nan,nan,6562.8,1.0,13.853480493619768,0.0,51.1690128590665,nan,nan,4861.33,1.0,18.702211490174054,577.6993728957822,76.11931399184468,13.769379732833261,6.422842143795572,4341.381463872577,2.987298426524965,85.18100902383908,24.53008662351016,72.09559536778977,0.3091818470657052,3.6317338859586887,4101.255064994051,0.4999617834394905,nan,0.0,0.0,nan,nan,3969.7619837245365,1.7995182339169398,53.1609940663792,275.2474725130174,37.80223585725548,3.8124800739209554,2.3678203225872445,3889.3263355798235,1.0286414708913962,24.67356945370059,0.0,0.0,nan,nan,3833.5407957894163,5.991966837931203,197.53213695847467,363.158778313909,53.64564807585448,8.802894260302047,4.555302731145988,4363.960107823421,1.3494769761479906,33.66357729662183,0.0,25.58930140557203,nan,nan,3868.75,1.0,23.500516131444996,0.0,0.0,nan,nan,6583.45,1.0,13.810026928666252,0.0,0.0,nan,nan,6548.05,1.0,13.88468655302385,0.0,0.0,nan,nan,6716.44,1.0,13.536579167464883,0.0,0.0,nan,nan,6730.82,1.0,13.507659064352907,0.0,0.0,nan,nan,4685.420795440419,3.8670572984662552,103.33240643906083,0.0,0.0,nan,nan,5875.62,1.0,15.473706908126772
8d28m38pt715s-7d51m40pt821s,8.477420833333332,-7.861339166666666,0.7636730122322595,41.22664170242419,0,0,0,8.13130004164773,0.00862457448659184,8.114791935455493,0.00276893793326854,8.117407919907725,0.5199942102752017,41.13668972329506,12.791536906589235,0.3524,macs0033m07,4129.896414553989,100.43245744425217,257.15323629674333,17.08084461330437,5006.870517179416,1.1215985925009178,22.28307812399058,2062.8490341711904,208.53527139785496,52.04850108111946,14.599892129776972,4958.6884001098915,1.6816066138319632,39.25369145026802,1864.765832520542,142.44506494012012,3.854397923155018,1.4833414189674625,3725.836154678938,1.7132038544336925,53.427155594468985,2201.0663771282657,150.84897246822374,4.5591736328416275,1.5708549044142823,3728.873549406788,1.7132038544336925,53.38718000859771,0.0,0.0,nan,nan,6562.8,1.0,13.853480493619768,1263.7750572094697,71.32744183049377,247.8068375119033,40.11753771766281,4861.156013007464,1.7600820506820491,42.29143411628869,270.82259122627306,2190.9175954170764,1.4819644771024303,42.47015447425582,4339.982319183712,0.4999617834394905,nan,3221.115554273136,161.04641693320985,20.630806612494514,4.11254405708248,4105.667607686695,6.216320027450762,191.71591948751248,0.0,0.0,nan,nan,3969.6523473229554,1.0779596154802615,26.287383805610062,0.0,0.0,nan,nan,3889.034195553843,5.110387638648147,165.7140266180223,163.1699354513811,116.43278528046352,0.47287629572877327,1.5865115824794518,3828.255382422502,0.4999617834394905,nan,352.8065242954135,88.67325995963705,1.807013849619596,1.590717089863102,4364.350516731038,1.0014791774536853,20.897716976002762,622.7164593547855,292536.30021430855,2.536687983118081,5459.03644683998,3868.780135497114,0.50005467581562,nan,0.0,0.0,nan,nan,6583.45,1.0,13.810026928666252,0.0,0.0,nan,nan,6548.05,1.0,13.88468655302385,0.0,0.0,nan,nan,6716.44,1.0,13.536579167464883,0.0,0.0,nan,nan,6730.82,1.0,13.507659064352907,184.47125766918379,344454.71571876353,38.08561693636394,217438.7891251813,4686.6846386008965,0.500147975707161,nan,0.0,0.0,nan,nan,5875.62,1.0,15.473706908126772
8d37m02pt79s2d24m57pt689s,8.617441666666666,2.416024722222222,0.5133134583394461,32.79382826391661,0,0,0,nan,nan,8.021302428493389,0.0031076903268883464,7.104372224276769,0.6858963970434612,55.00161327586024,13.712465380921362,0.388,macs0034p02a,1052.5139050743378,68.35888650935955,23.85661439265894,4.232223853891691,5006.7973657659295,1.472387938930396,32.93712583067687,797.846305029453,105.37678659874335,15.042744544164607,5.511990677949504,4959.200344149392,3.2688320595104683,81.97397029700586,1452.9104324573043,112.52555502740711,75.65800937072412,29.51831605834613,3725.9584959438557,1.5103119309747066,45.72666546021663,2181.8506807327344,143.41893364343912,113.82464867608545,37.62243528598357,3728.5816573871507,1.5103119309747066,45.69245158112511,0.0,0.0,nan,nan,6562.8,1.0,13.853480493619768,772.0768493168613,67.71496984280317,55.04018807671112,13.84609841636232,4861.227069910277,1.86245675433861,45.1985550134948,554.1402425570916,49.68348766001579,20.595040434653942,6.539188898192803,4340.650065873804,1.1837309231796804,27.998745940486113,1208.9967542724557,161.79702622727052,47.882739742141595,25.582377323433242,4103.262567899212,5.782816019646743,178.1681018121991,0.0,43.78851553957457,nan,nan,3970.08,1.0,22.900702702093618,0.0,0.0,nan,nan,3887.00813560156,0.4999617834394905,nan,319.55241864375455,76.50555491981807,4.9565942670356815,5.556735775963062,3834.5472081766993,1.5380735368208551,45.46011759483427,0.0,0.0,nan,nan,4364.637403071355,6.240289924396575,180.93055505844484,887.7998385515156,105.33037289950288,138.01449071845803,75.03081634734157,3868.355191352696,2.145310417142384,66.73254775728772,0.0,0.0,nan,nan,6583.45,1.0,13.810026928666252,0.0,0.0,nan,nan,6548.05,1.0,13.88468655302385,0.0,0.0,nan,nan,6716.44,1.0,13.536579167464883,0.0,0.0,nan,nan,6730.82,1.0,13.507659064352907,199.70672247343313,55.18354891705076,4.130373770908376,3.4919571218611036,4684.9461946760375,1.6832976061733878,41.59316628219916,0.0,0.0,nan,nan,5874.349949012925,9.99923566878981,216.12712798001303
8d37m21pt135s2d25m43pt101s,8.622537499999998,2.4286391666666667,0.6511125384160417,48.344193776340745,0,0,0,8.749023125734249,0.01657913495572868,7.779119360292483,0.003606665738074611,7.010647748139686,0.48891715079089104,56.36016933316742,12.744909850179544,0.388,macs0034p02a,3459.9005955264174,74.57296482803623,107.73253903147612,6.342375752974913,5006.835830208242,1.7024647369037338,39.46047684213926,1015.4861606438499,144.55308206324278,24.096466312409667,9.516997626389532,4958.939195989717,1.6096145188508761,37.211330189718744,763.4262226276574,111.45431199420926,16.177378724186422,11.886773653952877,3727.2717698489737,1.5179356660206271,46.020430501471566,1345.2861317966988,174.28401343437415,28.543575614501506,18.58765786741857,3729.095868120582,1.5179356660206271,45.985996819744074,0.0,0.0,nan,nan,6562.8,1.0,13.853480493619768,939.1570290122978,53.6720239709168,74.98525571972397,12.291338190266242,4861.291824384559,1.4024712988489578,31.826377234313554,519.620409622055,44.9322757038828,53.50545454173697,16.38715352719381,4340.33393129871,1.4473104509167585,37.155676023296095,585.5886978441034,98.37674530448643,11.027913875767531,7.400216535907673,4102.267589137909,4.66060483625515,143.0156497044787,0.0,0.0,nan,nan,3971.637209673097,6.863103748217661,218.93413970928307,0.0,0.0,nan,nan,3888.621346948655,4.726860920477198,153.02979497245047,0.0,0.0,nan,nan,3833.918050014639,3.358481295863129,109.03122560372137,141.91940597001386,50.25978165708466,8.380471429578497,10.39952395939071,4363.400684025894,1.0533374975096763,22.965953852466004,1101.8077320185243,88.56582839337428,418.49042160124424,153.93783931013107,3870.4535613418566,3.696661219568323,119.44628246673922,0.0,0.0,nan,nan,6583.45,1.0,13.810026928666252,0.0,0.0,nan,nan,6548.05,1.0,13.88468655302385,0.0,0.0,nan,nan,6716.44,1.0,13.536579167464883,0.0,0.0,nan,nan,6730.82,1.0,13.507659064352907,0.0,0.0,nan,nan,4685.606194280837,3.580824618267214,95.41408296143914,0.0,0.0,nan,nan,5875.62,1.0,15.473706908126772
8d44m20pt61s2d33m16pt81s,8.739058333333332,2.5546694444444444,0.5311919378471475,10.87701421513342,0,0,0,nan,nan,8.101147119554172,0.00018584827735196148,7.8192664010486945,0.31200073189765654,45.091142531430606,8.891117271728016,0.39,macs0034p02b,7345.812742473064,171.57658074918186,104.32905792880536,6.655931516830697,5006.849234375399,2.628966350655278,64.43417826153676,2675.5581790460956,307.86605414898867,20.872544586235637,6.66365644162928,4958.963249865964,2.3569905848840507,57.78083632520234,5213.1764179353295,286.87065901679017,53.97256293614384,14.961347847425028,3725.9926939355805,2.5518101320516875,83.84505415520896,8077.309178531329,421.99716054044586,83.7891399886173,22.008686183210333,3728.798126464823,2.5518101320516875,83.78231910736727,0.0,0.0,nan,nan,6562.8,1.0,13.853480493619768,2981.3355016091164,88.66296981751967,54.360269518177894,4.636889880086655,4861.2903297766325,3.3242461153057237,85.10448030374198,1365.389748786538,90.53361556578261,17.8373604474503,4.18875528656568,4340.491385089764,2.060407082129121,56.839235662871594,113.7653366469244,604.118279861817,1.311743041514932,27.81415150034527,4102.887377826261,0.4999617834394905,nan,0.0,40.68427505907996,nan,nan,3970.08,1.0,22.900702702093618,0.0,53.04468231052876,nan,nan,3889.06,1.0,23.37778840736009,653.5909226932488,101.20686709897953,4.5090346382075825,3.2689110505086636,3834.7957182228624,1.902730004350716,58.728775657638906,0.0,0.0,nan,nan,4362.272859672528,2.2209503603385774,61.50019194716936,112.07167984486465,154.58507932873556,0.7488245519094061,4.724210775476286,3871.2617608801315,0.4999617834394905,nan,0.0,0.0,nan,nan,6583.45,1.0,13.810026928666252,0.0,0.0,nan,nan,6548.05,1.0,13.88468655302385,0.0,0.0,nan,nan,6716.44,1.0,13.536579167464883,0.0,0.0,nan,nan,6730.82,1.0,13.507659064352907,0.0,0.0,nan,nan,4685.600702976195,5.373515710446951,144.75457082843252,111.79548062213712,5416.999500222422,8.92589460421825,940.3663029782865,5875.304352569648,0.4999617834394905,nan
8d44m45pt72s2d34m00pt454s,8.746033333333331,2.5667927777777777,0.6055900106350369,45.707197325033256,0,0,0,8.99802707535727,0.0029450385279128645,7.724707776287208,0.005552037906448103,6.433563670365442,0.7543653143437454,53.24283149817056,15.708529519696883,0.39,macs0034p02b,2693.656712929162,94.65042474496823,652.477520042,62.62276670502544,5006.842292140926,1.8316789790464043,43.03930086547314,932.1855716603479,149.21401866438342,34.24108521668683,15.206057879691866,4959.157339667232,1.9911828213150844,47.85664215408988,721.1507174611838,121.17845170320324,9.860367508984346,8.34231796557673,3726.7169155165216,1.6173688012031333,49.81798901755348,1522.4441898645177,217.27871613468903,20.84761656042299,14.95817211452247,3728.8551004104506,1.6173688012031333,49.780713903882415,0.0,0.0,nan,nan,6562.8,1.0,13.853480493619768,912.315085797824,95.88294605859487,390.30006315209647,117.64725146339656,4861.469200759824,1.8335833863460609,44.38152420231302,2180.032552781483,176.00741026920744,93.36963863929716,26.662552172691782,4343.307078010663,9.99923566878981,292.5682705754515,578.7512955907221,5563.7993717897025,26.912100409109456,1033.329542001926,4102.435069165669,0.628402007331046,nan,117.19706146019136,181.56678983773654,10.711615285501821,71.45676658953413,3969.8867357515524,0.4999617834394905,nan,0.0,0.0,nan,nan,3888.643606848446,2.5813089205439397,81.33396648699734,568.5596731841267,86.39487029645385,19.531928794336235,13.890782677740424,3835.314101269302,1.4950638914160432,43.850738605246015,80.64244142702589,0.0,4.312819471500951,0.0,4362.938714181297,0.4999617834394905,nan,1017.4236616836452,119.42699558428379,49.42684393909275,26.595902978353035,3867.7201493508173,3.349151504684167,107.77740534197989,0.0,0.0,nan,nan,6583.45,1.0,13.810026928666252,0.0,0.0,nan,nan,6548.05,1.0,13.88468655302385,0.0,0.0,nan,nan,6716.44,1.0,13.536579167464883,0.0,0.0,nan,nan,6730.82,1.0,13.507659064352907,0.0,0.0,nan,nan,4685.416668391675,4.250095436588824,113.89827669882905,0.0,0.0,nan,nan,5875.62,1.0,15.473706908126772
8d51m41pt55s-20d15m44pt023s,8.861541666666666,-20.262228611111112,0.3255779241047341,9.262275527975818,0,1,0,nan,nan,8.597850408604408,0.027467361631730417,4.423414952712893,0.5168574370537546,74.26311562408091,16.479395701186917,0.3524,macs0035m20,2767.7627366262554,77.17900844883684,58.71039369306832,4.471687641966935,5006.844056461464,1.886225220210106,44.53649277950057,1116.3830460854701,142.02234695053414,18.847851497370904,6.653205042959154,4958.714392930712,1.844842835566127,43.820786809477525,502.43465556919114,269.3078180869515,4.842427491999627,13.073204464759538,3726.205007338707,1.4577711172953192,43.690633652914485,558.4606284169372,265.9175836921326,5.390186064345287,12.908629861089407,3728.2753796012485,1.4577711172953192,43.65794318571798,2359.4915536750673,111.60445139356757,187.11603983140213,16.952556666918667,6562.84218919101,2.449932128562811,45.544402612360564,1117.9238483301338,91.68941831769018,2329.6343868163112,548.092786734182,4860.989716749277,2.343163681337649,58.56133188000548,1469.4009723467384,116.56467909247124,31.822500095422495,8.941850944472888,4340.170834780742,3.1823231667570293,91.0546695465903,0.0,0.0,nan,nan,4101.757929723735,3.000586779401384,90.56294067886219,51.29298218479937,208.41076900836,0.6869356526788177,12.026305071587647,3968.777854376417,0.4999617834394905,nan,0.0,0.0,nan,nan,3889.3865015057104,2.2759974061917676,70.89446978983871,1897.507989565369,234.29519088330542,20.170248544433765,11.649387042321074,3836.2299731331464,4.956183638051113,162.86368029615676,0.0,0.0,nan,nan,4365.614841946997,4.828151193883298,139.38775285324195,1510.353509000815,107.84677655290419,16.355826813763603,5.346040620376626,3869.9742919084765,1.1773556529278963,31.15204954281321,0.0,0.0,nan,nan,6585.433900040994,0.4999617834394905,nan,102.77968012089138,246.38401194459928,3.313423485289154,15.240867510557496,6551.7986965008795,0.4999617834394905,nan,313.08422225525004,767.0167376670787,7.482002196840385,34.283327623274225,6716.7431233990055,0.4999617834394905,nan,78.3529689206812,1560.3562788397342,1.6811757900314312,62.49274838894129,6730.1764406377615,0.4999617834394905,nan,733.1353843668343,320.87269347246803,36.684606719446805,48.95495006823571,4693.946786306547,9.99923566878981,271.0131455203778,317.5782270202039,96.35224054994691,12.737530510741925,8.402870196392284,5875.081892869528,2.4764163896540996,51.469550837437126
10d32m44pt1s-28d32m04pt231s,10.545583333333331,-28.534508611111114,0.5465821551421428,30.626610038321612,0,0,0,8.069132064423753,0.10696301613870934,8.424114399143665,0.003938741078639657,9.996360458213305,0.4392598562271232,41.287418526347125,10.992154843588363,0.1087,a2811,8977.182273029714,133.2639056606148,805.8220893486899,32.67374159001167,5006.836376870114,1.7585266343439485,41.01924094494507,2622.8667895599847,360.0466272630767,39.41196582125848,15.010362804040545,4959.0272945661745,1.5837512602945898,36.47255397858144,765.2644979281025,98.65559588064872,15.385818452942555,9.978374733936816,3727.9217185766356,2.413776175464013,78.92914127829245,808.333741746174,102.67380780713512,16.285102113689472,10.384790852606471,3730.8643231395854,2.413776175464013,78.87008444418235,0.0,0.0,nan,nan,6562.8,1.0,13.853480493619768,1317.8443651899445,40.93309542603705,45.82415541826559,4.082333898414201,4861.357423740098,1.7356996333487698,41.59457128594642,612.8670493631381,38.75181238321102,11.041777194830805,2.472662152509166,4340.496875125878,1.3234381456395394,32.94343438837803,490.03800727015573,41387.45284626111,12.352974973478265,4169.114054305682,4101.496823385923,0.6020274029077755,nan,558.8033504097723,96.48205867683457,12.013906082382286,8.92365427126915,3971.4343264214936,6.502229302977863,207.29777316622616,543.7936649267155,54.50688013947467,9.22754104669859,4.181442372862885,3889.783729098543,1.417979658146074,40.36782010335472,500.56482169893604,45942.79394188088,7.6751437047365565,3294.410878574083,3836.507009556128,0.5945963106410809,nan,339.7139230835518,168216.4368800967,7.246220762934972,12573.720198312316,4363.246656340287,0.5006908218788451,nan,1063.2808342904318,62.05108994573286,16.604797788126906,4.438277490021535,3869.0713406924715,2.208516366108344,68.9291751723698,0.0,0.0,nan,nan,6583.45,1.0,13.810026928666252,0.0,0.0,nan,nan,6548.05,1.0,13.88468655302385,0.0,0.0,nan,nan,6716.44,1.0,13.536579167464883,0.0,0.0,nan,nan,6730.82,1.0,13.507659064352907,116.5745737907591,41.42593061802401,2.5347828488544426,2.7547893551333122,4686.045431367174,1.3426960952406042,31.131142758346712,200.17774414684007,41.32774529918747,6.672712263584219,2.994586880376551,5876.409833600329,1.0523634601017964,17.026163746497343
10d51m29pt295s-20d36m50pt04s,10.8581375,-20.6139,0.6517582892132683,31.68321534250361,0,0,0,7.767835973414151,0.0,8.06766441794567,0.00025701923880499546,10.028692510310814,0.9887054734273094,51.27763664887791,10.49497130077975,0.2934,a2813,1881.7987364768317,90.08102745389866,67.1990027859836,8.78641315910417,5006.826210739355,1.8346882515774,43.12209189903825,627.5746915605262,106.32194639315156,14.13296417265228,6.642809757368256,4959.162959903941,2.354223979054067,57.706448903795575,2665.6128922779817,234.89929961230803,31.788215706311213,14.109481132579772,3726.169748472629,2.7607869824737485,91.24742490415998,2307.45189924837,277.45120711449886,27.564222780589873,16.665407595742302,3728.624233740714,2.7607869824737485,91.17915121020785,0.0,0.0,nan,nan,6562.8,1.0,13.853480493619768,746.1030649679188,62.47776645239624,67.88410547567298,16.30449463958828,4861.298161044131,1.223192780778337,26.269400224318247,268.782877925289,81.82282737489489,6.296226845224061,6.7884252659151905,4340.419628213792,2.3997251492207,67.32527937209123,0.0,0.0,nan,nan,4102.321221240738,3.2187856072907928,97.51406555714573,132.50701827763555,960.7587797636955,3.5379997816771396,110.50563593527384,3969.177411026543,0.4999617834394905,nan,0.0,0.0,nan,nan,3888.38352771088,5.135367068159434,166.53948192691246,0.0,0.0,nan,nan,3835.360396498903,1.703049717335693,51.5341269526345,572.8976214872619,81.68321974578022,13.885910121630246,6.943851043150191,4361.391173682237,2.401156926645064,67.01791672017656,412.5890338237766,1652155.6174720128,27.692958374962995,508173.6672377175,3868.2348611269667,0.4999617834394905,nan,0.0,0.0,nan,nan,6583.45,1.0,13.810026928666252,0.0,0.0,nan,nan,6548.05,1.0,13.88468655302385,0.0,0.0,nan,nan,6716.44,1.0,13.536579167464883,0.0,0.0,nan,nan,6730.82,1.0,13.507659064352907,0.0,0.0,nan,nan,4686.368094416206,4.863059931460218,130.7535695429455,0.0,0.0,nan,nan,5875.62,1.0,15.473706908126772
22d57m55pt32s-13d37m11pt705s,22.96536666666666,-13.619918055555557,0.7342398770668448,16.982169009893163,0,0,0,7.546668186134425,0.031181185349385774,7.311330184503065,0.001323904462369226,4.050876971591784,0.23859657855812588,60.682903460992634,16.73747587496719,0.206,a209,4260.15366941971,106.17368963506233,84.40378206313521,5.745667659378033,5006.838215396235,1.7244406924322444,40.07268648003309,1086.368206954278,156.5217942211412,11.754602914466737,4.698761259579601,4959.047676398147,1.0920615869036532,21.51941023098791,2106.708917170776,147.02418518667298,31.249042366817452,10.985443021060282,3726.0498901328174,2.0157938149605004,64.58905781766494,3979.00398006312,234.31096928034427,59.139338976374646,17.507390358739087,3728.919852890494,2.0157938149605004,64.54073060656027,0.0,0.0,nan,nan,6562.8,1.0,13.853480493619768,2822.1629177534887,144.18023922193808,59.310441747358176,8.691110825056562,4861.246055123719,3.0355970037618776,77.35472378196461,720.5038489310152,58.331521530193754,10.368201093993337,2.9727227696011798,4340.5756998408915,1.2794020779658273,31.411180306895474,343.87766026271834,69.47873313694728,3.566676890944757,2.878360456890762,4102.343057481584,1.8955586228768804,54.6760042919469,607.6656035097083,1861640152.5483987,6.759886402221237,89118656.60649757,3970.939221100043,0.4999617834394905,nan,471.6473673355128,62.37002957488385,4.754621740089168,2.8436897195147632,3889.102647781975,0.7992643471032602,12.628567427791248,0.0,0.0,nan,nan,3833.9492904092576,6.529621638609729,215.49156928112305,1104.970233273069,244.89540690102237,14.87540785450659,11.546170380430024,4364.531683757636,9.99923566878981,291.0428046557292,1192.278729077959,114.90330525698536,13.339556529177097,5.882965207435543,3870.4511163524444,4.053136923236904,131.37360548961237,0.0,0.0,nan,nan,6583.45,1.0,13.810026928666252,0.0,0.0,nan,nan,6548.05,1.0,13.88468655302385,0.0,0.0,nan,nan,6716.44,1.0,13.536579167464883,0.0,0.0,nan,nan,6730.82,1.0,13.507659064352907,0.0,0.0,nan,nan,4685.837034865592,4.6496588943786445,124.89158973428904,0.0,0.0,nan,nan,5875.62,1.0,15.473706908126772
24d30m30pt195s-21d55m03pt284s,24.508387499999998,-21.91757888888889,0.6015856760880158,31.05063770398896,0,0,0,nan,nan,8.101429965623714,0.0017333513429824553,7.901289595143884,0.6201427517101403,32.377728206407845,4.845930189504248,0.35,macs0138m21,3133.5393156637842,82.57197956532369,133.32270056796,9.595948021471134,5006.843298797331,1.8280304794814568,42.93889221617234,896.7260996258627,143.28052428706317,13.529468321856742,5.9977432366551025,4959.032793294529,1.725645009738572,40.49383506690354,2081.8192607185288,117.90935630758052,33.58334343392084,9.581857166598203,3725.971120607302,1.9449984616055225,62.00314957348046,2384.2916322211313,124.34203088825709,38.537311076902654,10.104605920059821,3728.7458641140333,1.9449984616055225,61.956757206106865,0.0,0.0,nan,nan,6562.8,1.0,13.853480493619768,1075.3151376012293,78.83239092813895,23.55838632338871,4.953880194572507,4861.176430452564,2.2159741639766026,55.061192321917034,0.0,42.85484827231354,nan,nan,4340.46,1.0,20.94654063936261,0.0,0.0,nan,nan,4102.469716292814,1.2020112876536277,30.329077153232713,351.06750426601167,62.115728704167005,8.246710915585087,6.2873409500351904,3968.694946827693,1.979553695068325,59.37781475227379,0.0,40.818419091519324,nan,nan,3889.06,1.0,23.37778840736009,0.0,0.0,nan,nan,3834.6252332519557,2.152289949534115,67.55784951220323,233.3968292726714,491534.5151308393,3.971526233235864,29330.012094936294,4361.761428674981,0.5225772329319526,nan,741.9431300450659,59.63814136398672,12.11632833474624,4.460175205936996,3869.260543732075,1.5413281747581806,45.18848218805234,0.0,0.0,nan,nan,6583.45,1.0,13.810026928666252,0.0,0.0,nan,nan,6548.05,1.0,13.88468655302385,0.0,0.0,nan,nan,6716.44,1.0,13.536579167464883,0.0,0.0,nan,nan,6730.82,1.0,13.507659064352907,151.73859999459464,66.41772608196953,5.229502760757479,7.001667732556374,4685.602005251037,2.116077410694345,54.25704597583757,0.0,0.0,nan,nan,5875.62,1.0,15.473706908126772
24d30m27pt42s-21d55m04pt409s,24.507616666666664,-21.91789138888889,0.8295912867728552,31.977685498244316,0,0,0,nan,nan,8.159461026321402,0.00017788514137109083,10.103536508792867,0.8915780099513045,46.42946462164295,17.162433764253816,0.35,macs0138m21,3852.0609757312063,82.56049487908514,106.3425457607845,6.225443394298994,5006.858513438046,2.027709123735346,48.38934725075383,1159.796456245635,156.60838475895062,14.486212035144003,5.427302282271324,4958.92053473582,1.935653364720435,46.33073892578105,1164.7031448645794,98.39940339464482,12.564644004367054,5.346388158651489,3726.25930374282,1.593734835802348,48.92069067515311,2175.1965552397965,151.86634120401894,23.507500300317687,8.251436292296479,3728.8096371362794,1.593734835802348,48.884086943413934,0.0,0.0,nan,nan,6562.8,1.0,13.853480493619768,826.6172072336138,68.50570700993927,24.133323701510438,5.736237126181066,4861.46262879502,2.229101358488156,55.42340619007307,105.06732133353344,0.0,1.3105820015916487,0.0,4340.566255406888,0.4999617834394905,nan,23.28744739527118,110.7206993435397,0.2418591063905718,4.59370129856398,4102.089343399626,0.4999617834394905,nan,147.43813035066034,49.4279956204376,1.8908905045569897,2.728853448289906,3970.3458951175676,0.7433738438821901,8.023559770138204,0.0,25.133191996014986,nan,nan,3889.06,1.0,23.37778840736009,371.1701321434894,43.852575783010614,4.987018048092367,2.74953060987268,3839.849494694895,1.4082052445806321,40.559101818896025,95.99559376301659,4761062461.869754,1.590155462623923,276856458.641342,4359.442380016524,0.4999617834394905,nan,612.6721055704026,123.24177233220013,7.711173632497257,7.127365858977906,3863.9917563079935,9.99923566878981,328.2406140748108,0.0,0.0,nan,nan,6583.45,1.0,13.810026928666252,0.0,0.0,nan,nan,6548.05,1.0,13.88468655302385,0.0,0.0,nan,nan,6716.44,1.0,13.536579167464883,0.0,0.0,nan,nan,6730.82,1.0,13.507659064352907,0.0,0.0,nan,nan,4685.56296580193,3.873662887703645,103.51489001793868,0.0,0.0,nan,nan,5875.62,1.0,15.473706908126772
24d30m31pt845s-21d55m29pt888s,24.50884583333333,-21.92496888888889,0.8614118537062954,17.361899535732682,0,0,0,10.941476394956423,0.06495396080308692,7.7996278317641625,0.0030929382031649627,6.542196472711103,0.32373925917128216,48.17967498672089,13.239883768096984,0.35,macs0138m21,2440.4699787086874,100.50971605937966,340.20778796587274,38.271469570180564,5006.771503935171,1.9605457932217953,46.56546547843349,1072.7015755462971,109.13439415287843,42.03912099119649,11.86753777305522,4958.7236441785135,1.7969318736633664,42.488355995515505,1255.8461781415053,77.31303878824963,61.98127926757136,19.222225761877027,3725.950269382094,1.691104699295842,52.59878299656111,2548.633366183946,128.42303134627363,126.02776268952816,31.929627139916104,3728.704001450969,1.691104699295842,52.55942722058898,0.0,0.0,nan,nan,6562.8,1.0,13.853480493619768,1118.5312347472168,44.992851414023576,42.895426451912904,4.949261541566872,4861.15668635936,0.9551984705278763,17.02048564175658,817.2068409769491,69.81582096147777,38.67941432831682,11.705837255990735,4340.002715022931,3.3666923721852022,96.59048361468606,644.3399062650567,49.86393586070651,27.969796119724787,8.6481993929739,4101.786533651804,1.4057424010256874,37.83743049050836,702.7090230526022,53.65538793453022,25.682902663536396,8.435063056619583,3971.685526336086,2.078700023047913,62.76527622633995,0.0,0.0,nan,nan,3889.352483996515,4.51202048519103,145.91468615239876,114.85665376106462,32.54645119470885,6.550695597472594,8.687881711345412,3835.2809823438906,0.7630527692324272,10.08171445804646,0.0,28.618000909237782,nan,nan,4363.21,1.0,20.83732430562082,834.5594345566941,60.866797677969366,146.21362925735133,48.843670572841454,3869.0065349975157,2.280850216014653,71.43445750505053,0.0,0.0,nan,nan,6583.45,1.0,13.810026928666252,0.0,0.0,nan,nan,6548.05,1.0,13.88468655302385,0.0,0.0,nan,nan,6716.44,1.0,13.536579167464883,0.0,0.0,nan,nan,6730.82,1.0,13.507659064352907,1038.585598425713,304.7789596588048,38.11684400876276,34.24041704160284,4683.647566179558,9.99923566878981,271.0131455203778,0.0,0.0,nan,nan,5875.62,1.0,15.473706908126772
25d00m32pt685s-5d55m30pt293s,25.009079166666663,-5.92508138888889,0.8268190722179016,63.397374860085684,0,0,0,7.851716045420651,0.004656614171279394,8.13746460051265,9.870700713627463e-05,8.818977622116135,0.5032752382661441,48.51490882708342,14.571917537921111,0.451,macs0140m05,5747.339788354628,96.49390401483203,309.74391606843716,14.204296551622523,5006.859649316819,2.078340930637637,49.75885299069254,1693.9121400807865,221.3206854833866,25.687871947997007,9.312475943315988,4958.85124941701,1.9273614389068865,46.10233271961057,2565.665178116017,79.67329070849617,96.3007200323917,15.067306609606383,3725.7312155309924,1.8336216285119473,57.90573415375476,3843.495856471034,102.0685147235023,144.56199927789484,19.302549108369323,3728.693850558049,1.8336216285119473,57.86240757905043,0.0,0.0,nan,nan,6562.8,1.0,13.853480493619768,1570.5236543846706,84.06926946765782,48.16649596207247,7.394838890718972,4861.441346906567,2.077032679967769,51.21185351797032,478.62206540896494,46.42455882462851,14.882974690161781,5.111860099228433,4340.820439774107,1.0155695542227237,21.581366194748902,316.300590937271,52.39792414987574,7.656440022560195,5.065340299981447,4102.621934966837,1.8820972566949805,54.22615518772786,244.66138085766852,81.25830581826834,4.621157478665542,6.609796928559336,3969.6289065481706,2.384587136256294,73.09858702968698,281.38517011260035,49.14684374607968,10.277096522035803,8.12000312577627,3888.7944393016587,1.4540432692142935,41.71994053671,0.0,0.0,nan,nan,3836.5268691900333,9.99923566878981,331.09476865566154,843.714107497269,68.59608555746988,54.72673564203226,15.61037636451144,4360.697441062884,2.331981765102517,64.90494801494778,942.7044384669662,43.278294349926924,43.86795529409769,9.225821006236357,3868.767320429866,1.4941547234029051,43.43886795651349,0.0,0.0,nan,nan,6583.45,1.0,13.810026928666252,0.0,0.0,nan,nan,6548.05,1.0,13.88468655302385,0.0,0.0,nan,nan,6716.44,1.0,13.536579167464883,0.0,0.0,nan,nan,6730.82,1.0,13.507659064352907,0.0,0.0,nan,nan,4685.229572754378,1.6916017379273822,41.84113171642227,0.0,0.0,nan,nan,5875.62,1.0,15.473706908126772
25d01m58pt62s-34d10m37pt121s,25.032949999999992,-34.17697805555555,0.645624935764133,24.47971972532535,0,0,0,nan,nan,8.112949725771463,0.00013434149418251173,11.032781148543846,1.0941929107103567,44.62193969114119,12.220120402785318,0.395,macs0140m34,2118.6190656620533,56.59076446585836,125.71295195075068,9.171915480614924,5006.835469149882,1.7931486090469848,41.97715027888538,671.2999661460501,80.0734682798997,14.7305942526232,4.875082522206579,4958.963975129091,1.3444907719761527,29.469833464464738,1289.0981903105755,66.44085792700146,26.073105839105416,6.769180550164653,3726.0581889224845,1.8592811658967787,58.85319194136279,1925.212651345136,85.00569544214208,39.01992332709485,8.660618152649095,3729.0306240989835,1.8592811658967787,58.8091564541265,0.0,0.0,nan,nan,6562.8,1.0,13.853480493619768,544.2172551620205,52.3309774633625,166.19870544608705,45.83877816051239,4861.256687562291,1.7440182039190137,41.83252984637747,133.67551471948545,32.146716832892984,4.339068135481574,3.695557871498997,4340.5031447416995,1.377759446426397,34.80668340881354,0.0,0.0,nan,nan,4105.540284708441,5.5994387695526235,172.43285004442367,91.37189537368813,66.87743446241728,2.5528193745742302,8.041887906501067,3970.6559183529375,0.4999617834394905,nan,85.24372159401479,50.04268945021645,5.982721266359962,15.87763918355174,3889.835464954071,0.4999617834394905,nan,322.0706386540024,716192.1864680012,10.674314662756657,111181.69162161638,3834.0879198007324,0.5058210907181465,nan,34.665688134204466,7.181356257073433e+18,0.8816592795927838,6.398521992405848e+17,4363.8683646253785,0.4999617834394905,nan,0.0,0.0,nan,nan,3871.5151673853497,5.2532192947389955,171.32768104115968,0.0,0.0,nan,nan,6583.45,1.0,13.810026928666252,0.0,0.0,nan,nan,6548.05,1.0,13.88468655302385,0.0,0.0,nan,nan,6716.44,1.0,13.536579167464883,0.0,0.0,nan,nan,6730.82,1.0,13.507659064352907,290.9848213123322,49.27835991564333,10.288349368629902,5.328590917263572,4686.036031818834,2.4925687056502857,64.99775915453212,0.0,0.0,nan,nan,5875.62,1.0,15.473706908126772
25d01m37pt92s-34d10m19pt922s,25.027199999999993,-34.172200555555555,0.8160672954646586,19.047783556735112,0,0,0,8.530153722234019,0.007436987141995722,8.122184455738822,0.00013467247944199152,26.29720240326307,5.860534328871546,41.72989610101926,12.326593298835611,0.395,macs0140m34,2158.7032921652217,53.491906478270366,125.91967656351306,8.522678046402097,5006.835287879215,2.0492657585086187,48.972962542363724,706.6006197197678,85.1737418027881,22.847716071799976,7.640717180697844,4959.172976213153,1.4517320977856711,32.651444480982505,1094.4596242020953,62.602949976496376,25.47859192819061,7.33980185697877,3726.32266647862,1.6186225717577223,49.865504531851855,1861.529103978779,89.32235594932503,43.41314948629643,10.472484033303795,3728.882297505328,1.6186225717577223,49.828193865838514,0.0,0.0,nan,nan,6562.8,1.0,13.853480493619768,221.36547267642175,49.00931135216838,91.26637110332594,57.93603287213839,4862.24404370122,0.9254813081830369,15.854557981399982,298.1013461156556,34.19002265243607,10.147799397250191,4.124434821795993,4339.2354521189145,0.9040403683055587,16.780037108710065,209.95376698694324,28.18684530475381,5.561348545344669,2.9837143279339315,4101.407720052039,1.3891998938722496,37.244187833338586,0.0,0.0,nan,nan,3970.257287829715,5.862969550062831,186.6653449485741,0.0,0.0,nan,nan,3888.2412281634233,6.518500821415973,212.15212713438922,178.7718623694316,85235.03702528254,2.431521954030138,5424.755510937051,3835.6222547763027,0.500995013478737,nan,172.10608129399031,35.26036473643582,8.553281754351016,6.141551345279697,4362.960160672923,0.9313780443584847,17.926489147419424,412.28003164195184,26.592003096996166,5.88315235929059,1.738336260100959,3868.7604352300305,1.048689911520313,25.696170542550206,0.0,0.0,nan,nan,6583.45,1.0,13.810026928666252,0.0,0.0,nan,nan,6548.05,1.0,13.88468655302385,0.0,0.0,nan,nan,6716.44,1.0,13.536579167464883,0.0,0.0,nan,nan,6730.82,1.0,13.507659064352907,0.0,0.0,nan,nan,4685.218337652417,2.207927134342396,56.894762787712544,0.0,0.0,nan,nan,5875.62,1.0,15.473706908126772
