object_id,ra,dec,z,zcluster,name,oiii5007_flux,oiii5007_flux_err,oiii5007_ew,oiii5007_ew_err,oiii5007_centroid,oiii5007_fwhm,oiii5007_vel_disp,oiii4959_flux,oiii4959_flux_err,oiii4959_ew,oiii4959_ew_err,oiii4959_centroid,oiii4959_fwhm,oiii4959_vel_disp,oii3726_flux,oii3726_flux_err,oii3726_ew,oii3726_ew_err,oii3726_centroid,oii3726_fwhm,oii3726_vel_disp,oii3729_flux,oii3729_flux_err,oii3729_ew,oii3729_ew_err,oii3729_centroid,oii3729_fwhm,oii3729_vel_disp,halpha_flux,halpha_flux_err,halpha_ew,halpha_ew_err,halpha_centroid,halpha_fwhm,halpha_vel_disp,hbeta_flux,hbeta_flux_err,hbeta_ew,hbeta_ew_err,hbeta_centroid,hbeta_fwhm,hbeta_vel_disp,hgamma_flux,hgamma_flux_err,hgamma_ew,hgamma_ew_err,hgamma_centroid,hgamma_fwhm,hgamma_vel_disp,hdelta_flux,hdelta_flux_err,hdelta_ew,hdelta_ew_err,hdelta_centroid,hdelta_fwhm,hdelta_vel_disp,hepsilon_flux,hepsilon_flux_err,hepsilon_ew,hepsilon_ew_err,hepsilon_centroid,hepsilon_fwhm,hepsilon_vel_disp,hzeta_flux,hzeta_flux_err,hzeta_ew,hzeta_ew_err,hzeta_centroid,hzeta_fwhm,hzeta_vel_disp,heta_flux,heta_flux_err,heta_ew,heta_ew_err,heta_centroid,heta_fwhm,heta_vel_disp,oiii4363_flux,oiii4363_flux_err,oiii4363_ew,oiii4363_ew_err,oiii4363_centroid,oiii4363_fwhm,oiii4363_vel_disp,neiii_flux,neiii_flux_err,neiii_ew,neiii_ew_err,neiii_centroid,neiii_fwhm,neiii_vel_disp,nii6583_flux,nii6583_flux_err,nii6583_ew,nii6583_ew_err,nii6583_centroid,nii6583_fwhm,nii6583_vel_disp,nii6548_flux,nii6548_flux_err,nii6548_ew,nii6548_ew_err,nii6548_centroid,nii6548_fwhm,nii6548_vel_disp,sii6716_flux,sii6716_flux_err,sii6716_ew,sii6716_ew_err,sii6716_centroid,sii6716_fwhm,sii6716_vel_disp,sii6731_flux,sii6731_flux_err,sii6731_ew,sii6731_ew_err,sii6731_centroid,sii6731_fwhm,sii6731_vel_disp,nev3426_flux,nev3426_flux_err,nev3426_ew,nev3426_ew_err,nev3426_centroid,nev3426_fwhm,nev3426_vel_disp,fevii3760_flux,fevii3760_flux_err,fevii3760_ew,fevii3760_ew_err,fevii3760_centroid,fevii3760_fwhm,fevii3760_vel_disp,heii4686_flux,heii4686_flux_err,heii4686_ew,heii4686_ew_err,heii4686_centroid,heii4686_fwhm,heii4686_vel_disp,hei5876_flux,hei5876_flux_err,hei5876_ew,hei5876_ew_err,hei5876_centroid,hei5876_fwhm,hei5876_vel_disp,flux_HST_F435W,flux_HST_F606W,flux_HST_F814W,flux_Spitzer_I1_3.6,flux_Spitzer_I2_4.5
8d51m41pt55s-20d15m44pt023s,8.861541666666666,-20.262228611111112,0.3255930938784817,0.3524,macs0035m20,4985.181173438838,104.83196842095127,2374.6920087104045,136.39738149927635,5006.845354786945,2.1313063705392103,51.186920328837644,1640.3842276472622,134.39358606888496,48.33791099681986,10.98844473963463,4958.785349115855,1.9340050310478503,46.28534634826118,3810.5252139098466,318.30755171493723,156.73003947149937,65.89751047123983,3727.1773523423994,3.2270386042864994,107.63540645517301,2954.7035948081398,262.9039557518726,121.90858091059096,54.427600236781934,3731.646951515719,3.2270386042864994,107.55487084765912,3672.7108026157775,139.54412653026415,176.39605509910618,12.837545735963964,6562.738084111787,2.474170740187336,46.03484208728188,1808.99167894062,117.85625929906449,217.60599605217556,40.66711785904478,4861.008643274652,2.0497872676914017,50.453359285807714,1679.710812177911,144.9881873795447,55.59913357028162,16.999903365049484,4340.102881050066,2.2352840300428523,62.265381404692356,0.0,0.0,nan,nan,4102.295941243126,2.4724341813099437,73.59990917649725,247.04708939561374,275.6306716172111,5.474158470596671,26.26928268394835,3971.776525295905,0.4999617834394905,nan,0.0,0.0,nan,nan,3890.026746689355,7.5396831592689155,245.74890052837705,0.0,100.3191678016638,nan,nan,3835.4,1.0,23.704860453545347,0.0,0.0,nan,nan,4366.716000181708,8.099485522696195,235.44326186565,2064.3931736340237,162.2760473561902,87.7730452784134,31.580963128268948,3870.079787905584,1.2974440095293183,35.948289060719674,0.0,0.0,nan,nan,6582.953667580825,7.590129874675801,146.1516789005529,0.0,0.0,nan,nan,6549.247005273916,0.4999617834394905,nan,1294.6440794097557,203.37647640874647,48.29594502932334,14.189690599762192,6716.889650192597,1.9135271566013219,33.756864293672876,120.74110479802458,15900744275647.16,2.1056884289340614,517613654511.99304,6730.159106990046,0.4999617834394905,nan,0.0,0.0,nan,nan,3426.0,1.0,26.53754284399528,2977.7282923265097,178.105935777828,24.848615690142108,7.313864659364591,3759.8833389934316,1.84430001056069,57.773575335576695,0.0,0.0,nan,nan,4683.876035174764,4.140290561530961,110.87244668984597,490.2628691429751,175.51549433792633,19.44975158873519,15.14249430026378,5874.372568143165,2.873149812397534,60.378139222545656,-0.07476662671886741,0.707921551958099,0.39539214938932354,0.21704821853449285,0.5266662733277443
6d51m52pt995s26d07m16pt522s,6.864720833333332,26.121256111111112,0.8129675247285384,0.365,macs0027p26a,22553.869150154795,121.09826157168692,2272.278614074959,33.324533563116574,5006.847505079423,1.773330136060433,41.429240524760125,9030.68916358591,136.53801701613025,397.17013799213834,16.661163714853767,4958.919793769373,1.8259341867408956,43.295650680236626,5605.990761765494,139.03546810308777,1745.4689101407591,218.07369627624976,3725.9796046381834,1.6722277231271347,51.88942050246218,7423.937321720313,160.94018379066551,2315.9472339851986,252.430701586065,3728.7328952640514,1.6722277231271347,51.85059548993761,0.0,0.0,nan,nan,6562.8,1.0,13.853480493619768,4117.808783221495,146.7264525296053,80.82011058635766,8.2598413817308,4861.314962422772,1.7476190686933042,41.935467331270196,2257.812727980852,100.00855430602994,220.34674968866813,34.57090051821156,4340.2281053758115,1.692838459706737,45.2088236731814,1421.4383155786802,71.66155216925289,32.87017670513414,6.621221773132455,4101.731329217925,1.9577493869574925,56.74792423576115,927.032611622793,83.01016595492848,17.874300554682254,6.892004539460085,3969.8419098001,1.6385678158543484,47.5085235585194,1346.1566797482221,106.5692701850541,15.133903625422688,5.4197532029982,3888.7913738317884,1.3631883854505686,38.29183981537165,0.0,47.44590355172653,nan,nan,3835.4,1.0,23.704860453545347,442.43588796738874,104.79432105587779,24.866803762869814,20.640108620233423,4363.209520517378,1.1324555456734517,25.974328103863616,2834.2968227622378,88.75387641496896,42.59199065469029,6.109917385622014,3868.75877194909,1.498180086262108,43.58874763756428,0.0,0.0,nan,nan,6583.45,1.0,13.810026928666252,0.0,0.0,nan,nan,6548.05,1.0,13.88468655302385,0.0,0.0,nan,nan,6716.44,1.0,13.536579167464883,0.0,0.0,nan,nan,6730.82,1.0,13.507659064352907,1015.2022701892664,198460.27623482907,10.586263842277237,13152.052873582821,3427.8412657942076,0.4999617834394905,nan,190.06842039622893,0.0,22.256408394217775,0.0,3759.791574979611,0.4999617834394905,nan,0.0,0.0,nan,nan,4687.318862946658,5.833007133433033,157.33772022715434,0.0,0.0,nan,nan,5875.62,1.0,15.473706908126772,-999.0,,-999.0,0.06572612073650058,0.06850553796906184
10d12m52pt83s-44d08m06pt786s,10.214674999999998,-44.135218333333334,0.18760992576748725,0.363,macs0040m44,2625.29064947068,83.13680551022692,1421.7869153671272,122.98084441867384,5006.837740418037,1.8881164591113024,44.5882758407986,804.8907130123656,72.58227319415452,38.558223986109674,9.648219784600798,4958.63856095305,1.4525220530668368,32.67459199318995,0.0,0.0,nan,nan,3726.03,1.0,24.400668213494743,0.0,0.0,nan,nan,3728.82,1.0,24.382410999599827,2627.660783525843,113.55589466174757,173.12433589563696,14.331635486804068,6562.3201502095035,1.753714216539426,31.192287049841056,840.437646274386,910.6833689304881,158.8256352156773,493.6289811089903,4861.261414138116,1.043750843418906,20.275518882988916,600.0095587467279,78.49034759020986,8.861668068187766,4.106509146868061,4340.010095554277,1.079248325418693,24.093913087910355,1422.215995140713,153.55565318954083,82.70974397598116,35.68346956810641,4101.594781054289,2.101311989503887,61.49560360927349,0.0,0.0,nan,nan,3970.08,1.0,22.900702702093618,0.0,0.0,nan,nan,3889.06,1.0,23.37778840736009,0.0,0.0,nan,nan,3835.4,1.0,23.704860453545347,0.0,0.0,nan,nan,4359.480754097844,1.389224684040326,35.01304231266559,0.0,0.0,nan,nan,3868.75,1.0,23.500516131444996,0.0,0.0,nan,nan,6583.4920575537235,3.6701960054807343,69.67106513217148,0.0,0.0,nan,nan,6550.775197061597,9.848224449952577,190.98931839637046,144.2432875993748,4.172109440856037e+16,7.471585375565686,4042349255139932.5,6716.136996350992,0.4999617834394905,nan,1321.803908475494,121.54512597176084,24.428748160609747,4.192081223743886,6731.568264315928,2.562611634888834,46.62714759692909,0.0,0.0,nan,nan,3426.0,1.0,26.53754284399528,0.0,0.0,nan,nan,3760.0,1.0,24.18021855944889,529.3425642554786,255152.2926925596,7.850197973939124,11575.255585924417,4685.397322742568,0.7386015711662615,6.4026993464142326,183.10832056913338,642.3462650023997,8.297367102732418,63.287245333186306,5875.260989610645,0.4999617834394905,nan,-999.0,-999.0,-999.0,0.36973520243855057,0.6692983428376933
88d19m48pt8284935s-33d42m42pt89990813s,88.33023013708375,-33.71191664114773,0.7300043801847442,nan,macs0553m33b,25714.62837642129,98.80547963602594,1276.7754536260452,13.399904049087736,5006.842235734503,1.937547145553583,45.93886465926384,8617.419116779181,88.2042227351038,225.0460493325536,6.391200058385597,4958.900263101812,1.8804969964318694,44.808548387945386,10527.346981852741,103.497737573993,50.625352601799214,2.507121082370569,3726.054129625856,1.8866863145060069,59.8627248413286,13790.56934978309,120.29974181121123,66.44709291104661,2.914131515995686,3728.8407225836186,1.8866863145060069,59.81793399534856,0.0,0.0,nan,nan,6562.8,1.0,13.853480493619768,6435.645250029809,116.72755699085356,160.94142567936345,8.372510898521147,4861.337709139837,2.003128085637263,49.1512696432077,3007.243284701681,58.59756837759044,29.56644904197753,2.040330277463501,4340.544885624661,1.7489140964602696,47.009318711955565,1748.7833550384307,44.694168480202976,11.258993061517899,1.1497591418172783,4101.66964353798,1.4861596867765257,40.690425897671666,1510.1575417426811,93.13121721451883,7.9786382673818945,2.1196663377888223,3969.1208253179652,2.083804567214055,62.93909183100879,1592.8062690184988,115.6511104491631,6.08913350637359,1.999917736206661,3888.873845817915,1.6194832922962572,47.806382376318595,248.08403148181847,84.80984702969529,1.405500157127883,2.2511594612854426,3833.686489062504,3.269299543241404,106.00262545518095,16.209690337094017,295.45896056744334,0.09215003412807922,5.887472846534109,4362.680338865332,0.4999617834394905,nan,3092.8728188341447,82.61568299661509,14.011308546401068,1.7147516186970306,3868.5526890736037,1.7824637001538406,53.943663385643845,0.0,0.0,nan,nan,6583.45,1.0,13.810026928666252,0.0,0.0,nan,nan,6548.05,1.0,13.88468655302385,0.0,0.0,nan,nan,6716.44,1.0,13.536579167464883,0.0,0.0,nan,nan,6730.82,1.0,13.507659064352907,0.0,0.0,nan,nan,3426.7759720663657,3.8445673895275383,140.4760695267589,0.0,41.84946171360076,nan,nan,3760.0,1.0,24.18021855944889,318.3920852260169,44.060234155885055,3.4820521135334976,1.4754822356089103,4682.840924133129,0.9883319445340945,18.956827243244227,0.0,0.0,nan,nan,5875.62,1.0,15.473706908126772,0.849394771157883,1.2429292768372273,2.012629430952609,0.500739348837015,0.3317954379777776
2d55m43pt275s-15d23m04pt376s,2.928687499999999,-15.384548888888888,0.3769632541816905,0.3791,macs0011m15,5214.997670738993,147.55046828600823,470.34413784493995,36.34878727827772,5006.832747955684,2.0373353333207715,48.650065232559434,1864.8393948949083,140.97210497534468,155.81427420284527,32.67960487856991,4959.046564507481,2.5437999240317453,62.785691045965464,4659.813660787762,346.7973648557291,47.16360547100228,17.6791903352392,3726.2096813523935,1.70603283983512,53.15859400934559,6866.946092684929,443.92156188321235,69.62739808833373,22.6304308561136,3728.776691449058,1.70603283983512,53.118819368229616,4478.480950094542,137.7015672813382,71.86924489202384,4.2326659310968555,6562.8181996393905,2.9106156874379576,54.80511150312409,1903.5273655031824,98.15043553960489,82.7983070345618,12.246390542643972,4861.02784810381,2.238869947435718,55.69279563428158,3186.8538005297887,664.1336352323244,131.9975306014445,97.02202430007324,4349.301464002934,9.99923566878981,292.5682705754515,1569.6690021071072,230.60800765202626,19.22585606275377,11.293687808758827,4100.436443220492,4.192499761335653,128.30084269466556,612.9968234157114,219.8691972831288,8.104057540440637,12.515489689147815,3970.0016061201086,0.4999617834394905,nan,0.0,93.27871787428323,nan,nan,3889.06,1.0,23.37778840736009,0.0,0.0,nan,nan,3835.9617912016242,6.15460931970869,202.96702853581823,0.0,0.0,nan,nan,4362.4857839597435,5.03745494548828,145.55730143724168,3200.583334276501,313.54919829028285,161.6024005747884,72.49555707248179,3869.407384760722,4.251464205543861,137.99484258830486,0.0,0.0,nan,nan,6583.63981788525,9.99923566878981,192.88987927331783,0.0,0.0,nan,nan,6544.563079383934,0.4999617834394905,nan,1138.719314564365,137.4139462749909,10.385493527211993,2.34398319288308,6716.869692276765,2.2711948730124245,40.95476465641198,815.2047767028928,147.71352648016233,5.812293963001292,1.9659103783993561,6729.954190630839,2.4643288575238076,44.69156645358373,0.0,0.0,nan,nan,3426.0,1.0,26.53754284399528,1570.1872175369244,274.04570833352403,105.55456626599367,90.66007396603419,3759.8290719543456,2.586728494226674,84.31634130286106,123.24484534773644,95.6989986984824,1.1998821773014903,2.8492855293260893,4686.168091527522,0.4999617834394905,nan,96.99162780926878,107.26845689823658,13.301205518915442,31.98850157499306,5874.716406601068,0.4999617834394905,nan,-999.0,1.4350630481402313,2.5473453513504345,0.9715152224769938,0.6098551587317278
17d53m07pt61874487s8d56m05pt75307645s,17.885449651352566,8.934931410123806,0.6984787742335801,0.4854,macs0111p08,3658.2623614266076,105.17128803280409,452.0042764918945,35.49361442297529,5006.849691213242,0.8135140984121806,10.539436781375958,199.73363162914418,24944294.5592619,5.781753017979172,2001797.427579608,4961.39190193422,0.4999617834394905,nan,882.4444436023665,118.95645183635561,3.566573428574087,2.4255232486932883,3723.8860830863005,1.4289341433093352,42.56394680305734,419.88334616382724,79.71986812988192,1.7056236142832597,1.625488912512235,3731.113748153675,1.4289341433093352,42.532099352233615,0.0,0.0,nan,nan,6562.8,1.0,13.853480493619768,252.28539911406318,297.8923689596407,79.2478946858816,268.7546493881108,4857.419665375242,8.204778573343805,214.08605511377814,0.0,0.0,nan,nan,4341.534934008771,9.99923566878981,292.5682705754515,0.0,0.0,nan,nan,4101.474181683113,4.647846317010122,142.61509248073926,835.4957775038143,227.94942868145665,29.1134851899415,34.17014964235242,3971.4830232173276,8.271748095604424,264.30193019434415,279.14435339587493,131.31628189546797,5.8128778376129056,12.357531338633807,3890.4186549956817,0.4999617834394905,nan,0.0,0.0,nan,nan,3834.204879187958,5.547462510999767,182.6675373754802,0.0,0.0,nan,nan,4355.511935330977,0.4999617834394905,nan,667.2362029705963,114.18684025885555,10.984340654535709,8.626584509410874,3865.9873298544117,2.4310230777975645,76.61024934034023,0.0,0.0,nan,nan,6583.45,1.0,13.810026928666252,0.0,0.0,nan,nan,6548.05,1.0,13.88468655302385,0.0,0.0,nan,nan,6716.44,1.0,13.536579167464883,0.0,0.0,nan,nan,6730.82,1.0,13.507659064352907,853.6758864849797,118.37486729076001,118.8527486375135,105.0038622181764,3424.9291138009853,0.7993372259621435,14.341061433366578,0.0,0.0,nan,nan,3759.6135687440337,6.157898168477341,207.14924953680944,0.0,0.0,nan,nan,4685.593906591954,2.016618787273258,51.38480666533038,0.0,0.0,nan,nan,5875.62,1.0,15.473706908126772,nan,nan,nan,0.5594248643065918,0.45425469880332237
16d23m44pt22264049s-24d38m43pt58535203s,16.39561740013605,-24.64544037556473,0.687697362608686,0.23,a141,8260.409849745954,114.81609512691726,382.39898449619625,14.51790052713935,5006.845628450111,1.0087996936954478,18.47069661171365,670.6680306362261,273.6233602736578,7.947805111946133,8.996942032393898,4958.877408351355,3.429000343282057,86.17891207934086,0.0,0.0,nan,nan,3725.9324198462996,1.7634085564161255,55.301247663021,2491.457000960104,15115.32417671494,44.34533652317641,1350.2853166122088,3731.2770461895784,0.5740891323505166,nan,0.0,0.0,nan,nan,6562.8,1.0,13.853480493619768,0.0,0.0,nan,nan,4861.356160594009,7.397829740628601,192.86758754955895,0.0,0.0,nan,nan,4344.469419594942,6.448203034662293,188.01465849865872,326.67526252203544,6.574273844636221e+50,7.577328868382431,6.089898320883069e+49,4102.644396289835,0.4999617834394905,nan,88.20005555192633,98.9448753239596,0.9127681350439357,4.412248574595656,3968.695857229676,0.4999617834394905,nan,806.5949382585502,82.37187423106506,6.218386055727409,2.8779860246237927,3885.8633920452826,1.8105824008214393,54.66142747194988,0.0,0.0,nan,nan,3834.92909088298,3.30886289159725,107.34666196652398,0.0,0.0,nan,nan,4358.281225800788,0.4999617834394905,nan,0.0,0.0,nan,nan,3869.6892673575207,4.459233942109001,144.92209371727614,0.0,0.0,nan,nan,6583.45,1.0,13.810026928666252,0.0,0.0,nan,nan,6548.05,1.0,13.88468655302385,0.0,0.0,nan,nan,6716.44,1.0,13.536579167464883,0.0,0.0,nan,nan,6730.82,1.0,13.507659064352907,0.0,0.0,nan,nan,3426.2985897636386,1.6925722778810206,57.264994606461215,0.0,0.0,nan,nan,3760.0689023751834,4.150217336330868,138.50930825113744,93.21060878843072,4.366576458796755e+18,0.8101664417910158,1.1618719826633787e+17,4683.47466252733,0.4999617834394905,nan,0.0,0.0,nan,nan,5875.62,1.0,15.473706908126772,nan,,nan,0.11546588866041389,0.16118918133123902
7d04m12pt555s-75d37m54pt293s,7.070154166666666,-75.63174805555555,0.4039211267452194,0.388,macs0028m75,5870.374122830106,109.22858632123128,305.0225529842513,15.502075741453135,5006.835221202156,2.198668786534061,52.99701312898833,2393.022504855065,135.10630259214648,81.38314686867201,12.747476768826742,4959.163901571516,2.957529347912966,73.77128779756701,2654.395097448244,288.1044339262247,52.35787400157318,28.632272564039848,3725.7439876061335,1.6148778195644329,49.723560345251364,4278.580264965211,393.08178149646733,84.56050530875257,39.06508676172352,3728.5523720251786,1.6148778195644329,49.68635588556619,4909.803961042687,135.69008266684895,118.9785643512833,6.298332591103634,6562.671588040465,2.7440189889368893,51.46939237400779,1959.8989665585077,102.9036589284853,172.7900484566193,26.02130146952216,4861.294313671018,1.710527804016587,40.87314745433976,1622.64120827166,204.16058241255777,20.96094490442409,9.337357294733907,4341.166234502123,3.0388181689147515,86.73464840813736,2033.6106624898566,399.79630605703005,925.0602981722765,726.0398031749046,4103.250219047029,6.016736403662611,185.48023042689357,393.89686395758696,1.9222401584819568e+149,4.465438933213425,9.377180404157328e+147,3970.9982028690556,0.4999617834394905,nan,0.0,0.0,nan,nan,3888.4232236788116,1.9036973548032046,57.95250851756984,0.0,0.0,nan,nan,3836.2289764550114,4.139808124219654,135.4358058180908,0.0,0.0,nan,nan,4361.474939819394,9.99923566878981,291.0428046557292,3052.906632251513,277.769310053448,24.324471806480236,10.1260144708813,3870.7269388077075,3.763502414426734,121.68563507859382,0.0,0.0,nan,nan,6581.782804483234,0.4999617834394905,nan,0.0,0.0,nan,nan,6551.066888086211,9.533524316282529,184.85474773741618,0.0,0.0,nan,nan,6716.44,1.0,13.536579167464883,0.0,0.0,nan,nan,6730.82,1.0,13.507659064352907,2716.8819517267107,276.59172259948593,11.91741752872105,7.711674888532879,3427.660147665095,1.6637503473571724,56.086546181718774,0.0,0.0,nan,nan,3761.978746318717,9.99923566878981,337.7342754526394,1645.5760897360951,492.08287384780755,340.51993359496703,311.40296093242205,4686.161044589223,9.99923566878981,271.0131455203778,1391.7513913723371,269.47945024619764,48.115288797105876,20.251222931980163,5876.457773515216,7.638810044481961,164.81768815185495,-999.0,1.1541367923204737,1.6300810937060168,0.11841445667826919,0.5635078517782577
48d13m47pt986321s8d22m22pt30596361s,48.22999620027693,8.372862767668968,0.23855702605325257,nan,rxj0312p08,56375.2457627931,205.51121603343722,277.0163919169154,2.7582845983887636,5006.841240689889,2.556767104174843,62.527538700897665,19787.108944840442,174.74841450784226,100.94714992621748,2.4735585083058482,4958.911597505368,2.632124981952837,65.1410870870186,0.0,0.0,nan,nan,3726.03,1.0,24.400668213494743,0.0,0.0,nan,nan,3728.82,1.0,24.382410999599827,39359.666883124126,214.82329939297026,258.7357883917961,2.704916288820836,6562.751802522674,2.7395953028864266,51.380637053672125,11456.783496600243,211.70488202594186,75.31150052508231,3.9916593106917158,4861.222758920577,2.8811215014294103,73.19094142746883,3947.640104366247,222.98600717233174,14.004000369239613,2.801638091014642,4340.39965298914,1.6012564053596667,42.24097247069351,2643.6641281314814,183.15250405901466,13.84630679962478,3.833558330112462,4101.3771573917265,1.5671525795999584,43.519514776598136,0.0,109.5594150618995,nan,nan,3970.08,1.0,22.900702702093618,882.0894805329586,299.22645090748466,2.3889694428383614,3.6629613568153228,3890.1102609923614,1.616630904445865,47.702814780905406,702.0719214616455,3.621931373260107e+45,85.6315884850458,2.0681224647680966e+45,3834.909140923827,0.4999617834394905,nan,390.02535155289456,372.83311115805446,1.1765076053295733,3.9438264456980097,4361.733194947115,0.4999617834394905,nan,8588.706664258918,382.578816602653,49.592876006768385,10.112452686235004,3869.927473332713,4.132568268487864,134.02656997811326,0.0,0.0,nan,nan,6583.049383942439,9.99923566878981,192.88987927331783,0.0,0.0,nan,nan,6547.951249111998,9.99923566878981,193.93267853817915,2914.4151111162246,435.3236631026073,28.44078908362014,7.945891348815433,6716.457203104918,3.1146937737448446,57.528719960561844,1600.2929429260273,372.3066220866771,11.278101960360864,4.897260849012795,6730.673594072972,2.2049625326920275,39.548326784467136,0.0,0.0,nan,nan,3426.0,1.0,26.53754284399528,0.0,0.0,nan,nan,3760.0,1.0,24.18021855944889,2264.352961989412,341.28494065253983,8.053632807286453,3.714040462336687,4684.83115917108,5.656051318430082,152.4937161135149,0.0,117.9529274308182,nan,nan,5875.62,1.0,15.473706908126772,0.7346917478816116,2.840436072421592,4.628207727088525,0.5530035632434651,0.39885840229909186
135d09m40pt25284006s20d53m21pt28761991s,135.16118134445998,20.889246561085816,0.5404366390140505,nan,z2089,5406.854528332823,108.61243441311562,250.96264936407871,13.769978631549225,5006.821374775964,2.1781081507182245,52.44522178557947,204.88081959244053,260.71085472802315,7.920935553809924,27.92939904017965,4962.876520266579,0.4999617834394905,nan,1611.667964703922,218.08355733740459,10.284528542440965,7.016452600236673,3724.767588533355,2.821469266809744,93.38926452622223,361.72103810913677,124.03170181085878,2.314801149225115,3.9905005554186115,3728.827222075535,2.821469266809744,93.31938825221917,0.0,0.0,nan,nan,6562.8,1.0,13.853480493619768,339.4315166223317,881687.5121427182,4.304552881903077,32056.419490443604,4862.539912008443,0.5550212865717525,nan,0.0,0.0,nan,nan,4335.827875837849,0.4999617834394905,nan,356.9276542275519,120.25660320218441,14.079942087864453,18.904369905700598,4106.589126103707,1.1058012595619837,26.56975690363555,1533.530137225967,116.67332042769294,13.769012334927682,4.503878598926194,3972.471318081614,2.964519956923907,92.3762530558308,1258.5524915977537,1808.873077491024,17.777491240266546,115.58993546737058,3888.71538968285,0.7523563045611927,9.02691629404877,308.0790362971781,130.16058452888,2.787587605188922,5.511298614589931,3835.533067694399,0.4999617834394905,nan,2352.584742205265,408.7004374883727,18.98635031984756,11.574359581885979,4360.270946246671,9.99923566878981,291.0428046557292,1266.716672612988,226.1749435276425,20.26618558125471,16.65982925889813,3860.8973874597527,4.261943306926056,138.34444100904426,0.0,0.0,nan,nan,6583.45,1.0,13.810026928666252,0.0,0.0,nan,nan,6548.05,1.0,13.88468655302385,0.0,0.0,nan,nan,6716.44,1.0,13.536579167464883,0.0,0.0,nan,nan,6730.82,1.0,13.507659064352907,0.0,0.0,nan,nan,3426.707906890947,1.9654871437720707,68.24844883653616,480.1062622593387,96.70304798804786,8.740756654791273,8.667298165161718,3759.27429749315,0.8699001980570665,17.486709634644356,0.0,0.0,nan,nan,4685.186071376665,3.4908504879437015,92.92011147205987,199.47584630968936,0.0,10.827656533746817,0.0,5874.00863452315,0.4999617834394905,nan,nan,0.4317784952776862,0.29669477803264216,0.5124530559505689,0.8948182399323512
38d04m12pt825s-44d21m10pt642s,38.070229166666664,-44.35295611111111,0.40293015396403087,0.282,rxj0232m44,31051.94676559555,151.44743228178103,242.14566353067084,3.22579762717598,5006.835429028277,2.069144049872987,49.51042011434985,11014.607164896215,141.76716261058675,85.62939373986319,3.058005179497122,4958.831772165499,2.052792401296961,49.542630336876414,14442.661164372268,531.3618853915082,30.512970386082582,5.654059152779963,3726.260613729783,2.089837642716103,67.28033288426417,17008.11696555188,588.8343820548147,35.99988703299852,6.265606395301617,3728.9253278108704,2.089837642716103,67.22999199123444,18408.700044086047,167.12776126483723,491.19283186077047,8.541680901074129,6562.773579997148,2.6523136537439758,49.62733204387151,8071.896901109845,171.06090681054934,51.30058375035951,3.1182736903323085,4861.270525828348,2.219693512407941,55.16384289341494,4471.61071869446,195.04090644966578,13.774313570066333,2.127778509883534,4340.522993349205,1.9597753014915162,53.69035058742813,1360.8557727080647,339.5707958342727,4.1181591071086485,4.104830315828355,4102.172031293774,0.4999617834394905,nan,0.0,174.34570490706415,nan,nan,3970.08,1.0,22.900702702093618,0.0,103.77604510392247,nan,nan,3889.06,1.0,23.37778840736009,0.0,0.0,nan,nan,3835.114148819423,6.99790144227756,231.11940894469447,0.0,0.0,nan,nan,4365.664004395015,2.182983355517421,60.33177029048511,0.0,118.88465675975279,nan,nan,3868.75,1.0,23.500516131444996,0.0,0.0,nan,nan,6583.104096177012,9.99923566878981,192.88987927331783,0.0,0.0,nan,nan,6547.609041617895,9.99923566878981,193.93267853817915,0.0,0.0,nan,nan,6716.44,1.0,13.536579167464883,0.0,0.0,nan,nan,6730.82,1.0,13.507659064352907,0.0,0.0,nan,nan,3425.102296830328,4.257263437122005,156.04671617657579,0.0,0.0,nan,nan,3760.0306665764583,3.979347596322818,132.63602982953094,0.0,0.0,nan,nan,4685.491205848121,6.006659515608402,162.08920568260876,811.2488208812401,160.28172305152017,7.304627405477641,3.137863145018996,5875.3557378103305,2.6286230682964966,54.89910524542829,1.7193517931007467,2.956990093765354,3.5009491441283798,0.22288139897339634,0.198020286712506
8d37m21pt135s2d25m43pt101s,8.622537499999998,2.4286391666666667,0.65112542998946,0.388,macs0034p02a,4447.016963296021,110.941463383716,239.4356916678104,16.315552568647707,5006.832202698838,1.7089029726178135,39.639997673095365,1430.843006713133,92.12557555025566,111.38464317885011,19.898724524025596,4958.811062720436,1.9759597423499904,47.438945476762285,910.0162883239361,202.5623782523701,6.752623086294354,7.565667839596845,3727.142794392498,1.6997384873546624,52.92267599882473,2022.171150918718,401.37806544415577,15.025203771306145,14.991397452231066,3729.0542019215195,1.6997384873546624,52.88307787769345,0.0,0.0,nan,nan,6562.8,1.0,13.853480493619768,0.0,82.98822865852668,nan,nan,4861.33,1.0,18.702211490174054,882.296859530816,131.88754768022312,425.2974017431796,225.30542303638617,4339.074884372994,4.712280708779452,136.68253726668146,481.3551509742089,373311.04439289286,5.565993876781938,17237.023681578095,4102.847909369239,0.4999617834394905,nan,296.2907381428645,162.9856504746514,6.923918887351384,16.39952846528825,3969.9668716956794,0.4999617834394905,nan,0.0,0.0,nan,nan,3889.202195620113,3.7463177068495033,120.47756425721678,0.0,0.0,nan,nan,3834.026835388957,6.6579039334603705,219.77390240337417,366.55742282710247,72.86722995322314,11.123941210478362,7.750918155299751,4362.713893588344,2.0110771857441354,55.01003664311837,2236.2652140445875,120.7260382345052,133.83466317040694,33.06189380396158,3870.519132306241,3.568960584115003,115.16371758134333,0.0,0.0,nan,nan,6583.45,1.0,13.810026928666252,0.0,0.0,nan,nan,6548.05,1.0,13.88468655302385,0.0,0.0,nan,nan,6716.44,1.0,13.536579167464883,0.0,0.0,nan,nan,6730.82,1.0,13.507659064352907,0.0,0.0,nan,nan,3424.893764661441,1.2100197923211657,36.67651557314097,0.0,0.0,nan,nan,3760.189924448576,4.341008007398862,145.05898845406668,162.04729766965937,97.44711613465475,47.00823150000482,86.55075674557939,4683.106793292393,0.4999617834394905,nan,0.0,0.0,nan,nan,5875.62,1.0,15.473706908126772,-999.0,,0.8576071665883748,0.06200743273877839,0.07782121419923434
2d55m43pt935s-15d22m53pt365s,2.9288708333333324,-15.381490277777779,0.15226354502002426,0.3791,macs0011m15,40225.548042634975,211.86761763087924,238.89145727411713,3.43676960469167,5006.836534255342,2.4609696696506336,59.99089870477857,13697.530065703795,207.3775790164046,71.21924373997064,2.9916915834617,4958.89284856137,2.6486497991664346,65.58107282605901,0.0,0.0,nan,nan,3726.03,1.0,24.400668213494743,0.0,0.0,nan,nan,3728.82,1.0,24.382410999599827,26475.565596094082,177.00254821546218,207.2205289442001,2.653572397295819,6562.801845877249,2.61996079625055,48.97635583770447,11669.253009665865,295.2209005966504,77.26887612981558,5.606894620308617,4861.290360386352,2.7474684420319426,69.57714974979896,7387.903486575795,270.89455764323424,20.419272156002535,2.651967858724972,4340.256962788388,2.676638324175445,75.77624822363046,0.0,0.0,nan,nan,4091.7299999999996,9.99923566878981,309.59640827210086,0.0,0.0,nan,nan,3970.08,1.0,22.900702702093618,0.0,0.0,nan,nan,3889.06,1.0,23.37778840736009,0.0,0.0,nan,nan,3835.4,1.0,23.704860453545347,2320.653607632175,33611794.33501866,5.469536874449466,277654.5765095896,4362.869709194244,0.6918341040779183,nan,0.0,0.0,nan,nan,3868.75,1.0,23.500516131444996,0.0,0.0,nan,nan,6583.2455967966425,9.99923566878981,192.88987927331783,0.0,0.0,nan,nan,6548.120136977086,9.99923566878981,193.93267853817915,2363.2632435261917,303.0569761017582,12.561193561167284,3.012785229986028,6716.687862665875,2.4772359847919185,45.04235870398494,1496.7405378256155,281.9317312010302,7.042263840667361,2.475664957108613,6731.195168707207,2.3388141283920088,42.209666475137254,0.0,0.0,nan,nan,3426.0,1.0,26.53754284399528,0.0,0.0,nan,nan,3760.0,1.0,24.18021855944889,505.73589908744805,112559124.74318321,2.1935473380173613,1492975.7090480076,4686.227657003121,0.6212471469810666,nan,521.2787842698929,104.35426568972038,3.7164052010674045,1.6174979325017818,5875.631503971645,2.050364947335247,41.75707010494864,-999.0,4.103676550854622,5.647979372811599,0.31172219004364876,0.003941304611242232
38d04m00pt81s-44d20m58pt424s,38.06689166666666,-44.349562222222225,0.3112150822270707,0.282,rxj0232m44,6870.733802070937,227.07974876902193,227.42557338032938,20.53053005144235,5006.847967229196,1.9922560460543917,47.427663794983324,2789.9615901766088,307.8517587561948,41.623002282329985,12.7440508502752,4958.679133614232,3.233607736317961,81.04793715068944,6840.013450419853,563.8944626924575,12.134038936120954,5.037589971884107,3726.4456348976246,1.6251504180784975,50.11276121499647,3389.2034685869057,391.4783786781193,6.023604389258403,3.4972990251083758,3729.1197159200306,1.6251504180784975,50.075265545108984,6527.076599985559,264.0374102773462,86.06863089067916,6.668790730086631,6562.923897631342,2.545318311352766,47.47206299423486,5627.059411843504,412.49754898873346,41.39185266304061,8.705630650753623,4860.421270157717,6.040745850720756,157.13133784146416,0.0,120.59639202110068,nan,nan,4340.46,1.0,20.94654063936261,2311.081683018312,35202.73896497697,24.14461585536815,1468.9644689239465,4102.358531842338,0.8025379205933008,12.182905722703998,0.0,0.0,nan,nan,3970.0855538085275,5.538233275167221,176.17242328240724,818.9732221493389,1099.2249423770872,2.3552701427212233,14.313794013641816,3887.2997575165514,0.4999617834394905,nan,8632.83503379487,420.80654638564283,38.861137402116306,8.840134119404643,3839.7825863987123,2.159910051647636,67.8252731482798,0.0,0.0,nan,nan,4362.047885706784,6.483759996099044,188.07795835253393,1412.3096112585356,391.1682374744066,3.639004755726688,4.617376055394275,3868.709490783055,1.9275621721667737,59.100419220053716,0.0,0.0,nan,nan,6581.398502326527,5.831416949196049,111.95198387201481,0.0,0.0,nan,nan,6551.526096662984,8.606955644132427,166.78595087125925,1298.113646597549,382.57472189911607,23.015254455637187,12.687315902539172,6716.299179986355,1.7075894184339742,29.5227528888311,221.4102251299746,606.388925198836,1.640744708947735,8.38729280018925,6730.499985986823,0.4999617834394905,nan,0.0,0.0,nan,nan,3426.0,1.0,26.53754284399528,5370.640067880585,449.7199406935308,16.404211769976605,6.763423231678114,3759.061184518183,2.1543905148034064,68.98780791993819,294.30551982289876,316.7158837576628,4.649078984199306,15.310321504276095,4684.44689981819,0.4999617834394905,nan,2139.772581271669,1164.0446524770907,28.994544109489635,34.34750191903007,5868.109604787472,9.99923566878981,216.12712798001303,-0.07393317454768253,0.5841187726562638,0.4886698613969296,0.3606670278639803,0.08501252284324196
38d05m01pt605s-44d20m27pt16s,38.08377916666666,-44.34087777777778,0.20850484680744663,0.282,rxj0232m44,65742.252870924,279.3630844105589,211.51163483797262,2.454964973462961,5006.840682175382,2.542036418013178,62.138006517843195,25144.25435755635,291.63884869831116,94.93111491317002,3.0549308944891433,4958.9882613503105,2.6681949699765877,66.10121204681661,0.0,0.0,nan,nan,3726.03,1.0,24.400668213494743,0.0,0.0,nan,nan,3728.82,1.0,24.382410999599827,42172.36444216961,349.8231736679967,259.93906354852214,4.130103054928256,6562.732199154048,2.8432008800688067,53.45682201014139,19196.597714472922,299.84362950323737,74.45287555950006,3.3355987304273627,4861.237523610004,2.480335645502452,62.315387195330025,10886.28389046725,402.5836136735035,29.411724064462,3.852723976076195,4340.148777354658,2.5269280005662744,71.2168194969275,11401.869786709909,741.9821622577688,21.937580433782383,5.702483846684784,4102.239408375591,5.07572317849006,156.03571467694573,1728.0858471867955,13050948.40150045,2.178225311871232,70829.95411136518,3970.008463307443,0.6491429018107489,nan,0.0,0.0,nan,nan,3889.06,1.0,23.37778840736009,0.0,0.0,nan,nan,3835.4,1.0,23.704860453545347,380.3228979007368,38950.43627835045,0.6737512903768447,241.7826992368824,4363.402865537305,0.4999617834394905,nan,0.0,0.0,nan,nan,3868.75,1.0,23.500516131444996,0.0,0.0,nan,nan,6583.420858721229,0.4999617834394905,nan,0.0,0.0,nan,nan,6548.177291781246,8.951066230498823,173.4976818821831,4393.133611717814,363.96752012134965,24.63825334443516,3.8182863324551026,6715.993300461382,2.7904222041334754,51.20116299240753,2582.3752221958725,454.5042634411294,11.858109605481543,3.895594465459575,6730.307807433698,2.4619530015379785,44.644695736748574,0.0,0.0,nan,nan,3426.0,1.0,26.53754284399528,0.0,0.0,nan,nan,3760.0,1.0,24.18021855944889,1923.3366191088064,498.5500434425034,6.00154214247237,4.75732653458159,4686.240621757228,5.933848462730393,160.097185990627,1678.292503320319,164.5998354272393,8.776100864807551,1.8713525764094598,5875.504336349392,2.653826772094934,55.46546012741187,2.8055381642998816,4.325321311911393,5.278514301528579,0.8667836719785161,0.16519686557033136
8d27m50pt12046461s-7d52m03pt00122377s,8.46392235128097,-7.867500339937108,0.7604079697024868,0.352,macs0033m07,1989.8580137627048,134.16176075728023,203.3195200534202,37.43974560240887,5007.121845676737,1.8539984054224898,43.65280756902757,1658.5674299868408,204.0925579157993,70.60151702974557,24.106066546244254,4958.765273007327,4.5508673414337,115.44405013078826,1789.4140553721531,178.02644303375604,38.10251978744106,19.085513657441567,3726.775585115182,1.9586074361345085,62.50127629541273,1679.3674985561543,164.93054327747925,35.82518460226236,17.68155383329615,3729.4154960138662,1.9586074361345085,62.4545112166843,0.0,0.0,nan,nan,6562.8,1.0,13.853480493619768,694.7192652635306,80.47314119992325,22.15431006771492,7.360033513405585,4861.513413648567,2.039375311406966,50.163148716775225,1420.7680351178408,136.4030393346567,38.62045347857881,13.13438177237356,4340.048549721534,2.335473556363116,65.35250075666887,48.122219633186646,136.10681358380347,2.9104350127257916,32.93084454200461,4099.476376113568,0.4999617834394905,nan,333.31195442246025,109084.8844982292,40.20563756180133,56615.68291756837,3971.1806651850725,0.500105809107412,nan,1866.8802919249777,159.60897189995407,18.333265495228225,7.067359701090333,3894.0169121591357,6.908306163851457,224.98257795368443,241.89219243400512,52.88113060814982,5.913291970294664,6.04813474764313,3835.8701544139403,0.8218058181884058,14.291109661417583,1880.865788525341,254.21328251608705,143.11976431136426,67.78603291690355,4363.231595126094,8.08208142100637,234.93353206509764,307.51479207358125,53.97967659212756,4.579775977492086,3.683882542413339,3868.2794198096954,1.0076144109716274,23.8501193568782,0.0,0.0,nan,nan,6583.45,1.0,13.810026928666252,0.0,0.0,nan,nan,6548.05,1.0,13.88468655302385,0.0,0.0,nan,nan,6716.44,1.0,13.536579167464883,0.0,0.0,nan,nan,6730.82,1.0,13.507659064352907,434.67144792143085,16407.08606628253,13.82833408279265,3319.636702524309,3426.991814867822,0.4999617834394905,nan,0.0,0.0,nan,nan,3759.882312073836,3.7962875293070066,126.33474662366608,286.635803809974,71.59951664950457,6.5132333844785295,4.97622283905692,4685.779693834553,1.247136784251732,28.043779287249816,0.0,0.0,nan,nan,5875.62,1.0,15.473706908126772,nan,nan,2.054680840948238,0.7790798723762811,0.2172857887159369
8d28m41pt88s-7d51m59pt549s,8.478299999999999,-7.866541388888889,0.5528536269911948,0.3524,macs0033m07,92999.24404543037,365.7810820315104,201.4633288606963,2.1643220255395037,5006.858869101443,2.7872396155789945,68.60034740918775,31198.160089300596,143.41569333620788,67.22350763222465,0.857400187100717,4958.929087290919,2.8216998120967594,70.17701455361261,37372.14090883705,235.68870549629105,39.9773493578315,1.2698731765394051,3726.1852048842106,2.358828997205422,76.96531304529108,53716.42987421011,316.56860865529205,57.57183780547839,1.7056480658216422,3728.946524244166,2.358828997205422,76.90772559848584,0.0,0.0,nan,nan,6562.8,1.0,13.853480493619768,21725.405045988362,107.20101831891134,49.3461566557787,0.6983626287234029,4861.4033546960745,2.7111327605965876,68.59264614341583,10721.259250184099,103.03880969278791,16.009682427823602,0.5449329109051771,4340.471202536136,2.3404664165794573,65.50598750204351,6023.594020426353,120.61961449040375,8.542822548113985,0.6834727540472033,4101.817404263327,1.9339801768266134,55.95723573401166,5394.819733785325,176.43130256135385,5.890418796745483,0.829694108386775,3969.480688986288,3.8069092499174113,119.9961774069519,3406.937049962422,350.21303174556607,3.0315282908183123,1.4096479037956884,3888.833141021855,1.8437998315785118,55.83863801935286,426.64450979961305,9667.36173607035,0.43182958527584164,45.788840923652245,3835.5424015802882,0.4999617834394905,nan,387.28155045704307,628.7120403209266,0.4316952885583394,2.454650443334757,4364.290870937411,0.4999617834394905,nan,10050.361437262252,211.04437129611298,9.879928270452199,0.9504207195018776,3868.7420065727765,2.2025149734311533,68.72091783893868,0.0,0.0,nan,nan,6583.45,1.0,13.810026928666252,0.0,0.0,nan,nan,6548.05,1.0,13.88468655302385,0.0,0.0,nan,nan,6716.44,1.0,13.536579167464883,0.0,0.0,nan,nan,6730.82,1.0,13.507659064352907,0.0,68.3271527110872,nan,nan,3426.0,1.0,26.53754284399528,0.0,0.0,nan,nan,3764.4675947978453,2.436041834153858,79.00346709616254,0.0,0.0,nan,nan,4686.248345046828,2.27278003807379,58.749711087783666,2220.7470089216786,133.2036644533928,8.36451477030358,1.0907764176032526,5875.659825375645,3.145191133742363,66.43923921349055,-999.0,-999.0,11.810823616893371,2.9874931373282245,2.1303721488354173
72d20m20pt67173166s-28d48m43pt05177671s,72.33907548101662,-28.811958826863776,0.5565841194717231,nan,macs0449m28,52513.07243912386,239.0185309732836,199.72403135568683,2.4830293754283317,5006.835078794147,2.3832429151276333,57.92639940587231,18365.05223929169,273.6345744689122,66.82999370752113,2.7628370751375635,4958.857211051854,2.4047088444315783,59.06256437861003,26845.049141063693,220.60414309692393,47.79445437100548,1.9785587819585249,3725.9662679169605,2.1393545844427626,69.07332226819126,36192.90641966788,270.5169646666306,64.5619357504304,2.4262178787583664,3728.736554378085,2.1393545844427626,69.02163981392202,0.0,0.0,nan,nan,6562.8,1.0,13.853480493619768,14387.345934110266,95.75227834713384,47.00897967676603,0.8973793915784948,4861.204040502411,2.2522827915633394,56.06247604301144,7828.630474807022,98.87838103531489,16.71797592396757,0.7478926278671346,4340.300783201353,2.2142447562012753,61.61525804668516,4559.596931476091,143.61286608776794,9.043532156957818,1.1380891075753965,4101.759365578116,2.264791681373063,66.8530561857033,3135.385368490293,150.27821335954232,5.647878938145368,1.165639903657972,3969.8663979384737,3.0194277085313908,94.18726851471315,3050.6803567774477,182.77097891095542,3.7706311818776834,1.0219295481840018,3888.7758826876443,1.4872785750972006,42.95706503668272,982.1552090565042,121.91982277503423,1.7346317109991458,1.0076699634885682,3835.50193421134,1.7340586902232509,52.66116132370713,182.99506737622252,1083.7983117204876,0.3011719001495353,6.249279255491113,4363.698325824904,0.4999617834394905,nan,5702.013093232134,191.2331573892847,7.5247339777169175,1.1561805512701104,3868.634717591697,2.4082640029231563,75.8278525072869,0.0,0.0,nan,nan,6583.45,1.0,13.810026928666252,0.0,0.0,nan,nan,6548.05,1.0,13.88468655302385,0.0,0.0,nan,nan,6716.44,1.0,13.536579167464883,0.0,0.0,nan,nan,6730.82,1.0,13.507659064352907,3616.539642505456,256.1798479826853,5.454462600565071,2.464146992045574,3423.7833339601652,4.9785324870753715,183.16441137270303,387.2062173531607,0.0,0.75676430655287,0.0,3760.4738863112034,0.4999617834394905,nan,351.15584540221437,66.61624299103622,0.8152345850220726,0.47293007650952346,4686.315803464288,1.2009913610668101,26.515238822621463,950.4546562181882,110.68664733594628,4.670699427538448,1.1825353699038692,5875.762751469142,2.3863446178680623,49.431598249289316,nan,2.235741973010189,nan,0.30468698604343375,0.06592281184380555
7d03m32pt925s-75d37m59pt602s,7.059145833333333,-75.63322277777777,0.23106158930052478,0.388,macs0028m75,17264.967022985373,170.143589825181,197.27912917579164,5.3102858118148815,5006.838457517061,2.291330428642881,55.476830845427365,5835.7960323181715,176.24249381838428,82.3210923398693,6.898122352436798,4958.828083583019,2.117854708351957,51.315895942818564,0.0,0.0,nan,nan,3726.03,1.0,24.400668213494743,0.0,0.0,nan,nan,3728.82,1.0,24.382410999599827,8991.287283797878,117.56867187580862,2030.528248569739,50.85684229170202,6562.704707425284,2.346261513957753,43.44170019370706,3394.947663292338,190.44500116883128,44.995717061872924,7.2392242792566766,4861.484313918959,2.2294403104980827,55.432755659308974,3295.5913594806575,272.56633336028324,22.583651592955796,6.615404184589362,4340.382468815433,2.363411349207305,66.21093323568716,5842.034499616334,625.5210600076218,50.361371290384945,21.559674087734287,4100.508228813978,7.6682180709011565,237.01360230875272,2034.6025046989455,232656.1279998508,62.734904088120075,30877.438746791307,3970.554170858521,0.7543626814252954,9.016760137713636,0.0,0.0,nan,nan,3889.0602957057204,4.3500546910678795,140.54521431655414,0.0,0.0,nan,nan,3835.4,1.0,23.704860453545347,0.0,0.0,nan,nan,4366.36162066795,0.4999617834394905,nan,1604.1751400933504,86997.18986450817,28.326524695155424,7036.110107492781,3869.047860969674,0.8016848888159656,12.859080849112045,0.0,0.0,nan,nan,6582.826142834103,9.99923566878981,192.88987927331783,0.0,0.0,nan,nan,6548.707348253653,9.99923566878981,193.93267853817915,1314.744592743833,187.0146393245342,52.40095869214932,13.943876454115092,6715.384091793224,3.041551635075633,56.1050017933438,428.29690020817327,10877385.112242773,25.491234200383808,1208364.713703864,6730.493920889327,0.636520711631312,nan,0.0,0.0,nan,nan,3426.0,1.0,26.53754284399528,0.0,0.0,nan,nan,3760.0,1.0,24.18021855944889,263.5050902725847,203.88647066556103,3.292509701954125,7.791062965059447,4686.099073732242,0.4999617834394905,nan,728.0547867010443,187.99169651749892,55.5523237387612,31.185320917976856,5875.708723645422,3.1380123274138025,66.27968103223454,-999.0,3.101949365675077,4.18482618305879,1.4777527378282016,0.2506534551528617
38d04m12pt5165831s-44d21m10pt25253581s,38.07014349530422,-44.35284792661314,0.4029405823417198,0.2836,rxj0232m44,28345.375371004407,154.53941802758376,189.58957796280893,2.8233114899721783,5006.835890382661,2.0887357737830605,50.039476914578174,10026.732628396747,135.0482092901036,70.33152769135499,2.628370001617196,4958.843291805465,2.022435802994368,48.71277557914197,14878.542796177924,384.3488953115601,46.53343545239573,6.054081264354343,3726.309375463871,2.1177576802428324,68.29194109121444,17021.42574270863,416.30610621092893,53.336170942733716,6.557456073354529,3729.0189059702375,2.1177576802428324,68.24084328664235,17394.86417088579,162.47107844096126,1738.8193620627976,31.108025872016743,6562.815252509256,2.698565381459293,50.55694282826278,7842.8120954905535,184.78775913439276,42.196763125953254,2.8516400183384967,4861.287588262637,2.1064001416719083,52.02799901069767,3074.8171257738472,197.4638478929379,8.685227430559248,1.9755849797642737,4340.2702934853005,1.3860415821158585,35.088428754653116,552.3725582394956,255.5526198509037,1.399251167083889,2.5862463994028277,4101.951243052055,0.4999617834394905,nan,1458.5480870299266,239.3516597260846,3.211807914415277,2.265546731590784,3972.848731859798,1.188494284862288,30.800041499925303,1319.6545177500354,260.42951056836347,2.408391795421023,2.1484201738089874,3890.007980963755,2.3728359172933975,74.21893069997564,0.0,0.0,nan,nan,3835.039855315645,3.4535383224115432,112.2553345400543,1078.958362063835,205.10762698478544,2.40346852459262,1.6022302754309352,4361.6936598107495,1.2172712755650097,29.057471935947735,2132.2534249381065,200.92728919479976,4.028245580232404,1.7391741383394113,3868.53474563845,1.6838190379034799,50.394897434655164,0.0,0.0,nan,nan,6583.182851235239,9.99923566878981,192.88987927331783,0.0,0.0,nan,nan,6547.733365368436,9.99923566878981,193.93267853817915,0.0,0.0,nan,nan,6716.44,1.0,13.536579167464883,0.0,0.0,nan,nan,6730.82,1.0,13.507659064352907,0.0,156.52367757076777,nan,nan,3426.0,1.0,26.53754284399528,0.0,0.0,nan,nan,3760.214765863365,3.2908463581394454,108.87507516143616,0.0,0.0,nan,nan,4685.678629784709,3.8452021735241377,102.7285692171856,0.0,61.34446126900062,nan,nan,5875.62,1.0,15.473706908126772,1.7336036660304723,2.976528569181042,3.5322565947863267,0.14846846228881797,0.3183128686473187
24d30m30pt195s-21d55m03pt284s,24.508387499999998,-21.91757888888889,0.6015831643794081,0.35,macs0138m21,4064.454909303934,111.31957017595685,176.6323358597911,13.213752189664946,5006.8397480163185,1.7852449765998026,41.75877596927122,1183.9676760695886,109.21284470800244,22.567904636533868,5.775805266056429,4958.97967596512,1.590801490530053,36.67422530027283,2538.2107197065543,134.97220906600322,29.552691080090046,7.915818246457717,3726.097738006498,1.544100169260885,47.02564321794294,3170.4883011409984,148.7722626299271,36.98944139001292,8.725160529282643,3729.0085662071288,1.544100169260885,46.99045740994522,0.0,0.0,nan,nan,6562.8,1.0,13.853480493619768,1293.7852016249553,70.07004353899765,26.55686638790537,4.1255505329862325,4861.151005993916,1.6726914294305244,39.784696663247,926.8416082435999,154.71924768738728,11.54973908582595,6.829005506417834,4340.269062940992,2.8489665815088285,81.00148977748053,0.0,0.0,nan,nan,4103.71927736361,3.8943604225829858,118.9050771459104,953.9945537316463,455.6284478956993,19.052561762898275,39.1905641563521,3969.5192930341627,9.99923566878981,319.8627926142355,0.0,70.16337486776804,nan,nan,3889.06,1.0,23.37778840736009,0.0,0.0,nan,nan,3836.205449685883,6.796502382109993,224.39957526952426,0.0,0.0,nan,nan,4366.820801199893,7.676128893113478,223.04155636023688,1169.3072053968642,130.2240695275361,21.66587809233106,11.048862770287432,3869.4378683125806,2.349112705399143,73.79114006508676,0.0,0.0,nan,nan,6583.45,1.0,13.810026928666252,0.0,0.0,nan,nan,6548.05,1.0,13.88468655302385,0.0,0.0,nan,nan,6716.44,1.0,13.536579167464883,0.0,0.0,nan,nan,6730.82,1.0,13.507659064352907,364.0193087049869,253.56743459247306,26.465902014398136,117.24784979066408,3426.9950507773133,0.4999617834394905,nan,1743.1953253073737,126.107375167154,66.62444036319032,23.69486096755267,3761.319018658984,2.6483084676162356,86.48020761663409,251.86893726110065,1862858.4297398063,5.18914498322316,117423.03446304027,4685.008225170213,0.5007702004218791,nan,0.0,0.0,nan,nan,5875.62,1.0,15.473706908126772,-999.0,-999.0,-999.0,0.10220636060932226,0.0001424559763818357
8d28m41pt604992s-7d51m59pt20098902s,8.478223608888783,-7.866444719172139,0.5529390342408789,0.352,macs0033m07,71282.23310896214,337.7411823661295,176.51470169838535,2.284368427237017,5006.869617776149,2.517043093287809,61.476667661796434,24254.959548794905,155.9260259745065,61.53706407087681,1.0976159244633852,4958.92309956032,2.578816156541831,63.720243819508795,31796.266853244553,210.2048401599054,44.21324514400871,1.4723011946458544,3726.1122541444706,2.2569600414270234,73.31251070901943,45263.25130329642,274.09295809784317,63.06175998204635,1.919781625125697,3728.8970341949343,2.2569600414270234,73.25765638382322,0.0,0.0,nan,nan,6562.8,1.0,13.853480493619768,17324.076418315693,120.1881145226831,44.63558811473696,0.888154808962036,4861.407645906519,2.454255055228373,61.60311144161985,9061.20696922027,98.77629722639917,16.342547117976423,0.6309638921832226,4340.408448153653,2.257985543409096,62.966123369995834,4767.9482300529835,117.48466469651171,7.815669082939018,0.7694445746158789,4101.800676973996,1.9003344244073024,54.83547921268526,3577.6060214864788,140.2916553183873,4.555546322562419,0.7692327001675129,3969.8507939220394,2.6656430163123095,82.4802691461904,2772.2708090936003,268.90514486415043,2.987228592104559,1.3106942311065655,3888.8750027168544,1.6812021888310056,50.037514179004255,263.3324192551861,152.65907022449602,0.3062901041389884,0.8310101246244235,3835.3660436132413,0.4999617834394905,nan,163.1875260211105,3.591949415773267e+35,0.21538995144796638,1.6605535445863048e+33,4364.3067288480215,0.4999617834394905,nan,7736.878462207185,193.07475182309645,9.094333920058684,1.0397072106060268,3868.7040587698048,2.111982428539801,65.57121936467712,0.0,0.0,nan,nan,6583.45,1.0,13.810026928666252,0.0,0.0,nan,nan,6548.05,1.0,13.88468655302385,0.0,0.0,nan,nan,6716.44,1.0,13.536579167464883,0.0,0.0,nan,nan,6730.82,1.0,13.507659064352907,1348.7495900690096,106.41130467796134,1.5029397966217315,0.7548470796154766,3425.904468499623,1.6661545322820495,56.1850110244765,0.0,85.62711034338011,nan,nan,3760.0,1.0,24.18021855944889,404.7951410976151,130015.53508707961,0.8971805793174861,881.3865141220261,4685.761390203956,0.4999617834394905,nan,1872.959034813075,123.43557191677783,7.988935720774256,1.1446884081126467,5875.56891286506,2.791590280103136,58.55435802442652,nan,nan,7.237572501200556,6.310413374556658,1.7248483319242696
8d02m47pt09655564s18d08m51pt60579824s,8.046415709899861,18.147668277288183,0.3650996048110202,0.3892,macs0032p18,1915.8691733800551,123.8160329934986,166.0217533029337,29.30625356865893,5006.857302908024,1.090115952165264,21.248912185850486,309.55864549599823,27839.61065395445,6.07770222337537,1516.9710234900115,4958.074895521412,0.7277435567283529,5.109553202505672,796.2282153895561,1339552.49085417,4.381675535879161,37122.31533792045,3726.4584578075674,0.6259461414689759,nan,0.0,0.0,nan,nan,3729.4006281118877,2.876534931223913,95.25891177600649,193.20919770494675,6.498986631620924e+63,2.9681793448211455,1.912080695973318e+62,6563.750231504768,0.4999617834394905,nan,0.0,0.0,nan,nan,4860.585655335487,1.475665713834056,34.02054426243219,481.5437041877239,146.39374488432816,4.408675482917843,4.748849175784734,4339.547876741596,1.6611679971423663,44.186572568842195,3324.7461609078678,1270.2901517040873,13.943303918076763,21.23954096270044,4105.72958908048,9.99923566878981,309.59640827210086,739.5594693288207,176.2161957813924,41.134474355228576,42.19842960883318,3970.085402244732,3.9122326153152964,123.43059305606297,0.0,0.0,nan,nan,3888.8075837171627,4.79918050677731,155.42319934094118,0.0,0.0,nan,nan,3834.774306906185,4.057208000122768,132.6531324962185,179.5960806894964,0.0,2.7450823801074447,0.0,4360.583128607391,0.4999617834394905,nan,0.0,0.0,nan,nan,3869.229567985724,3.7698817773688713,121.89928446766876,0.0,0.0,nan,nan,6584.13741477732,2.4399533132489495,45.20014525321695,42.15001673878268,0.0,1.6540260223840395,0.0,6546.119330079096,0.4999617834394905,nan,0.0,0.0,nan,nan,6716.103922490004,3.944215339770075,73.57577587163856,367.1660028865596,826989.6881470233,13.863176943179598,58270.62513515484,6731.702235570416,0.631293971604864,nan,0.0,0.0,nan,nan,3426.0,1.0,26.53754284399528,1080.5944152167751,148.25562952038567,22.86855799428044,15.444968115764915,3759.3827608880124,2.773963191351468,90.88417355990356,64.0764805144026,212.05182972086527,2.1707713035122844,21.95815677994278,4687.489460890088,0.4999617834394905,nan,0.0,0.0,nan,nan,5875.678426621236,4.159012187052144,88.82992975963539,nan,nan,nan,0.11146303072194634,0.4514367830643072
4d47m28pt35s-20d26m36pt271s,4.791208333333333,-20.44340861111111,0.8005962919393037,0.277,s26,5398.320931760925,151.52585978788974,165.14507837870508,12.661268271159413,5006.862668513999,2.3929064683355787,58.18340606606398,1343.1308808891586,128.8825666672451,18.70968690956911,4.981543628344167,4958.742381982832,2.091266019877463,50.592070796457925,4675.63540846546,137.46095833578732,138.80196495756832,20.556091119263314,3726.0183294946883,2.5683186024355877,84.4314588984429,7584.0940872947385,210.69501884307607,225.5843458343318,31.50760811032117,3728.8233660836086,2.5683186024355877,84.36828508733733,0.0,0.0,nan,nan,6562.8,1.0,13.853480493619768,2682.8072531378416,225.07311148472007,44.56061967619719,10.72133836471759,4861.621064837754,3.234501714531495,82.69876803235341,1101.6699040076674,206.79598543777743,9.419743915529034,6.2603506316142905,4341.140612319145,2.470239594775508,69.48471630424015,1893.1051477756414,281.46044148529376,57.90490492680005,34.368890343129884,4103.300630038254,6.2935179486919965,194.12714821106252,0.0,0.0,nan,nan,3968.9131915141675,2.040555338054451,61.46464559522143,0.0,0.0,nan,nan,3890.2075448665923,9.99923566878981,326.52642944617054,399.5928925767623,129354.76041962381,4.444402668478847,6727.327008172573,3836.754922426545,0.4999617834394905,nan,0.0,101.93039525031051,nan,nan,4363.21,1.0,20.83732430562082,1142.8020801203002,199.5935296581057,10.31354635483814,8.24133994806669,3870.76341458362,5.50376807999001,179.64333357600475,0.0,0.0,nan,nan,6583.45,1.0,13.810026928666252,0.0,0.0,nan,nan,6548.05,1.0,13.88468655302385,0.0,0.0,nan,nan,6716.44,1.0,13.536579167464883,0.0,0.0,nan,nan,6730.82,1.0,13.507659064352907,184.8614353549818,188.322160245844,1.8153836399929981,11.810776772674929,3422.219646069772,0.4999617834394905,nan,0.0,0.0,nan,nan,3757.190206135266,0.4999617834394905,nan,1325.7653482221383,1640.618328157496,29.118373952354435,110.02723120367168,4690.169100411236,9.99923566878981,271.0131455203778,0.0,0.0,nan,nan,5875.62,1.0,15.473706908126772,-999.0,2.1443638178795434,4.531134809282536,0.470872428016474,0.14977579148008
0d47m46pt41s-6d05m01pt731s,0.7962249999999998,-6.0838141666666665,0.813730341991405,0.232,a2697,2631.1753853074147,126.41843917172314,161.06592596676776,21.137357541580972,5006.842178496315,2.003571712900292,47.73486257063124,648.1729577339107,87.71897925227861,7.289559336587664,2.736740894388615,4959.380628059953,1.5038472363619615,34.17073007166657,1384.470730149666,69.78828444063166,7.843174601487567,1.991732076137701,3725.905951911926,1.4751623977721935,44.36687333976902,1586.994935203225,72.12239595962903,9.00809924562495,2.0583467639600443,3728.708276172414,1.4751623977721935,44.33367689246988,0.0,0.0,nan,nan,6562.8,1.0,13.853480493619768,816.3265709035902,133.3659143771464,16.707999602099157,7.829416748854983,4861.222489373825,1.755217878314025,42.152560955104285,88.27133415263357,143.99896199083807,0.6964808124396319,4.024429999412321,4340.224478071667,0.4999617834394905,nan,0.0,0.0,nan,nan,4101.47128023074,1.9053089619815902,55.00152350500359,0.0,0.0,nan,nan,3973.5105427157696,2.6150198117635757,80.79666229839106,353.91373032235066,53.7527878514079,3.5657043909267205,2.451153459342482,3887.9462374083014,1.138799051652348,29.40480550514024,119.73694845218827,1551.241045957657,0.7938063175650303,48.161863884413805,3834.3620877858802,0.4999617834394905,nan,1179.3675011802975,105.31994407298323,14.146615243730414,4.429185504412305,4362.188445002607,2.2025532392427385,60.93430958136255,351.59875398275443,55.57004799706897,2.7962202792294293,2.026189071625547,3867.4878144882928,1.0135581206830682,24.121302699884023,0.0,0.0,nan,nan,6583.45,1.0,13.810026928666252,0.0,0.0,nan,nan,6548.05,1.0,13.88468655302385,0.0,0.0,nan,nan,6716.44,1.0,13.536579167464883,0.0,0.0,nan,nan,6730.82,1.0,13.507659064352907,180.86782661961004,91.15529682547465,0.6452827693731175,2.0638926558161015,3429.468324170293,0.4999617834394905,nan,2096.274446785904,572.8642945891555,31.753256146883956,42.58925792060859,3763.7462531055044,9.99923566878981,337.7342754526394,0.0,0.0,nan,nan,4687.534783216456,2.6710370355803037,70.0357054091201,0.0,0.0,nan,nan,5875.62,1.0,15.473706908126772,-999.0,0.9793916507898521,2.3053820180429034,2.2551211294622164,3.0376241379467794
24d30m56pt79s-21d55m46pt848s,24.515774999999998,-21.92968,0.3085071313086478,0.35,macs0138m21,7352.142605701017,111.75746909540355,156.4388172682421,6.495228951051657,5006.83568684144,2.3316444555400877,56.55241607607779,2315.975806611808,122.8888292704078,48.56436106537565,7.150223385314203,4958.728719978944,2.251209078419938,54.93029237198303,5738.840474162571,299.46623851502807,38.202580223455286,10.04117234142395,3726.144172269146,1.997517811685784,63.92275087610461,5431.12862425931,275.34530951048066,36.22566392791326,9.23239200487941,3728.9740613378317,1.997517811685784,63.87492221316451,4915.015606656576,104.55423683158224,120.5493686663243,4.911917194607839,6562.722846801301,2.5792875839422527,48.15708426141413,2144.8664984276097,98.7481211840293,57.668077774506074,7.615012386786589,4861.337806018102,2.4056477262167477,60.27380957004557,1314.1593961243407,165.84711568304454,20.036532788557327,8.954952376935635,4340.591248710279,3.6936394624681133,106.37490281614909,1799.9651327548504,252.86512736919528,43.254327448927185,24.297407764316887,4100.344449310288,6.467489876352603,199.5597146613226,238.11248183922095,0.0,2.959238310713917,0.0,3971.273336535662,0.4999617834394905,nan,0.0,0.0,nan,nan,3890.3120707731873,0.4999617834394905,nan,0.0,0.0,nan,nan,3835.480572712636,4.338005684113695,142.1062987820377,1314.810823246722,305.83454467620345,17.173460209982334,14.002444057024386,4362.621635813821,9.506725882093997,276.63512837251096,1238.0189015581132,124.08222269662605,474.0315376695111,217.5937408710101,3869.1533736731494,1.9389990234908796,59.50417103829049,0.0,0.0,nan,nan,6583.07571019275,0.4999617834394905,nan,0.0,0.0,nan,nan,6547.857211824573,6.536417538894585,126.35312214419712,907.2033352003601,193.69242805585608,11.644176065069601,4.6499058414809955,6716.652430082717,3.4014139643048966,63.09373140432929,67.60172589517057,1492.1215923240757,0.6569322054205382,27.062074723191582,6731.010588655967,0.4999617834394905,nan,0.0,0.0,nan,nan,3426.0,1.0,26.53754284399528,1779.5541808500864,354164.9647535646,2172.807485032804,2128133.1186316595,3759.776149123417,0.6684364992516616,nan,0.0,0.0,nan,nan,4685.359752531773,5.493904681130094,148.053033123312,430.27585511108566,287.01102433524153,7.418286098691385,10.755754842850777,5876.657546888525,8.241063905076315,177.91812311999652,-999.0,-999.0,-999.0,20.443877188746907,36.548870717087716
4d45m08pt04s-40d52m14pt082s,4.752233333333332,-40.870578333333334,0.5177884932263128,0.477,macs0018m40,43903.08979159236,371.3341673459081,143.2198908850873,3.308666155200471,5006.889275272345,2.304458137578067,55.82728908154061,11956.227315799437,172.15740971755034,33.28162296794509,1.3295933046422515,4959.012088740548,1.6260872668327815,37.680417927111485,19903.17296308031,243.16021459075154,35.448635339989615,2.181745801580117,3725.9252742838275,2.1235348102290987,68.50105348291031,29129.670150043985,320.5649738111904,51.979641745049584,2.876257067478364,3728.6318627763685,2.1235348102290987,68.44979921501395,0.0,0.0,nan,nan,6562.8,1.0,13.853480493619768,11572.114713469062,167.21608222616146,36.055096548180394,1.4944203745375826,4861.111889741067,2.313216762600563,57.739022366646125,4824.454509981025,92.27422468575341,9.479861247114703,0.6422114187003805,4340.281889395434,1.8872516912053483,51.40649086094544,2383.57233165149,107.79905316982776,5.026695080566032,0.9083737021885416,4101.657230959527,1.824967692010645,52.31109940729646,2246.9082215425046,94.84307236093689,3.7092452258571225,0.6741319229692113,3970.001986599262,1.6644148259267513,48.42364719553575,274.2924619327869,292.2097082313606,0.3364509949232431,1.621768875714085,3888.4442605748036,0.4999617834394905,nan,265.6807824939715,37900197903.637955,0.3938146699243722,262909727.64174196,3835.442945290652,0.4999617834394905,nan,117.02049642009827,371.67536587327214,0.1968505875133416,2.191343448248846,4362.87474203107,0.4999617834394905,nan,5598.746615893704,111.5096612556552,7.574795046260972,0.6911608930042096,3868.681744622293,1.984021151724342,61.09017490174473,0.0,0.0,nan,nan,6583.45,1.0,13.810026928666252,0.0,0.0,nan,nan,6548.05,1.0,13.88468655302385,0.0,0.0,nan,nan,6716.44,1.0,13.536579167464883,0.0,0.0,nan,nan,6730.82,1.0,13.507659064352907,571.0256895443454,5515407881.090059,0.8461920204014359,51832460.61189286,3430.279550978679,0.4999617834394905,nan,0.0,0.0,nan,nan,3759.4839179976284,3.3750250776901134,111.79032165076882,613.2392815988616,93.92661074611293,1.3855687139067625,0.6499558780868728,4682.344623545296,3.4380364127308556,91.4549289496606,0.0,101.07682827870205,nan,nan,5875.62,1.0,15.473706908126772,-999.0,4.075980031883007,-999.0,0.3301535651869453,0.3852975397353158
7d01m01pt38s-75d37m22pt757s,7.017049999999999,-75.62298805555555,0.400496466490438,0.388,macs0028m75,8945.637273620543,97.58879764885017,138.00971680236017,4.112305283565378,5006.837855302677,2.2959035489839246,55.598938453485445,3168.8490638326994,130.96790590206118,41.73225846952669,4.785719466658995,4958.808797392684,2.006286834118738,48.27062697857669,6409.314811187729,289.1698630110884,48.24905299946747,10.963891939560467,3726.254536387725,2.451967777353701,80.29168521498558,9607.332287416759,395.1933142478651,72.47488650817408,14.983777173502373,3729.2492021394255,2.451967777353701,80.2316088901027,7205.791264150166,126.97620268624176,105.12870695619458,3.548330664077674,6562.827653552377,2.5146929209881974,46.85383339811624,2619.52760772673,113.46682602664445,28.222606215524458,3.506161710976586,4861.454358843082,1.9312329915364677,47.13653460268604,0.0,56.248614189307396,nan,nan,4340.46,1.0,20.94654063936261,1928.9605540776645,219.25009726208793,64.00608413270514,29.062045470948835,4102.110111978229,2.4474335809053396,72.79047200149535,307.4058674179607,321.6017129967781,3.2496483507825156,14.652715971628902,3968.3053556256655,0.4999617834394905,nan,0.0,0.0,nan,nan,3888.9409634656854,2.801190983433067,88.78896640765133,683.0489779403814,185.51179103649278,9.121316171287686,11.602829726694573,3834.1876943362026,1.1513566641243773,30.34291436257063,799.8248856058495,39433674.27405872,4.987613639784328,861755.5351001209,4363.1381878743,0.5459162158361538,nan,0.0,0.0,nan,nan,3869.3352498031977,7.262421427182365,237.87398638901402,0.0,0.0,nan,nan,6585.935174324931,9.99923566878981,192.88987927331783,0.0,0.0,nan,nan,6549.932398123688,0.4999617834394905,nan,0.0,0.0,nan,nan,6716.44,1.0,13.536579167464883,0.0,0.0,nan,nan,6730.82,1.0,13.507659064352907,7722.413396114279,1045.5107668772498,30.493659194940342,26.453522269763365,3418.4146520003756,9.99923566878981,370.65991701749095,1741.0568883505925,194.68465150540476,16.39738977853848,9.009606764218267,3762.0413667432103,1.4304996324886274,42.24019035571897,1962.61237038794,272.9887485334413,23.58732556563424,10.043627054687667,4683.514437735874,7.761083888214184,210.00954741646404,594.5453681290799,114.03976035265039,13.27764404532383,5.537703293629599,5875.0164906513555,2.9572846962117505,62.256088581658396,-999.0,2.333944302788521,3.1332351909783465,0.12734987453897448,0.06221447244936178
24d30m31pt845s-21d55m29pt888s,24.50884583333333,-21.92496888888889,0.8614848083977711,0.35,macs0138m21,3518.5931131651746,142.7417385940219,136.27443962384146,15.100743031606852,5006.731117576843,1.9753976896598542,46.969534120979546,1442.1941162992832,91.2678053948574,31.040391962702657,5.4512004469172055,4958.3985005280065,1.8073074640154128,42.777427416689314,1884.1003098458768,108.22476072563376,92.8753323368299,26.879033335821656,3725.7399960776816,1.7301759639875525,54.06188676425049,3391.4080739271553,161.7515103490482,167.50588232437343,40.17310095804888,3728.5556508504033,1.7301759639875525,54.02143625602745,0.0,0.0,nan,nan,6562.8,1.0,13.853480493619768,1335.8664861672576,64.2141709312911,39.333260929504824,5.4235229717512015,4861.026767581713,0.9629000645836262,17.315550259241295,1130.4694825749527,98.4302171696399,97.89492729054122,30.195096471631306,4339.973779867761,3.610772481033092,103.89841006394693,647.2524376692226,63.23655431193412,28.120488537367493,10.979140622262829,4101.421867550754,1.0103036726767527,22.611323413539587,942.4578795557009,71.03114977410212,82.77485845041498,26.843299272754194,3971.1244612761484,2.023889945529285,60.89539346692197,0.0,0.0,nan,nan,3886.5776228820137,9.99923566878981,326.52642944617054,195.4198782307077,70.83747478518589,17.477275079290838,29.65540626195059,3835.0790426757544,2.284837361001597,72.19464769449829,854.0613831829546,173.96721574076116,44.097652594440866,31.413371840935785,4367.613561386206,6.970525477361738,202.35847120700126,765.6320446596909,89.43728209755801,129.63890979053863,69.36673126160476,3868.933397396478,2.5038281157701103,79.10874460125092,0.0,0.0,nan,nan,6583.45,1.0,13.810026928666252,0.0,0.0,nan,nan,6548.05,1.0,13.88468655302385,0.0,0.0,nan,nan,6716.44,1.0,13.536579167464883,0.0,0.0,nan,nan,6730.82,1.0,13.507659064352907,1511.7834400256888,101.07610309768339,28.98105229605666,12.35282288601477,3424.2320305579556,3.1738353210594936,115.03542216339193,1129.1533475616054,110.32815878642654,178.71541056516247,86.10676303882514,3756.8817350914096,4.274652544378488,142.78198908175415,0.0,0.0,nan,nan,4686.909661111475,0.4999617834394905,nan,0.0,0.0,nan,nan,5875.62,1.0,15.473706908126772,-999.0,-999.0,-999.0,0.871625770059591,1.013832754565831
22d57m55pt32s-13d37m11pt705s,22.96536666666666,-13.619918055555557,0.7342241779195031,0.206,a209,5211.040513823118,152.47400028502145,135.43359618229172,10.823946980330518,5006.831436978444,1.7777986255458917,41.55287545463046,1410.6398224989332,107.60823309383773,163.51681484554754,34.60621675414584,4959.154032380066,0.9702608489100599,17.24886295161129,3690.8257706699333,209.53533048153227,90.56282523875166,25.89690624349618,3726.156713004873,2.0895555319042756,67.27010275515252,5139.523798808006,258.0948737084876,126.36941088895112,31.898480943502673,3729.102023346171,2.0895555319042756,67.21976951657118,0.0,0.0,nan,nan,6562.8,1.0,13.853480493619768,3226.8793806780695,225.77533474448128,764.8252910935462,153.48183230142575,4861.3747006090025,2.661314202848281,67.24128706804836,856.3587093142487,84.64897290869263,9.324141683541376,3.26423830789991,4340.462691308599,1.240631444567678,30.043422380883392,0.0,50.57317815506448,nan,nan,4101.73,1.0,22.16567686891332,59.60574839154971,0.0,1.2741476491633825,0.0,3968.4732331589066,0.4999617834394905,nan,486.7066763179441,21552.548421936855,8.380998471667805,1678.6477683606433,3889.011286072868,0.4999617834394905,nan,0.0,0.0,nan,nan,3835.4125887754844,4.407218117559336,144.43371682503818,1608.3361697940002,209.79043813182435,17.113709554473864,7.8199077192908435,4363.985992011106,4.373701618291356,125.97119935723495,809.641473908157,86.07115667146535,11.230386487299821,5.4700227062179385,3868.525625807364,0.9886349620351536,22.973896951439258,0.0,0.0,nan,nan,6583.45,1.0,13.810026928666252,0.0,0.0,nan,nan,6548.05,1.0,13.88468655302385,0.0,0.0,nan,nan,6716.44,1.0,13.536579167464883,0.0,0.0,nan,nan,6730.82,1.0,13.507659064352907,4616.544637701678,260.2859359833993,124.21184108256642,44.4679210979114,3428.8481211371964,4.437623594017971,162.83754378527908,0.0,0.0,nan,nan,3765.02590717712,3.7057865787724658,123.2156669783754,1664.1511979238364,368.19230208213503,103.34185463063662,69.6682096839899,4695.68,9.99923566878981,271.0131455203778,0.0,0.0,nan,nan,5875.62,1.0,15.473706908126772,0.5796692150123965,-0.0011644416289347606,0.12422707162477836,0.19911648515048877,0.025796458427945645
99d19m52pt384047s-48d28m52pt49613389s,99.33121779083456,-48.48124892608089,0.44378838225385087,0.2026,a3399,5776.485972292028,97.19913695415173,133.52871451274612,6.13705012240239,5006.84272813074,2.060396721571576,49.273998451057906,1813.923828537137,67.56287465544801,31.160693001997817,3.220273002341312,4958.916577821518,1.6253534018910833,37.65954323455836,2668.4367242132007,179.16404021544759,32.4867544302761,10.987025793363697,3726.1050475783804,2.106232343560108,67.87455352190814,4333.922435838017,258.2275725925771,52.861964064815254,15.835504698490944,3728.786328379881,2.106232343560108,67.82376801755929,0.0,0.0,nan,nan,6562.8,1.0,13.853480493619768,1485.149105115385,81.3675570673816,29.012063949179492,4.558743606768067,4861.477969103574,1.875338847456418,45.56240190439763,502.5351347097662,122.50633455434526,5.506876166812297,4.7535479538635546,4340.88767534656,2.003499480065576,55.06121582392588,549.3963883723579,97875505.92819992,5.3724496461076825,3827921.938323943,4099.934208731406,0.5022004463926433,nan,0.0,0.0,nan,nan,3969.687193871607,3.3494338356450806,105.0358159588318,0.0,0.0,nan,nan,3887.902226869273,0.4999617834394905,nan,1262.1336824381967,171.49487256208067,19.59662940484405,12.4848098857186,3832.5264841063567,3.8559237171474767,125.86465376996678,0.0,0.0,nan,nan,4357.950875789293,6.4570471475440145,187.29392678069797,0.0,0.0,nan,nan,3868.953023685533,4.525855757884524,147.14154702440965,0.0,0.0,nan,nan,6583.45,1.0,13.810026928666252,0.0,0.0,nan,nan,6548.05,1.0,13.88468655302385,0.0,0.0,nan,nan,6716.44,1.0,13.536579167464883,0.0,0.0,nan,nan,6730.82,1.0,13.507659064352907,0.0,0.0,nan,nan,3426.8497483555716,4.753040881691511,174.69701696749405,0.0,0.0,nan,nan,3759.6705363228352,2.7669222453021143,90.63777889433197,428.172291777156,59.09677093401409,6.472115821192624,2.730551188875649,4687.366974228147,1.5805397900124136,38.50203397287001,0.0,0.0,nan,nan,5875.418979406242,4.6370378938063705,99.32171708506804,nan,nan,nan,0.09123947674358487,0.09782245056070628
6d51m29pt46s26d06m44pt452s,6.858183333333333,26.112347777777778,0.7041231746722099,0.365,macs0027p26a,34539.96636790406,123.81273232649703,124.11445395928882,1.215215554878378,5006.833855601817,2.1353909198027345,51.29686630468687,12197.36417042927,134.26795258487147,60.02062443028452,1.8331452296956023,4958.961904808246,2.2996001622632907,56.23596559917892,17818.660727691207,230.06989112284123,36.61963583832882,2.381563513372567,3726.159304249496,1.931058133815962,61.492356257780095,23736.880682781037,273.40689449967897,48.87486453091542,2.83016556867616,3728.8744152160043,1.931058133815962,61.446346079235894,0.0,0.0,nan,nan,6562.8,1.0,13.853480493619768,8991.109841957907,124.5933285038712,40.153097510731165,1.5959540640451801,4861.2501443450265,2.085645956151086,51.45137369088957,4565.192947666746,113.38516808288469,12.332211486492342,1.084772899535345,4340.493452849256,1.9924427569274952,54.71496408422398,1645.7618518428244,93.26243764056153,3.1107383101923864,0.7043342868644157,4101.741161802348,1.380029041320858,36.914274647027106,1663.1903397611052,75.93004203019422,3.052191676071209,0.5999080578573994,3970.149238172278,1.2335621589767352,32.57131557518778,954.794726906148,144.35403431179887,1.4809571518753089,1.0130289770488434,3888.539736234904,1.2236720085388666,32.85591214019196,0.0,57.2975990009848,nan,nan,3835.4,1.0,23.704860453545347,273.2303111479826,269.39123376859703,0.6097319112345541,2.1058000619003936,4364.1103775577185,0.4999617834394905,nan,5349.86164196787,150.290694672574,9.27023963312982,1.1930828467840116,3868.6689748719027,2.789164571899456,88.84630398535113,0.0,0.0,nan,nan,6583.45,1.0,13.810026928666252,0.0,0.0,nan,nan,6548.05,1.0,13.88468655302385,0.0,0.0,nan,nan,6716.44,1.0,13.536579167464883,0.0,0.0,nan,nan,6730.82,1.0,13.507659064352907,0.0,0.0,nan,nan,3425.6602704293205,9.177901546600987,340.05733839255686,0.0,0.0,nan,nan,3759.5064740762145,9.99923566878981,337.7342754526394,796.0967414618793,96.60980925981326,2.512153298042266,0.9309183734972699,4690.061443263317,0.7625666049875363,8.21900934643451,0.0,0.0,nan,nan,5875.62,1.0,15.473706908126772,-999.0,,-999.0,0.7172059318282289,0.4104753272139806
7d00m41pt115s-75d37m57pt766s,7.011420833333332,-75.63271277777777,0.798780922619357,0.388,macs0028m75,16104.333103243964,168.6995487590291,121.65463896956048,3.480835869553602,5006.8614064739295,3.2215508675529314,79.95802511431516,3573.477333460031,333.81678911631553,30.485513191271753,7.899941725530636,4959.495408089833,6.016468623299126,153.4118387498361,6875.408854597153,276.5751501509122,42.354319018283014,8.586635667641024,3725.344462685158,2.6678012983698562,87.95904046334596,11797.37409838417,445.40521158661505,72.82233455525108,13.828184760185376,3728.2465397233655,2.6678012983698562,87.89322722406578,0.0,0.0,nan,nan,6562.8,1.0,13.853480493619768,4795.642595022173,219.97900695706863,39.47928257184948,5.194623665593958,4861.048512801766,3.310341285094148,84.73194750544546,967.1018883460221,92.56389309900509,6.026266311004835,2.042415239394002,4340.858767258393,0.9976785831513793,20.85108940932061,18.01219894432359,499.70309341645896,0.049326056535160825,5.469615836153648,4101.065640693767,0.4999617834394905,nan,415.61171048215414,55.35489667019029,1.7057484044004838,0.9793514103356296,3967.995584363477,0.8919212884071606,17.724993769580124,0.0,0.0,nan,nan,3890.901006239525,2.379515401243168,74.44774043752071,398.614962743013,410366.2249196209,2.1746182942098,10462.01373384925,3837.6454408834984,0.4999617834394905,nan,63.247981662888485,380.85412456558157,0.23288472359459944,4.9132654897092864,4363.644357953153,0.4999617834394905,nan,1395.0645774931593,124.03831472583303,4.648342762186894,1.8931346790551957,3868.91721004432,2.1972690812391993,68.53882529390783,0.0,0.0,nan,nan,6583.45,1.0,13.810026928666252,0.0,0.0,nan,nan,6548.05,1.0,13.88468655302385,0.0,0.0,nan,nan,6716.44,1.0,13.536579167464883,0.0,0.0,nan,nan,6730.82,1.0,13.507659064352907,1353.7126623334455,215.1947519878935,28.699976349507413,29.003734755198675,3427.477122086266,3.2001499353045455,116.03774996545079,1845.7486652114685,161.54912309720729,22.63008754947432,9.752283798716073,3759.084946599203,5.74852895412409,193.19144316929115,0.0,0.0,nan,nan,4687.683503610247,4.473365727006995,120.0442586833986,0.0,0.0,nan,nan,5875.62,1.0,15.473706908126772,-999.0,1.9396131331269673,4.540440750913815,1.2387002882133364,0.9084931773884743
6d23m02pt565s-12d23m18pt413s,6.3840458333333325,-12.388448055555555,0.8036834995719337,0.5847,macs0025m12,19841.984501418294,217.67603447589684,120.25437864726786,3.6034008050610637,5006.843831900037,2.481385920350019,60.53219895108545,5217.007131401099,215.65192713286308,72.89292516748854,8.359503244841214,4959.148230506516,2.8132946279626094,69.95424326915908,12162.982772065552,176.25563927231028,55.446635308428746,4.047011324991198,3726.182790194244,2.0263632306947725,64.97401832315782,17341.332798731208,222.6807196422899,79.2060943160254,5.11297906818868,3728.957598179553,2.0263632306947725,64.92540307460155,0.0,0.0,nan,nan,6562.8,1.0,13.853480493619768,3601.504583598539,147.5168601282208,41.37465631733511,4.859695476174459,4861.929079784786,2.2714431959485966,56.59016177039667,2535.098910790089,166.10012234456508,12.73638913101588,2.9554686725663633,4340.472616406107,1.802576409839877,48.72201509503243,388.9922858494145,219.21747522797585,1.0878004766598024,2.4501493518824904,4101.17568343046,0.4999617834394905,nan,581.5298801258477,73.82749814240024,1.7663520752342055,0.9657312789305517,3969.637069366343,0.7746301224624074,10.63805786643182,684.6360796295406,141.77124906676033,1.4341043225802417,1.3432316792235997,3888.9769848295746,2.118310169081701,65.4482950726227,0.0,0.0,nan,nan,3833.1421550492682,1.2825997811712455,35.67426224508192,659.3000716826153,135.57814387627062,2.9550821696778002,2.130776122879629,4361.930681975368,0.9843320212707705,20.192198259259634,3329.648711159997,120.52097671858681,8.062114373913284,1.3365164879183917,3869.137858238953,2.5456380362552076,80.54074094344192,0.0,0.0,nan,nan,6583.45,1.0,13.810026928666252,0.0,0.0,nan,nan,6548.05,1.0,13.88468655302385,0.0,0.0,nan,nan,6716.44,1.0,13.536579167464883,0.0,0.0,nan,nan,6730.82,1.0,13.507659064352907,0.0,0.0,nan,nan,3425.2290983730627,2.307487915272575,81.70552484600518,1762.0403581921119,196.79592085306757,6.181459233476141,3.4025457517032094,3757.6534069835116,7.036016210730454,237.05109152598774,644.0873476090093,101395.32477922148,2.9284010368488436,1409.893971764673,4686.024208463332,0.4999617834394905,nan,0.0,0.0,nan,nan,5875.62,1.0,15.473706908126772,1.6113429084835138,-999.0,,0.536147761488746,0.5508969955844376
82d13m07pt1333634s-39d27m50pt76770368s,82.21864815650078,-39.464102139910395,0.72549449344756,0.2839,rbs653,69370.6782695559,815.2470564077302,119.30406919445474,3.8296337988010003,5006.825798620284,6.446272432634384,162.94166735910463,3475.439156267204,738.0486339705296,6.759664646203489,3.9924227924573246,4951.705576527885,9.99923566878981,256.08064588829484,0.0,0.0,nan,nan,3726.222571073393,4.494292013906946,151.68589141047025,588.0157013493979,74.97133328547685,0.3773124443593472,0.24184969400383777,3728.882207634069,1.3740876504459294,40.37042279733051,0.0,0.0,nan,nan,6562.8,1.0,13.853480493619768,1016.0176433603697,252.19874947145146,1.6335053622172908,1.164250330550462,4858.189323219271,5.554547720785668,144.304614277366,483.3123944952858,771551.0744995665,0.5422914220824202,3063.8952162036153,4341.9487193772875,0.5003397449793953,nan,394.99659603080704,119868.95582181371,0.36377165513731735,440.9942660569401,4102.100600187945,0.5016268505762888,nan,497.45465554805105,107771.96442127765,0.3993664332822101,372.59592951219986,3969.709628855061,0.4999803184748387,nan,194.47317237256806,5.181684100153474e+16,0.15005888835284195,180894137643722.44,3888.572626710943,0.4999617834394905,nan,0.0,0.0,nan,nan,3835.24947934121,3.7203111360244008,121.2842974020451,0.0,0.0,nan,nan,4358.709224749384,7.233950761229387,210.08233803002835,0.0,0.0,nan,nan,3865.704205283555,0.4999617834394905,nan,0.0,0.0,nan,nan,6583.45,1.0,13.810026928666252,0.0,0.0,nan,nan,6548.05,1.0,13.88468655302385,0.0,0.0,nan,nan,6716.44,1.0,13.536579167464883,0.0,0.0,nan,nan,6730.82,1.0,13.507659064352907,5008.840140785482,330.6635376833345,2.2700224297537437,0.952660969969793,3427.4986252769963,6.724250829458592,248.51548878967066,0.0,0.0,nan,nan,3762.357096931333,2.912971610014691,95.7404202989478,121.27721623119596,4.500715342408897e+40,0.16487185437166763,1.8719839726938436e+38,4685.002085703007,0.4999617834394905,nan,0.0,0.0,nan,nan,5875.62,1.0,15.473706908126772,nan,12.011785649291232,,2.2949523039488926,2.7732451731303414
24d59m51pt81s-5d54m55pt49s,24.997724999999996,-5.91541388888889,0.6061822708679105,0.451,macs0140m05,5876.426719889456,85.56182607780028,110.496024981918,4.394417658347537,5006.831042137718,1.770319566025094,41.34591116112782,1732.4190073631746,72.78241698497666,34.68662347420793,4.043698429180598,4958.592126531461,1.0127249892802372,18.788921974735366,3335.83633780285,144.59605733848127,15.42134632830481,3.3669737010485234,3726.1517274320545,1.8385641554407532,58.08840569947834,6707.7658068608625,243.4363952567358,31.066486830435558,5.668508227639977,3728.7801053402286,1.8385641554407532,58.04494244517765,0.0,0.0,nan,nan,6562.8,1.0,13.853480493619768,1908.022876270883,134.0250536222167,33.10868801828805,6.6699099889549505,4861.542194268596,2.7368055729805763,69.28833813909672,0.0,63.95931380565857,nan,nan,4340.46,1.0,20.94654063936261,799.2202295503688,116.23477796373173,9.918322387007258,5.763755175833808,4101.647566558999,2.436792859451146,72.44573827313563,658.8105877191006,84.6116222940685,4.786401235790409,2.6468132556495627,3969.9798929836843,1.3143048302389593,35.671246272534766,416.7616724567744,964313.2735816714,3.3891637282947897,35475.67560008076,3888.733939487175,0.5021598146869728,nan,1165.79470816213,75.84996175045572,13.719432636912092,4.17164607067562,3837.560790756537,1.3669800848736708,38.974171732450586,135.08131365976467,77.04238185745687,1.3992610956989038,2.799916852056714,4360.68679827641,0.4999617834394905,nan,0.0,59.107257696803664,nan,nan,3868.75,1.0,23.500516131444996,0.0,0.0,nan,nan,6583.45,1.0,13.810026928666252,0.0,0.0,nan,nan,6548.05,1.0,13.88468655302385,0.0,0.0,nan,nan,6716.44,1.0,13.536579167464883,0.0,0.0,nan,nan,6730.82,1.0,13.507659064352907,0.0,0.0,nan,nan,3424.190707921951,9.99923566878981,370.65991701749095,1071.6502040485293,88.31978145550208,7.597316827424044,3.086112391002964,3757.5393872553955,1.6385041619356797,50.16055222052563,0.0,0.0,nan,nan,4685.59437412914,6.5776550221797105,177.70028804026134,0.0,0.0,nan,nan,5875.62,1.0,15.473706908126772,-999.0,2.573079725933387,5.175500738785197,0.08541315295828807,0.38899010300069187
34d19m22pt71s-52d46m02pt865s,34.32297499999999,-52.7674625,0.33491412791428266,0.3432,macs0217m52,19272.839255848423,102.05189607542232,105.48884931485476,1.5256977053680485,5006.840998781659,2.3480370514077697,56.98924092189675,6799.332684247034,111.1449562296748,40.869683187346304,1.853629925405322,4958.904183999842,2.3111310529074,56.54666751734681,9089.324486048588,289.91315464090974,23.861265059643657,3.833520931178488,3726.1440064780136,1.9190814942915946,61.05307000293809,15780.246171422594,429.0860983620943,41.50308414048709,5.673804423901386,3728.798928623768,1.9190814942915946,61.00738850978256,12796.431705228282,255.50030952084623,116.50945875350764,4.455872226131193,6562.728114618479,2.790545662109637,52.402294109373614,5645.205741825504,140.105282255626,43.16004126863857,3.072298437807703,4861.336150826273,2.202061348309565,54.677041276144394,3286.4486355764407,133.26266789636597,16.028389425649348,2.3018946223880974,4340.428922678818,2.0581809764634604,56.76980750057008,1086.2393796215792,117.81230229077902,3.8694909127783674,1.6766326304316237,4101.980871877618,1.2356233433847257,31.603565572291373,998.1006115272161,144.09892637539645,5.238471991042481,3.2550755192429586,3970.6595683293435,1.21998657497919,32.04120807709178,0.0,0.0,nan,nan,3889.1342921522782,4.336380693756959,140.09166029775128,0.0,92.2446178993797,nan,nan,3835.4,1.0,23.704860453545347,708.8282401902673,15689617319.551954,2.9742956582288245,230704461.0069418,4363.229895036816,0.4999617834394905,nan,0.0,94.9919969323325,nan,nan,3868.75,1.0,23.500516131444996,0.0,0.0,nan,nan,6582.063783115313,9.99923566878981,192.88987927331783,0.0,0.0,nan,nan,6547.981228966065,9.99923566878981,193.93267853817915,1199.688422623233,170.56184796070605,9.341795906736591,2.4842479821238808,6716.287999775661,2.2104939786728126,39.743553147781384,851.3032127402911,205.150848902241,6.652071659960183,2.992027528828043,6730.616977530867,2.266799984374809,40.77987739021991,0.0,0.0,nan,nan,3426.0,1.0,26.53754284399528,3094.4485495706044,225.63006524977652,11.044318277756219,3.967412572909333,3758.1857665499515,2.9443066679981915,96.83306793678283,1956.7871134700783,427.3210451938906,10.379559633929386,6.918453297987211,4691.207687944317,9.99923566878981,271.0131455203778,0.0,49.39013583702934,nan,nan,5875.62,1.0,15.473706908126772,-999.0,-999.0,-999.0,0.31013486111875466,0.47767143522082445
